,gw,match_no,team,opponent_team,kickoff_time,player,position,price,play_proba,short_name,was_home,relative_market_value_team,relative_market_value_opponent_team,season
0,38,0,Arsenal,Everton,2022-05-22T15:00:00Z,Bernd Leno,1,4.5,1.0,Leno,True,,,2122
1,38,0,Arsenal,Everton,2022-05-22T15:00:00Z,Rúnar Alex Rúnarsson,1,4.0,0.0,Rúnarsson,True,,,2122
2,38,0,Arsenal,Everton,2022-05-22T15:00:00Z,Willian Borges Da Silva,3,6.3,0.0,Willian,True,,,2122
3,38,0,Arsenal,Everton,2022-05-22T15:00:00Z,Pierre-Emerick Aubameyang,4,9.6,0.0,Aubameyang,True,,,2122
4,38,0,Arsenal,Everton,2022-05-22T15:00:00Z,Cédric Soares,2,4.2,1.0,Cédric,True,,,2122
5,38,0,Arsenal,Everton,2022-05-22T15:00:00Z,Alexandre Lacazette,4,8.1,1.0,Lacazette,True,,,2122
6,38,0,Arsenal,Everton,2022-05-22T15:00:00Z,Granit Xhaka,3,4.8,1.0,Xhaka,True,,,2122
7,38,0,Arsenal,Everton,2022-05-22T15:00:00Z,Pablo Marí,2,4.2,0.0,Marí,True,,,2122
8,38,0,Arsenal,Everton,2022-05-22T15:00:00Z,Héctor Bellerín,2,4.8,0.0,Bellerín,True,,,2122
9,38,0,Arsenal,Everton,2022-05-22T15:00:00Z,Sead Kolasinac,2,4.2,0.0,Kolasinac,True,,,2122
10,38,0,Arsenal,Everton,2022-05-22T15:00:00Z,Mohamed Naser El Sayed Elneny,3,4.4,1.0,Elneny,True,,,2122
11,38,0,Arsenal,Everton,2022-05-22T15:00:00Z,Ainsley Maitland-Niles,3,5.2,0.0,Maitland-Niles,True,,,2122
12,38,0,Arsenal,Everton,2022-05-22T15:00:00Z,Rob Holding,2,4.1,1.0,Holding,True,,,2122
13,38,0,Arsenal,Everton,2022-05-22T15:00:00Z,Thomas Partey,3,5.0,0.0,Partey,True,,,2122
14,38,0,Arsenal,Everton,2022-05-22T15:00:00Z,Kieran Tierney,2,4.9,0.0,Tierney,True,,,2122
15,38,0,Arsenal,Everton,2022-05-22T15:00:00Z,Nicolas Pépé,3,6.9,1.0,Pépé,True,,,2122
16,38,0,Arsenal,Everton,2022-05-22T15:00:00Z,Lucas Torreira,3,4.5,0.0,Torreira,True,,,2122
17,38,0,Arsenal,Everton,2022-05-22T15:00:00Z,Edward Nketiah,4,5.7,1.0,Nketiah,True,,,2122
18,38,0,Arsenal,Everton,2022-05-22T15:00:00Z,Emile Smith Rowe,3,5.7,1.0,Smith Rowe,True,,,2122
19,38,0,Arsenal,Everton,2022-05-22T15:00:00Z,Bukayo Saka,3,6.7,1.0,Saka,True,,,2122
20,38,0,Arsenal,Everton,2022-05-22T15:00:00Z,Gabriel Magalhães,2,5.3,1.0,Gabriel,True,,,2122
21,38,0,Arsenal,Everton,2022-05-22T15:00:00Z,Konstantinos Mavropanos,2,4.5,0.0,Mavropanos,True,,,2122
22,38,0,Arsenal,Everton,2022-05-22T15:00:00Z,Mattéo Guendouzi,3,4.5,0.0,Guendouzi,True,,,2122
23,38,0,Arsenal,Everton,2022-05-22T15:00:00Z,Gabriel Teodoro Martinelli Silva,3,5.3,1.0,Martinelli,True,,,2122
24,38,0,Arsenal,Everton,2022-05-22T15:00:00Z,William Saliba,2,4.5,0.0,Saliba,True,,,2122
25,38,0,Arsenal,Everton,2022-05-22T15:00:00Z,Ben White,2,4.6,1.0,White,True,,,2122
26,38,0,Arsenal,Everton,2022-05-22T15:00:00Z,Nuno Varela Tavares,2,4.3,1.0,Tavares,True,,,2122
27,38,0,Arsenal,Everton,2022-05-22T15:00:00Z,Albert Sambi Lokonga,3,4.8,1.0,Sambi Lokonga,True,,,2122
28,38,0,Arsenal,Everton,2022-05-22T15:00:00Z,Folarin Balogun,4,4.7,0.0,Balogun,True,,,2122
29,38,0,Arsenal,Everton,2022-05-22T15:00:00Z,Reiss Nelson,3,5.0,0.0,Nelson,True,,,2122
30,38,0,Arsenal,Everton,2022-05-22T15:00:00Z,Karl Hein,1,4.0,0.0,Hein,True,,,2122
31,38,0,Arsenal,Everton,2022-05-22T15:00:00Z,Martin Ødegaard,3,5.6,1.0,Ødegaard,True,,,2122
32,38,0,Arsenal,Everton,2022-05-22T15:00:00Z,Aaron Ramsdale,1,5.1,1.0,Ramsdale,True,,,2122
33,38,0,Arsenal,Everton,2022-05-22T15:00:00Z,Arthur Okonkwo,1,3.9,1.0,Okonkwo,True,,,2122
34,38,0,Arsenal,Everton,2022-05-22T15:00:00Z,Takehiro Tomiyasu,2,4.5,0.75,Tomiyasu,True,,,2122
35,38,0,Arsenal,Everton,2022-05-22T15:00:00Z,Charlie Patino,3,4.5,1.0,Patino,True,,,2122
36,38,0,Arsenal,Everton,2022-05-22T15:00:00Z,Omari Hutchinson,3,4.5,1.0,Hutchinson,True,,,2122
37,38,0,Arsenal,Everton,2022-05-22T15:00:00Z,Salah-Eddine Oulad M'hand,3,4.5,1.0,Oulad M'hand,True,,,2122
38,38,0,Arsenal,Everton,2022-05-22T15:00:00Z,Mika Biereth,4,4.5,1.0,Biereth,True,,,2122
39,38,0,Arsenal,Everton,2022-05-22T15:00:00Z,Ryan Alebiosu,2,4.0,0.0,Alebiosu,True,,,2122
40,38,0,Arsenal,Everton,2022-05-22T15:00:00Z,Zach Awe,2,4.0,1.0,Awe,True,,,2122
41,38,0,Arsenal,Everton,2022-05-22T15:00:00Z,Zak Swanson,2,4.0,1.0,Swanson,True,,,2122
42,38,0,Arsenal,Everton,2022-05-22T15:00:00Z,Mazeed Ogungbo,2,4.0,1.0,Ogungbo,True,,,2122
43,38,0,Arsenal,Everton,2022-05-22T15:00:00Z,Marcelo Flores,3,4.5,1.0,Flores,True,,,2122
44,38,0,Arsenal,Everton,2022-05-22T15:00:00Z,Miguel Azeez,3,4.5,1.0,Azeez,True,,,2122
45,38,0,Arsenal,Everton,2022-05-22T15:00:00Z,Alex Kirk,2,4.0,1.0,Kirk,True,,,2122
46,38,1,Brentford,Leeds,2022-05-22T15:00:00Z,Pontus Jansson,2,4.5,1.0,Jansson,True,,,2122
47,38,1,Brentford,Leeds,2022-05-22T15:00:00Z,Christian Nørgaard,3,5.0,1.0,Nørgaard,True,,,2122
48,38,1,Brentford,Leeds,2022-05-22T15:00:00Z,Ivan Toney,4,6.8,1.0,Toney,True,,,2122
49,38,1,Brentford,Leeds,2022-05-22T15:00:00Z,Tariqe Fosu-Henry,3,5.1,1.0,Fosu,True,,,2122
50,38,1,Brentford,Leeds,2022-05-22T15:00:00Z,David Raya Martin,1,4.3,1.0,Raya,True,,,2122
51,38,1,Brentford,Leeds,2022-05-22T15:00:00Z,Sergi Canós,3,5.5,1.0,Canós,True,,,2122
52,38,1,Brentford,Leeds,2022-05-22T15:00:00Z,Pelenda Joshua Dasilva,3,5.3,1.0,Dasilva,True,,,2122
53,38,1,Brentford,Leeds,2022-05-22T15:00:00Z,Rico Henry,2,4.5,1.0,Henry,True,,,2122
54,38,1,Brentford,Leeds,2022-05-22T15:00:00Z,Vitaly Janelt,3,4.9,1.0,Janelt,True,,,2122
55,38,1,Brentford,Leeds,2022-05-22T15:00:00Z,Saman Ghoddos,3,5.2,0.0,Ghoddos,True,,,2122
56,38,1,Brentford,Leeds,2022-05-22T15:00:00Z,Mathias Jensen,3,4.9,1.0,Jensen,True,,,2122
57,38,1,Brentford,Leeds,2022-05-22T15:00:00Z,Charlie Goode,2,3.9,0.0,Goode,True,,,2122
58,38,1,Brentford,Leeds,2022-05-22T15:00:00Z,Marcus Forss,4,5.3,0.0,Forss,True,,,2122
59,38,1,Brentford,Leeds,2022-05-22T15:00:00Z,Mads Roerslev Rasmussen,2,4.1,1.0,Roerslev,True,,,2122
60,38,1,Brentford,Leeds,2022-05-22T15:00:00Z,Mads Bech Sørensen,2,4.3,1.0,Sørensen,True,,,2122
61,38,1,Brentford,Leeds,2022-05-22T15:00:00Z,Ethan Pinnock,2,4.4,0.0,Pinnock,True,,,2122
62,38,1,Brentford,Leeds,2022-05-22T15:00:00Z,Ellery Balcombe,1,4.0,0.0,Balcombe,True,,,2122
63,38,1,Brentford,Leeds,2022-05-22T15:00:00Z,Jan Zamburek,3,4.4,0.0,Zamburek,True,,,2122
64,38,1,Brentford,Leeds,2022-05-22T15:00:00Z,Patrik Gunnarsson,1,3.9,0.0,Gunnarsson,True,,,2122
65,38,1,Brentford,Leeds,2022-05-22T15:00:00Z,Halil Dervişoğlu,4,5.4,0.0,Dervişoğlu,True,,,2122
66,38,1,Brentford,Leeds,2022-05-22T15:00:00Z,Bryan Mbeumo,3,5.2,1.0,Mbeumo,True,,,2122
67,38,1,Brentford,Leeds,2022-05-22T15:00:00Z,Mads Bidstrup,3,4.4,0.0,Bidstrup,True,,,2122
68,38,1,Brentford,Leeds,2022-05-22T15:00:00Z,Frank Onyeka,3,4.9,0.75,Onyeka,True,,,2122
69,38,1,Brentford,Leeds,2022-05-22T15:00:00Z,Kristoffer Ajer,2,4.4,1.0,Ajer,True,,,2122
70,38,1,Brentford,Leeds,2022-05-22T15:00:00Z,Dominic Thompson,2,4.4,0.0,Thompson,True,,,2122
71,38,1,Brentford,Leeds,2022-05-22T15:00:00Z,Shandon Baptiste,3,4.9,1.0,Baptiste,True,,,2122
72,38,1,Brentford,Leeds,2022-05-22T15:00:00Z,Yoane Wissa,3,5.7,1.0,Wissa,True,,,2122
73,38,1,Brentford,Leeds,2022-05-22T15:00:00Z,Álvaro Fernández,1,4.5,1.0,Fernández,True,,,2122
74,38,1,Brentford,Leeds,2022-05-22T15:00:00Z,Finley Stevens,2,3.9,1.0,Stevens,True,,,2122
75,38,1,Brentford,Leeds,2022-05-22T15:00:00Z,Mathias Jorgensen,2,4.5,0.0,Zanka,True,,,2122
76,38,1,Brentford,Leeds,2022-05-22T15:00:00Z,Paris Maghoma,3,4.5,1.0,Maghoma,True,,,2122
77,38,1,Brentford,Leeds,2022-05-22T15:00:00Z,Matthew Cox,1,4.0,1.0,Cox,True,,,2122
78,38,1,Brentford,Leeds,2022-05-22T15:00:00Z,Maxwell Haygarth,3,4.5,1.0,Haygarth,True,,,2122
79,38,1,Brentford,Leeds,2022-05-22T15:00:00Z,Nathan Young-Coombes,4,4.5,1.0,Young-Coombes,True,,,2122
80,38,1,Brentford,Leeds,2022-05-22T15:00:00Z,Myles Peart-Harris,3,4.5,1.0,Peart-Harris,True,,,2122
81,38,1,Brentford,Leeds,2022-05-22T15:00:00Z,Jonas Lössl,1,4.5,1.0,Lössl,True,,,2122
82,38,1,Brentford,Leeds,2022-05-22T15:00:00Z,Christian Eriksen,3,5.6,1.0,Eriksen,True,,,2122
83,38,1,Brentford,Leeds,2022-05-22T15:00:00Z,Julian Jeanvier,2,4.0,1.0,Jeanvier,True,,,2122
84,38,2,Brighton and Hove Albion,West Ham United,2022-05-22T15:00:00Z,Adam Lallana,3,5.3,1.0,Lallana,True,,,2122
85,38,2,Brighton and Hove Albion,West Ham United,2022-05-22T15:00:00Z,Jason Steele,1,3.9,1.0,Steele,True,,,2122
86,38,2,Brighton and Hove Albion,West Ham United,2022-05-22T15:00:00Z,Pascal Groß,3,5.6,1.0,Groß,True,,,2122
87,38,2,Brighton and Hove Albion,West Ham United,2022-05-22T15:00:00Z,Shane Duffy,2,4.0,1.0,Duffy,True,,,2122
88,38,2,Brighton and Hove Albion,West Ham United,2022-05-22T15:00:00Z,Davy Pröpper,3,4.5,0.0,Pröpper,True,,,2122
89,38,2,Brighton and Hove Albion,West Ham United,2022-05-22T15:00:00Z,Lewis Dunk,2,4.8,1.0,Dunk,True,,,2122
90,38,2,Brighton and Hove Albion,West Ham United,2022-05-22T15:00:00Z,Solomon March,3,5.3,1.0,March,True,,,2122
91,38,2,Brighton and Hove Albion,West Ham United,2022-05-22T15:00:00Z,Adam Webster,2,4.3,1.0,Webster,True,,,2122
92,38,2,Brighton and Hove Albion,West Ham United,2022-05-22T15:00:00Z,Joël Veltman,2,4.2,1.0,Veltman,True,,,2122
93,38,2,Brighton and Hove Albion,West Ham United,2022-05-22T15:00:00Z,Neal Maupay,4,6.2,1.0,Maupay,True,,,2122
94,38,2,Brighton and Hove Albion,West Ham United,2022-05-22T15:00:00Z,Leandro Trossard,3,5.9,1.0,Trossard,True,,,2122
95,38,2,Brighton and Hove Albion,West Ham United,2022-05-22T15:00:00Z,Mathew Ryan,1,4.5,0.0,Ryan,True,,,2122
96,38,2,Brighton and Hove Albion,West Ham United,2022-05-22T15:00:00Z,Alireza Jahanbakhsh,3,5.5,0.0,Jahanbakhsh,True,,,2122
97,38,2,Brighton and Hove Albion,West Ham United,2022-05-22T15:00:00Z,Bernardo Fernandes Da Silva Junior,2,4.0,0.0,Bernardo,True,,,2122
98,38,2,Brighton and Hove Albion,West Ham United,2022-05-22T15:00:00Z,Robert Sánchez,1,4.5,1.0,Sánchez,True,,,2122
99,38,2,Brighton and Hove Albion,West Ham United,2022-05-22T15:00:00Z,Yves Bissouma,3,4.4,1.0,Bissouma,True,,,2122
100,38,2,Brighton and Hove Albion,West Ham United,2022-05-22T15:00:00Z,Tariq Lamptey,2,4.5,1.0,Lamptey,True,,,2122
101,38,2,Brighton and Hove Albion,West Ham United,2022-05-22T15:00:00Z,Aaron Connolly,4,5.3,0.0,Connolly,True,,,2122
102,38,2,Brighton and Hove Albion,West Ham United,2022-05-22T15:00:00Z,Steven Alzate,3,4.8,1.0,Alzate,True,,,2122
103,38,2,Brighton and Hove Albion,West Ham United,2022-05-22T15:00:00Z,Alexis Mac Allister,3,5.1,1.0,Mac Allister,True,,,2122
104,38,2,Brighton and Hove Albion,West Ham United,2022-05-22T15:00:00Z,Jakub Moder,3,4.5,0.0,Moder,True,,,2122
105,38,2,Brighton and Hove Albion,West Ham United,2022-05-22T15:00:00Z,Danny Welbeck,4,5.9,1.0,Welbeck,True,,,2122
106,38,2,Brighton and Hove Albion,West Ham United,2022-05-22T15:00:00Z,Enock Mwepu,3,5.9,0.5,Mwepu,True,,,2122
107,38,2,Brighton and Hove Albion,West Ham United,2022-05-22T15:00:00Z,Kjell Scherpen,1,4.5,0.0,Scherpen,True,,,2122
108,38,2,Brighton and Hove Albion,West Ham United,2022-05-22T15:00:00Z,Florin Andone,4,5.0,0.0,Andone,True,,,2122
109,38,2,Brighton and Hove Albion,West Ham United,2022-05-22T15:00:00Z,Andi Zeqiri,4,4.5,0.0,Zeqiri,True,,,2122
110,38,2,Brighton and Hove Albion,West Ham United,2022-05-22T15:00:00Z,Michal Karbownik,2,4.0,0.0,Karbownik,True,,,2122
111,38,2,Brighton and Hove Albion,West Ham United,2022-05-22T15:00:00Z,Taylor Richards,3,4.5,0.0,Richards,True,,,2122
112,38,2,Brighton and Hove Albion,West Ham United,2022-05-22T15:00:00Z,Moisés Caicedo,3,4.5,1.0,Caicedo,True,,,2122
113,38,2,Brighton and Hove Albion,West Ham United,2022-05-22T15:00:00Z,Haydon Roberts,2,3.9,1.0,Roberts,True,,,2122
114,38,2,Brighton and Hove Albion,West Ham United,2022-05-22T15:00:00Z,Marc Cucurella,2,4.9,1.0,Cucurella,True,,,2122
115,38,2,Brighton and Hove Albion,West Ham United,2022-05-22T15:00:00Z,Jürgen Locadia,4,4.4,0.0,Locadia,True,,,2122
116,38,2,Brighton and Hove Albion,West Ham United,2022-05-22T15:00:00Z,Jeremy Sarmiento,3,4.5,0.5,Sarmiento,True,,,2122
117,38,2,Brighton and Hove Albion,West Ham United,2022-05-22T15:00:00Z,Ed Turns,2,4.0,1.0,Turns,True,,,2122
118,38,2,Brighton and Hove Albion,West Ham United,2022-05-22T15:00:00Z,Marc Leonard,3,4.5,1.0,Leonard,True,,,2122
119,38,2,Brighton and Hove Albion,West Ham United,2022-05-22T15:00:00Z,Evan Ferguson,4,4.5,1.0,Ferguson,True,,,2122
120,38,2,Brighton and Hove Albion,West Ham United,2022-05-22T15:00:00Z,Thomas McGill,1,4.0,1.0,McGill,True,,,2122
121,38,2,Brighton and Hove Albion,West Ham United,2022-05-22T15:00:00Z,Odeluga Offiah,2,4.0,1.0,Offiah,True,,,2122
122,38,3,Burnley,Newcastle United,2022-05-22T15:00:00Z,James Tarkowski,2,4.9,1.0,Tarkowski,True,,,2122
123,38,3,Burnley,Newcastle United,2022-05-22T15:00:00Z,Phil Bardsley,2,3.9,1.0,Bardsley,True,,,2122
124,38,3,Burnley,Newcastle United,2022-05-22T15:00:00Z,Erik Pieters,2,4.1,0.5,Pieters,True,,,2122
125,38,3,Burnley,Newcastle United,2022-05-22T15:00:00Z,Jack Cork,3,4.4,1.0,Cork,True,,,2122
126,38,3,Burnley,Newcastle United,2022-05-22T15:00:00Z,Dale Stephens,3,4.4,1.0,Stephens,True,,,2122
127,38,3,Burnley,Newcastle United,2022-05-22T15:00:00Z,Kevin Long,2,4.0,1.0,Long,True,,,2122
128,38,3,Burnley,Newcastle United,2022-05-22T15:00:00Z,Jay Rodriguez,4,5.1,0.5,Rodriguez,True,,,2122
129,38,3,Burnley,Newcastle United,2022-05-22T15:00:00Z,Ashley Barnes,4,5.2,1.0,Barnes,True,,,2122
130,38,3,Burnley,Newcastle United,2022-05-22T15:00:00Z,Ben Mee,2,4.6,0.25,Mee,True,,,2122
131,38,3,Burnley,Newcastle United,2022-05-22T15:00:00Z,Ashley Westwood,3,5.2,0.0,Westwood,True,,,2122
132,38,3,Burnley,Newcastle United,2022-05-22T15:00:00Z,Johann Berg Gudmundsson,3,5.4,0.0,Gudmundsson,True,,,2122
133,38,3,Burnley,Newcastle United,2022-05-22T15:00:00Z,Matthew Lowton,2,4.4,0.0,Lowton,True,,,2122
134,38,3,Burnley,Newcastle United,2022-05-22T15:00:00Z,Matej Vydra,4,5.2,0.0,Vydra,True,,,2122
135,38,3,Burnley,Newcastle United,2022-05-22T15:00:00Z,Nick Pope,1,5.3,1.0,Pope,True,,,2122
136,38,3,Burnley,Newcastle United,2022-05-22T15:00:00Z,Charlie Taylor,2,4.4,1.0,Taylor,True,,,2122
137,38,3,Burnley,Newcastle United,2022-05-22T15:00:00Z,Will Norris,1,4.3,1.0,Norris,True,,,2122
138,38,3,Burnley,Newcastle United,2022-05-22T15:00:00Z,Josh Brownhill,3,4.3,1.0,Brownhill,True,,,2122
139,38,3,Burnley,Newcastle United,2022-05-22T15:00:00Z,Josh Benson,3,4.5,0.0,Benson,True,,,2122
140,38,3,Burnley,Newcastle United,2022-05-22T15:00:00Z,Bailey Peacock-Farrell,1,4.5,0.0,Peacock-Farrell,True,,,2122
141,38,3,Burnley,Newcastle United,2022-05-22T15:00:00Z,Dwight McNeil,3,5.5,1.0,McNeil,True,,,2122
142,38,3,Burnley,Newcastle United,2022-05-22T15:00:00Z,Nathan Collins,2,4.3,1.0,Collins,True,,,2122
143,38,3,Burnley,Newcastle United,2022-05-22T15:00:00Z,Wayne Hennessey,1,4.5,1.0,Hennessey,True,,,2122
144,38,3,Burnley,Newcastle United,2022-05-22T15:00:00Z,Lewis Richardson,4,4.4,1.0,Richardson,True,,,2122
145,38,3,Burnley,Newcastle United,2022-05-22T15:00:00Z,Bobby Thomas,2,3.9,1.0,Thomas,True,,,2122
146,38,3,Burnley,Newcastle United,2022-05-22T15:00:00Z,Owen Dodgson,2,3.9,1.0,Dodgson,True,,,2122
147,38,3,Burnley,Newcastle United,2022-05-22T15:00:00Z,Aaron Lennon,3,4.6,1.0,Lennon,True,,,2122
148,38,3,Burnley,Newcastle United,2022-05-22T15:00:00Z,Maxwel Cornet,3,5.8,1.0,Cornet,True,,,2122
149,38,3,Burnley,Newcastle United,2022-05-22T15:00:00Z,Connor Roberts,2,4.4,1.0,Roberts,True,,,2122
150,38,3,Burnley,Newcastle United,2022-05-22T15:00:00Z,Wout Weghorst,4,6.3,1.0,Weghorst,True,,,2122
151,38,3,Burnley,Newcastle United,2022-05-22T15:00:00Z,Sam Waller,1,4.0,1.0,Waller,True,,,2122
152,38,3,Burnley,Newcastle United,2022-05-22T15:00:00Z,Dara Costelloe,3,4.5,1.0,Costelloe,True,,,2122
153,38,3,Burnley,Newcastle United,2022-05-22T15:00:00Z,Joseph McGlynn,4,4.5,1.0,McGlynn,True,,,2122
154,38,3,Burnley,Newcastle United,2022-05-22T15:00:00Z,Anthony Mancini,3,4.5,1.0,Mancini,True,,,2122
155,38,4,Chelsea,Watford,2022-05-22T15:00:00Z,César Azpilicueta,2,5.6,1.0,Azpilicueta,True,,,2122
156,38,4,Chelsea,Watford,2022-05-22T15:00:00Z,Olivier Giroud,4,6.5,0.0,Giroud,True,,,2122
157,38,4,Chelsea,Watford,2022-05-22T15:00:00Z,Thiago Emiliano da Silva,2,5.6,1.0,Thiago Silva,True,,,2122
158,38,4,Chelsea,Watford,2022-05-22T15:00:00Z,Marcos Alonso,2,5.7,1.0,Alonso,True,,,2122
159,38,4,Chelsea,Watford,2022-05-22T15:00:00Z,Jorge Luiz Frello Filho,3,5.7,1.0,Jorginho,True,,,2122
160,38,4,Chelsea,Watford,2022-05-22T15:00:00Z,Ross Barkley,3,5.2,1.0,Barkley,True,,,2122
161,38,4,Chelsea,Watford,2022-05-22T15:00:00Z,Mateo Kovacic,3,4.9,0.5,Kovacic,True,,,2122
162,38,4,Chelsea,Watford,2022-05-22T15:00:00Z,Michy Batshuayi,4,5.5,0.0,Batshuayi,True,,,2122
163,38,4,Chelsea,Watford,2022-05-22T15:00:00Z,Antonio Rüdiger,2,6.1,1.0,Rüdiger,True,,,2122
164,38,4,Chelsea,Watford,2022-05-22T15:00:00Z,Kepa Arrizabalaga,1,4.5,1.0,Arrizabalaga,True,,,2122
165,38,4,Chelsea,Watford,2022-05-22T15:00:00Z,N'Golo Kanté,3,4.9,1.0,Kanté,True,,,2122
166,38,4,Chelsea,Watford,2022-05-22T15:00:00Z,Hakim Ziyech,3,7.3,1.0,Ziyech,True,,,2122
167,38,4,Chelsea,Watford,2022-05-22T15:00:00Z,Ruben Loftus-Cheek,3,5.4,1.0,Loftus-Cheek,True,,,2122
168,38,4,Chelsea,Watford,2022-05-22T15:00:00Z,Andreas Christensen,2,4.6,0.25,Christensen,True,,,2122
169,38,4,Chelsea,Watford,2022-05-22T15:00:00Z,Timo Werner,4,8.6,0.5,Werner,True,,,2122
170,38,4,Chelsea,Watford,2022-05-22T15:00:00Z,Benjamin Chilwell,2,5.6,0.0,Chilwell,True,,,2122
171,38,4,Chelsea,Watford,2022-05-22T15:00:00Z,Tammy Abraham,4,6.5,0.0,Abraham,True,,,2122
172,38,4,Chelsea,Watford,2022-05-22T15:00:00Z,Christian Pulisic,3,7.9,1.0,Pulisic,True,,,2122
173,38,4,Chelsea,Watford,2022-05-22T15:00:00Z,Mason Mount,3,7.7,1.0,Mount,True,,,2122
174,38,4,Chelsea,Watford,2022-05-22T15:00:00Z,Ethan Ampadu,2,4.5,0.0,Ampadu,True,,,2122
175,38,4,Chelsea,Watford,2022-05-22T15:00:00Z,Callum Hudson-Odoi,3,5.3,0.0,Hudson-Odoi,True,,,2122
176,38,4,Chelsea,Watford,2022-05-22T15:00:00Z,Kai Havertz,3,7.9,1.0,Havertz,True,,,2122
177,38,4,Chelsea,Watford,2022-05-22T15:00:00Z,Reece James,2,6.4,1.0,James,True,,,2122
178,38,4,Chelsea,Watford,2022-05-22T15:00:00Z,Edouard Mendy,1,6.1,1.0,Mendy,True,,,2122
179,38,4,Chelsea,Watford,2022-05-22T15:00:00Z,Malang Sarr,2,4.9,1.0,Sarr,True,,,2122
180,38,4,Chelsea,Watford,2022-05-22T15:00:00Z,Trevoh Chalobah,2,4.7,1.0,Chalobah,True,,,2122
181,38,4,Chelsea,Watford,2022-05-22T15:00:00Z,Romelu Lukaku,4,11.4,1.0,Lukaku,True,,,2122
182,38,4,Chelsea,Watford,2022-05-22T15:00:00Z,Emerson Palmieri dos Santos,2,4.5,0.0,Emerson,True,,,2122
183,38,4,Chelsea,Watford,2022-05-22T15:00:00Z,Saúl Ñíguez,3,4.9,1.0,Saúl,True,,,2122
184,38,4,Chelsea,Watford,2022-05-22T15:00:00Z,Marcus Bettinelli,1,4.0,1.0,Bettinelli,True,,,2122
185,38,4,Chelsea,Watford,2022-05-22T15:00:00Z,Lewis Hall,3,4.5,1.0,Hall,True,,,2122
186,38,4,Chelsea,Watford,2022-05-22T15:00:00Z,Harvey Vale,3,4.5,1.0,Vale,True,,,2122
187,38,4,Chelsea,Watford,2022-05-22T15:00:00Z,Robert Kenedy Nunes do Nascimento,2,4.5,1.0,Kenedy,True,,,2122
188,38,5,Crystal Palace,Manchester United,2022-05-22T15:00:00Z,Conor Gallagher,3,6.0,1.0,Gallagher,True,,,2122
189,38,5,Crystal Palace,Manchester United,2022-05-22T15:00:00Z,Vicente Guaita,1,4.6,1.0,Guaita,True,,,2122
190,38,5,Crystal Palace,Manchester United,2022-05-22T15:00:00Z,James Tomkins,2,4.3,0.25,Tomkins,True,,,2122
191,38,5,Crystal Palace,Manchester United,2022-05-22T15:00:00Z,James McArthur,3,4.3,0.25,McArthur,True,,,2122
192,38,5,Crystal Palace,Manchester United,2022-05-22T15:00:00Z,Christian Benteke,4,5.9,1.0,Benteke,True,,,2122
193,38,5,Crystal Palace,Manchester United,2022-05-22T15:00:00Z,Cheikhou Kouyaté,2,4.5,1.0,Kouyaté,True,,,2122
194,38,5,Crystal Palace,Manchester United,2022-05-22T15:00:00Z,Martin Kelly,2,3.8,1.0,Kelly,True,,,2122
195,38,5,Crystal Palace,Manchester United,2022-05-22T15:00:00Z,Luka Milivojevic,3,5.2,1.0,Milivojevic,True,,,2122
196,38,5,Crystal Palace,Manchester United,2022-05-22T15:00:00Z,Jordan Ayew,4,5.8,1.0,Ayew,True,,,2122
197,38,5,Crystal Palace,Manchester United,2022-05-22T15:00:00Z,Wilfried Zaha,3,6.9,1.0,Zaha,True,,,2122
198,38,5,Crystal Palace,Manchester United,2022-05-22T15:00:00Z,Jeffrey Schlupp,3,5.4,1.0,Schlupp,True,,,2122
199,38,5,Crystal Palace,Manchester United,2022-05-22T15:00:00Z,Jack Butland,1,4.4,1.0,Butland,True,,,2122
200,38,5,Crystal Palace,Manchester United,2022-05-22T15:00:00Z,Jairo Riedewald,3,4.7,1.0,Riedewald,True,,,2122
201,38,5,Crystal Palace,Manchester United,2022-05-22T15:00:00Z,Jarosław Jach,2,4.2,1.0,Jach,True,,,2122
202,38,5,Crystal Palace,Manchester United,2022-05-22T15:00:00Z,Jean-Philippe Mateta,4,5.3,1.0,Mateta,True,,,2122
203,38,5,Crystal Palace,Manchester United,2022-05-22T15:00:00Z,Eberechi Eze,3,5.9,1.0,Eze,True,,,2122
204,38,5,Crystal Palace,Manchester United,2022-05-22T15:00:00Z,Nathan Ferguson,2,4.5,0.0,Ferguson,True,,,2122
205,38,5,Crystal Palace,Manchester United,2022-05-22T15:00:00Z,Tyrick Mitchell,2,4.5,1.0,Mitchell,True,,,2122
206,38,5,Crystal Palace,Manchester United,2022-05-22T15:00:00Z,Will Hughes,3,4.7,1.0,Hughes,True,,,2122
207,38,5,Crystal Palace,Manchester United,2022-05-22T15:00:00Z,Michael Olise,3,5.3,0.0,Olise,True,,,2122
208,38,5,Crystal Palace,Manchester United,2022-05-22T15:00:00Z,Joel Ward,2,4.5,1.0,Ward,True,,,2122
209,38,5,Crystal Palace,Manchester United,2022-05-22T15:00:00Z,Marc Guéhi,2,4.5,1.0,Guéhi,True,,,2122
210,38,5,Crystal Palace,Manchester United,2022-05-22T15:00:00Z,Joachim Andersen,2,4.7,1.0,Andersen,True,,,2122
211,38,5,Crystal Palace,Manchester United,2022-05-22T15:00:00Z,Nathaniel Clyne,2,4.3,1.0,Clyne,True,,,2122
212,38,5,Crystal Palace,Manchester United,2022-05-22T15:00:00Z,Reece Hannam,2,3.9,1.0,Hannam,True,,,2122
213,38,5,Crystal Palace,Manchester United,2022-05-22T15:00:00Z,Jesurun Rak-Sakyi,3,4.4,1.0,Rak-Sakyi,True,,,2122
214,38,5,Crystal Palace,Manchester United,2022-05-22T15:00:00Z,Robert Street,4,4.5,0.0,Street,True,,,2122
215,38,5,Crystal Palace,Manchester United,2022-05-22T15:00:00Z,Scott Banks,3,4.5,1.0,Banks,True,,,2122
216,38,5,Crystal Palace,Manchester United,2022-05-22T15:00:00Z,Remi Matthews,1,3.9,1.0,Matthews,True,,,2122
217,38,5,Crystal Palace,Manchester United,2022-05-22T15:00:00Z,Odsonne Edouard,4,6.0,1.0,Edouard,True,,,2122
218,38,5,Crystal Palace,Manchester United,2022-05-22T15:00:00Z,Tayo Adaramola,2,4.0,1.0,Adaramola,True,,,2122
219,38,6,Leicester City,Southampton,2022-05-22T15:00:00Z,Kasper Schmeichel,1,5.0,1.0,Schmeichel,True,,,2122
220,38,6,Leicester City,Southampton,2022-05-22T15:00:00Z,Jonny Evans,2,5.4,1.0,Evans,True,,,2122
221,38,6,Leicester City,Southampton,2022-05-22T15:00:00Z,Marc Albrighton,3,5.2,1.0,Albrighton,True,,,2122
222,38,6,Leicester City,Southampton,2022-05-22T15:00:00Z,Nampalys Mendy,3,4.3,1.0,Mendy,True,,,2122
223,38,6,Leicester City,Southampton,2022-05-22T15:00:00Z,Danny Ward,1,4.0,1.0,Ward,True,,,2122
224,38,6,Leicester City,Southampton,2022-05-22T15:00:00Z,Jamie Vardy,4,10.3,1.0,Vardy,True,,,2122
225,38,6,Leicester City,Southampton,2022-05-22T15:00:00Z,Dennis Praet,3,4.9,0.0,Praet,True,,,2122
226,38,6,Leicester City,Southampton,2022-05-22T15:00:00Z,Ricardo Domingos Barbosa Pereira,2,5.2,1.0,Pereira,True,,,2122
227,38,6,Leicester City,Southampton,2022-05-22T15:00:00Z,Daniel Amartey,2,4.0,1.0,Amartey,True,,,2122
228,38,6,Leicester City,Southampton,2022-05-22T15:00:00Z,Timothy Castagne,2,5.3,1.0,Castagne,True,,,2122
229,38,6,Leicester City,Southampton,2022-05-22T15:00:00Z,Youri Tielemans,3,6.4,0.75,Tielemans,True,,,2122
230,38,6,Leicester City,Southampton,2022-05-22T15:00:00Z,Ayoze Pérez,3,5.7,1.0,Pérez,True,,,2122
231,38,6,Leicester City,Southampton,2022-05-22T15:00:00Z,James Maddison,3,6.9,1.0,Maddison,True,,,2122
232,38,6,Leicester City,Southampton,2022-05-22T15:00:00Z,Kelechi Iheanacho,4,7.0,1.0,Iheanacho,True,,,2122
233,38,6,Leicester City,Southampton,2022-05-22T15:00:00Z,Hamza Choudhury,3,4.4,1.0,Choudhury,True,,,2122
234,38,6,Leicester City,Southampton,2022-05-22T15:00:00Z,Harvey Barnes,3,6.5,1.0,Barnes,True,,,2122
235,38,6,Leicester City,Southampton,2022-05-22T15:00:00Z,Wilfred Ndidi,3,4.8,0.0,Ndidi,True,,,2122
236,38,6,Leicester City,Southampton,2022-05-22T15:00:00Z,Çaglar Söyüncü,2,4.9,1.0,Söyüncü,True,,,2122
237,38,6,Leicester City,Southampton,2022-05-22T15:00:00Z,James Justin,2,4.9,0.75,Justin,True,,,2122
238,38,6,Leicester City,Southampton,2022-05-22T15:00:00Z,Luke Thomas,2,4.3,1.0,Thomas,True,,,2122
239,38,6,Leicester City,Southampton,2022-05-22T15:00:00Z,Wesley Fofana,2,4.3,1.0,Fofana,True,,,2122
240,38,6,Leicester City,Southampton,2022-05-22T15:00:00Z,Jannik Vestergaard,2,4.7,1.0,Vestergaard,True,,,2122
241,38,6,Leicester City,Southampton,2022-05-22T15:00:00Z,Patson Daka,4,7.0,1.0,Daka,True,,,2122
242,38,6,Leicester City,Southampton,2022-05-22T15:00:00Z,Boubakary Soumaré,3,4.8,1.0,Soumaré,True,,,2122
243,38,6,Leicester City,Southampton,2022-05-22T15:00:00Z,Ryan Bertrand,2,4.6,0.0,Bertrand,True,,,2122
244,38,6,Leicester City,Southampton,2022-05-22T15:00:00Z,Kiernan Dewsbury-Hall,3,4.4,1.0,Dewsbury-Hall,True,,,2122
245,38,6,Leicester City,Southampton,2022-05-22T15:00:00Z,Eldin Jakupovic,1,3.9,1.0,Jakupovic,True,,,2122
246,38,6,Leicester City,Southampton,2022-05-22T15:00:00Z,Ademola Lookman,3,5.9,1.0,Lookman,True,,,2122
247,38,6,Leicester City,Southampton,2022-05-22T15:00:00Z,Vontae Daley-Campbell,2,4.0,0.0,Daley-Campbell,True,,,2122
248,38,6,Leicester City,Southampton,2022-05-22T15:00:00Z,Ben Nelson,2,4.0,1.0,Nelson,True,,,2122
249,38,6,Leicester City,Southampton,2022-05-22T15:00:00Z,Lewis Brunt,3,4.5,1.0,Brunt,True,,,2122
250,38,6,Leicester City,Southampton,2022-05-22T15:00:00Z,Kasey McAteer,3,4.5,0.0,McAteer,True,,,2122
251,38,7,Liverpool,Wolverhampton Wanderers,2022-05-22T15:00:00Z,James Milner,3,4.9,1.0,Milner,True,,,2122
252,38,7,Liverpool,Wolverhampton Wanderers,2022-05-22T15:00:00Z,Jordan Henderson,3,4.9,1.0,Henderson,True,,,2122
253,38,7,Liverpool,Wolverhampton Wanderers,2022-05-22T15:00:00Z,Adrián San Miguel del Castillo,1,4.3,1.0,Adrián,True,,,2122
254,38,7,Liverpool,Wolverhampton Wanderers,2022-05-22T15:00:00Z,Joel Matip,2,5.2,1.0,Matip,True,,,2122
255,38,7,Liverpool,Wolverhampton Wanderers,2022-05-22T15:00:00Z,Thiago Alcántara do Nascimento,3,5.3,1.0,Thiago,True,,,2122
256,38,7,Liverpool,Wolverhampton Wanderers,2022-05-22T15:00:00Z,Xherdan Shaqiri,3,5.9,0.0,Shaqiri,True,,,2122
257,38,7,Liverpool,Wolverhampton Wanderers,2022-05-22T15:00:00Z,Alex Oxlade-Chamberlain,3,5.8,1.0,Chamberlain,True,,,2122
258,38,7,Liverpool,Wolverhampton Wanderers,2022-05-22T15:00:00Z,Roberto Firmino,4,8.7,1.0,Firmino,True,,,2122
259,38,7,Liverpool,Wolverhampton Wanderers,2022-05-22T15:00:00Z,Virgil van Dijk,2,6.8,0.75,van Dijk,True,,,2122
260,38,7,Liverpool,Wolverhampton Wanderers,2022-05-22T15:00:00Z,Sadio Mané,3,11.8,1.0,Mané,True,,,2122
261,38,7,Liverpool,Wolverhampton Wanderers,2022-05-22T15:00:00Z,Alisson Ramses Becker,1,6.1,1.0,Alisson,True,,,2122
262,38,7,Liverpool,Wolverhampton Wanderers,2022-05-22T15:00:00Z,Fabio Henrique Tavares,3,5.4,0.25,Fabinho,True,,,2122
263,38,7,Liverpool,Wolverhampton Wanderers,2022-05-22T15:00:00Z,Mohamed Salah,3,13.1,0.75,Salah,True,,,2122
264,38,7,Liverpool,Wolverhampton Wanderers,2022-05-22T15:00:00Z,Andrew Robertson,2,7.3,1.0,Robertson,True,,,2122
265,38,7,Liverpool,Wolverhampton Wanderers,2022-05-22T15:00:00Z,Divock Origi,4,4.8,1.0,Origi,True,,,2122
266,38,7,Liverpool,Wolverhampton Wanderers,2022-05-22T15:00:00Z,Takumi Minamino,3,5.1,1.0,Minamino,True,,,2122
267,38,7,Liverpool,Wolverhampton Wanderers,2022-05-22T15:00:00Z,Trent Alexander-Arnold,2,8.4,1.0,Alexander-Arnold,True,,,2122
268,38,7,Liverpool,Wolverhampton Wanderers,2022-05-22T15:00:00Z,Joseph Gomez,2,4.7,0.75,Gomez,True,,,2122
269,38,7,Liverpool,Wolverhampton Wanderers,2022-05-22T15:00:00Z,Naby Keita,3,5.0,1.0,Keita,True,,,2122
270,38,7,Liverpool,Wolverhampton Wanderers,2022-05-22T15:00:00Z,Diogo Jota,3,8.3,1.0,Jota,True,,,2122
271,38,7,Liverpool,Wolverhampton Wanderers,2022-05-22T15:00:00Z,Nathaniel Phillips,2,4.2,0.0,Phillips,True,,,2122
272,38,7,Liverpool,Wolverhampton Wanderers,2022-05-22T15:00:00Z,Caoimhin Kelleher,1,4.3,1.0,Kelleher,True,,,2122
273,38,7,Liverpool,Wolverhampton Wanderers,2022-05-22T15:00:00Z,Ibrahima Konaté,2,5.1,1.0,Konaté,True,,,2122
274,38,7,Liverpool,Wolverhampton Wanderers,2022-05-22T15:00:00Z,Curtis Jones,3,5.0,1.0,Jones,True,,,2122
275,38,7,Liverpool,Wolverhampton Wanderers,2022-05-22T15:00:00Z,Konstantinos Tsimikas,2,3.7,1.0,Tsimikas,True,,,2122
276,38,7,Liverpool,Wolverhampton Wanderers,2022-05-22T15:00:00Z,Neco Williams,2,3.8,0.0,N.Williams,True,,,2122
277,38,7,Liverpool,Wolverhampton Wanderers,2022-05-22T15:00:00Z,Rhys Williams,2,4.4,0.0,R.Williams,True,,,2122
278,38,7,Liverpool,Wolverhampton Wanderers,2022-05-22T15:00:00Z,Ben Davies,2,4.0,0.0,Davies,True,,,2122
279,38,7,Liverpool,Wolverhampton Wanderers,2022-05-22T15:00:00Z,Harvey Elliott,3,5.3,1.0,Elliott,True,,,2122
280,38,7,Liverpool,Wolverhampton Wanderers,2022-05-22T15:00:00Z,Ben Woodburn,3,4.5,0.0,Woodburn,True,,,2122
281,38,7,Liverpool,Wolverhampton Wanderers,2022-05-22T15:00:00Z,Tyler Morton,3,4.5,1.0,Morton,True,,,2122
282,38,7,Liverpool,Wolverhampton Wanderers,2022-05-22T15:00:00Z,Kaide Gordon,3,4.5,1.0,Gordon,True,,,2122
283,38,7,Liverpool,Wolverhampton Wanderers,2022-05-22T15:00:00Z,Conor Bradley,2,4.0,1.0,Bradley,True,,,2122
284,38,7,Liverpool,Wolverhampton Wanderers,2022-05-22T15:00:00Z,Owen Beck,2,4.0,1.0,Beck,True,,,2122
285,38,7,Liverpool,Wolverhampton Wanderers,2022-05-22T15:00:00Z,Marcelo de Araújo Pitaluga Filho,1,4.0,1.0,Pitaluga,True,,,2122
286,38,7,Liverpool,Wolverhampton Wanderers,2022-05-22T15:00:00Z,Jarell Quansah,2,4.0,1.0,Quansah,True,,,2122
287,38,7,Liverpool,Wolverhampton Wanderers,2022-05-22T15:00:00Z,Luis Díaz,3,8.1,1.0,Luis Díaz,True,,,2122
288,38,8,Manchester City,Aston Villa,2022-05-22T15:00:00Z,Jack Grealish,3,7.5,1.0,Grealish,True,,,2122
289,38,8,Manchester City,Aston Villa,2022-05-22T15:00:00Z,Kyle Walker,2,5.4,0.0,Walker,True,,,2122
290,38,8,Manchester City,Aston Villa,2022-05-22T15:00:00Z,Ilkay Gündogan,3,7.1,1.0,Gündogan,True,,,2122
291,38,8,Manchester City,Aston Villa,2022-05-22T15:00:00Z,Kevin De Bruyne,3,12.1,1.0,De Bruyne,True,,,2122
292,38,8,Manchester City,Aston Villa,2022-05-22T15:00:00Z,John Stones,2,5.2,0.0,Stones,True,,,2122
293,38,8,Manchester City,Aston Villa,2022-05-22T15:00:00Z,Benjamin Mendy,2,5.2,0.0,Mendy,True,,,2122
294,38,8,Manchester City,Aston Villa,2022-05-22T15:00:00Z,Riyad Mahrez,3,8.6,1.0,Mahrez,True,,,2122
295,38,8,Manchester City,Aston Villa,2022-05-22T15:00:00Z,Raheem Sterling,3,10.5,1.0,Sterling,True,,,2122
296,38,8,Manchester City,Aston Villa,2022-05-22T15:00:00Z,João Pedro Cavaco Cancelo,2,7.2,1.0,Cancelo,True,,,2122
297,38,8,Manchester City,Aston Villa,2022-05-22T15:00:00Z,Ederson Santana de Moraes,1,6.2,1.0,Ederson,True,,,2122
298,38,8,Manchester City,Aston Villa,2022-05-22T15:00:00Z,Nathan Aké,2,4.7,1.0,Aké,True,,,2122
299,38,8,Manchester City,Aston Villa,2022-05-22T15:00:00Z,Aymeric Laporte,2,6.0,1.0,Laporte,True,,,2122
300,38,8,Manchester City,Aston Villa,2022-05-22T15:00:00Z,Zack Steffen,1,4.4,1.0,Steffen,True,,,2122
301,38,8,Manchester City,Aston Villa,2022-05-22T15:00:00Z,Bernardo Mota Veiga de Carvalho e Silva,3,7.0,1.0,Bernardo,True,,,2122
302,38,8,Manchester City,Aston Villa,2022-05-22T15:00:00Z,Rúben Santos Gato Alves Dias,2,6.2,0.0,Dias,True,,,2122
303,38,8,Manchester City,Aston Villa,2022-05-22T15:00:00Z,Gabriel Fernando de Jesus,4,8.6,1.0,Jesus,True,,,2122
304,38,8,Manchester City,Aston Villa,2022-05-22T15:00:00Z,Oleksandr Zinchenko,2,5.3,1.0,Zinchenko,True,,,2122
305,38,8,Manchester City,Aston Villa,2022-05-22T15:00:00Z,Phil Foden,3,7.9,1.0,Foden,True,,,2122
306,38,8,Manchester City,Aston Villa,2022-05-22T15:00:00Z,Rodrigo Hernandez,3,5.5,1.0,Rodrigo,True,,,2122
307,38,8,Manchester City,Aston Villa,2022-05-22T15:00:00Z,Ferran Torres,3,6.7,0.0,Torres,True,,,2122
308,38,8,Manchester City,Aston Villa,2022-05-22T15:00:00Z,Fernando Luiz Rosa,3,4.7,1.0,Fernandinho,True,,,2122
309,38,8,Manchester City,Aston Villa,2022-05-22T15:00:00Z,Cole Palmer,3,4.5,1.0,Palmer,True,,,2122
310,38,8,Manchester City,Aston Villa,2022-05-22T15:00:00Z,Samuel Edozie,3,4.7,1.0,Edozie,True,,,2122
311,38,8,Manchester City,Aston Villa,2022-05-22T15:00:00Z,Tommy Doyle,3,4.5,0.0,Doyle,True,,,2122
312,38,8,Manchester City,Aston Villa,2022-05-22T15:00:00Z,Scott Carson,1,3.9,1.0,Carson,True,,,2122
313,38,8,Manchester City,Aston Villa,2022-05-22T15:00:00Z,Luke Mbete,2,3.9,1.0,Mbete,True,,,2122
314,38,8,Manchester City,Aston Villa,2022-05-22T15:00:00Z,Joshua Wilson-Esbrand,2,3.9,1.0,Wilson-Esbrand,True,,,2122
315,38,8,Manchester City,Aston Villa,2022-05-22T15:00:00Z,Romeo Lavia,3,4.4,1.0,Lavia,True,,,2122
316,38,8,Manchester City,Aston Villa,2022-05-22T15:00:00Z,Cieran Slicker,1,4.0,1.0,Slicker,True,,,2122
317,38,8,Manchester City,Aston Villa,2022-05-22T15:00:00Z,James McAtee,3,4.4,1.0,McAtee,True,,,2122
318,38,8,Manchester City,Aston Villa,2022-05-22T15:00:00Z,Conrad Egan-Riley,2,4.0,1.0,Egan-Riley,True,,,2122
319,38,8,Manchester City,Aston Villa,2022-05-22T15:00:00Z,Kayky da Silva Chagas,4,5.0,1.0,Kayky,True,,,2122
320,38,8,Manchester City,Aston Villa,2022-05-22T15:00:00Z,Liam Delap,4,4.5,1.0,Delap,True,,,2122
321,38,9,Norwich,Tottenham Hotspur,2022-05-22T15:00:00Z,Billy Gilmour,3,4.3,0.75,Gilmour,True,,,2122
322,38,9,Norwich,Tottenham Hotspur,2022-05-22T15:00:00Z,Brandon Williams,2,3.9,1.0,Williams,True,,,2122
323,38,9,Norwich,Tottenham Hotspur,2022-05-22T15:00:00Z,Michael McGovern,1,3.9,1.0,McGovern,True,,,2122
324,38,9,Norwich,Tottenham Hotspur,2022-05-22T15:00:00Z,Tim Krul,1,4.5,1.0,Krul,True,,,2122
325,38,9,Norwich,Tottenham Hotspur,2022-05-22T15:00:00Z,Teemu Pukki,4,6.1,1.0,Pukki,True,,,2122
326,38,9,Norwich,Tottenham Hotspur,2022-05-22T15:00:00Z,Marco Stiepermann,3,5.0,0.0,Stiepermann,True,,,2122
327,38,9,Norwich,Tottenham Hotspur,2022-05-22T15:00:00Z,Lukas Rupp,3,4.4,1.0,Rupp,True,,,2122
328,38,9,Norwich,Tottenham Hotspur,2022-05-22T15:00:00Z,Kenny McLean,3,4.9,0.0,McLean,True,,,2122
329,38,9,Norwich,Tottenham Hotspur,2022-05-22T15:00:00Z,Grant Hanley,2,4.4,1.0,Hanley,True,,,2122
330,38,9,Norwich,Tottenham Hotspur,2022-05-22T15:00:00Z,Onel Hernández,3,4.9,0.0,Hernández,True,,,2122
331,38,9,Norwich,Tottenham Hotspur,2022-05-22T15:00:00Z,Sam Byram,2,4.4,1.0,Byram,True,,,2122
332,38,9,Norwich,Tottenham Hotspur,2022-05-22T15:00:00Z,Jordan Hugill,4,5.4,0.0,Hugill,True,,,2122
333,38,9,Norwich,Tottenham Hotspur,2022-05-22T15:00:00Z,Kieran Dowell,3,5.1,1.0,Dowell,True,,,2122
334,38,9,Norwich,Tottenham Hotspur,2022-05-22T15:00:00Z,Christoph Zimmermann,2,4.4,0.0,Zimmermann,True,,,2122
335,38,9,Norwich,Tottenham Hotspur,2022-05-22T15:00:00Z,Todd Cantwell,3,5.3,0.0,Cantwell,True,,,2122
336,38,9,Norwich,Tottenham Hotspur,2022-05-22T15:00:00Z,Max Aarons,2,4.3,1.0,Aarons,True,,,2122
337,38,9,Norwich,Tottenham Hotspur,2022-05-22T15:00:00Z,Jacob Sørensen,2,4.3,1.0,Sørensen,True,,,2122
338,38,9,Norwich,Tottenham Hotspur,2022-05-22T15:00:00Z,Przemyslaw Placheta,3,4.7,1.0,Placheta,True,,,2122
339,38,9,Norwich,Tottenham Hotspur,2022-05-22T15:00:00Z,Adam Idah,4,4.8,0.0,Idah,True,,,2122
340,38,9,Norwich,Tottenham Hotspur,2022-05-22T15:00:00Z,Josh Martin,3,5.0,0.0,Martin,True,,,2122
341,38,9,Norwich,Tottenham Hotspur,2022-05-22T15:00:00Z,Andrew Omobamidele,2,3.9,0.0,Omobamidele,True,,,2122
342,38,9,Norwich,Tottenham Hotspur,2022-05-22T15:00:00Z,Angus Gunn,1,4.0,1.0,Gunn,True,,,2122
343,38,9,Norwich,Tottenham Hotspur,2022-05-22T15:00:00Z,Milot Rashica,3,5.2,1.0,Rashica,True,,,2122
344,38,9,Norwich,Tottenham Hotspur,2022-05-22T15:00:00Z,Ben Gibson,2,4.4,1.0,Gibson,True,,,2122
345,38,9,Norwich,Tottenham Hotspur,2022-05-22T15:00:00Z,Dimitris Giannoulis,2,4.4,1.0,Giannoulis,True,,,2122
346,38,9,Norwich,Tottenham Hotspur,2022-05-22T15:00:00Z,Pierre Lees-Melou,3,4.8,1.0,Lees-Melou,True,,,2122
347,38,9,Norwich,Tottenham Hotspur,2022-05-22T15:00:00Z,Bali Mumba,2,3.9,0.0,Mumba,True,,,2122
348,38,9,Norwich,Tottenham Hotspur,2022-05-22T15:00:00Z,Joshua Sargent,4,5.4,0.0,Sargent,True,,,2122
349,38,9,Norwich,Tottenham Hotspur,2022-05-22T15:00:00Z,Christos Tzolis,3,4.8,1.0,Tzolis,True,,,2122
350,38,9,Norwich,Tottenham Hotspur,2022-05-22T15:00:00Z,Ozan Kabak,2,4.3,0.0,Kabak,True,,,2122
351,38,9,Norwich,Tottenham Hotspur,2022-05-22T15:00:00Z,Mathias Normann,3,4.5,0.75,Normann,True,,,2122
352,38,9,Norwich,Tottenham Hotspur,2022-05-22T15:00:00Z,Jonathan Tomkinson,2,4.0,1.0,Tomkinson,True,,,2122
353,38,9,Norwich,Tottenham Hotspur,2022-05-22T15:00:00Z,Jonathan Rowe,3,4.4,1.0,Rowe,True,,,2122
354,38,9,Norwich,Tottenham Hotspur,2022-05-22T15:00:00Z,Thomas Dickson-Peters,4,4.5,0.0,Dickson-Peters,True,,,2122
355,38,9,Norwich,Tottenham Hotspur,2022-05-22T15:00:00Z,Jon McCracken,1,4.0,1.0,McCracken,True,,,2122
356,38,9,Norwich,Tottenham Hotspur,2022-05-22T15:00:00Z,Liam Gibbs,3,4.5,1.0,Gibbs,True,,,2122
357,38,9,Norwich,Tottenham Hotspur,2022-05-22T15:00:00Z,Abu Kamara,4,4.5,1.0,Kamara,True,,,2122
358,38,9,Norwich,Tottenham Hotspur,2022-05-22T15:00:00Z,Tony Springett,3,4.5,1.0,Springett,True,,,2122
359,38,0,Everton,Arsenal,2022-05-22T15:00:00Z,Anwar El Ghazi,3,5.6,1.0,El Ghazi,False,,,2122
360,38,0,Everton,Arsenal,2022-05-22T15:00:00Z,Fabian Delph,3,4.2,0.25,Delph,False,,,2122
361,38,0,Everton,Arsenal,2022-05-22T15:00:00Z,Gylfi Sigurdsson,3,6.7,0.0,Sigurdsson,False,,,2122
362,38,0,Everton,Arsenal,2022-05-22T15:00:00Z,Seamus Coleman,2,4.9,1.0,Coleman,False,,,2122
363,38,0,Everton,Arsenal,2022-05-22T15:00:00Z,James Rodríguez,3,6.9,0.0,James,False,,,2122
364,38,0,Everton,Arsenal,2022-05-22T15:00:00Z,Bernard Anício Caldeira Duarte,3,5.5,0.0,Bernard,False,,,2122
365,38,0,Everton,Arsenal,2022-05-22T15:00:00Z,Michael Keane,2,4.6,1.0,Keane,False,,,2122
366,38,0,Everton,Arsenal,2022-05-22T15:00:00Z,Jordan Pickford,1,4.8,1.0,Pickford,False,,,2122
367,38,0,Everton,Arsenal,2022-05-22T15:00:00Z,Allan Marques Loureiro,3,4.3,1.0,Allan,False,,,2122
368,38,0,Everton,Arsenal,2022-05-22T15:00:00Z,André Filipe Tavares Gomes,3,4.9,1.0,André Gomes,False,,,2122
369,38,0,Everton,Arsenal,2022-05-22T15:00:00Z,Abdoulaye Doucouré,3,5.3,1.0,Doucouré,False,,,2122
370,38,0,Everton,Arsenal,2022-05-22T15:00:00Z,Alex Iwobi,3,5.8,1.0,Iwobi,False,,,2122
371,38,0,Everton,Arsenal,2022-05-22T15:00:00Z,Yerry Mina,2,4.9,0.25,Mina,False,,,2122
372,38,0,Everton,Arsenal,2022-05-22T15:00:00Z,Tom Davies,3,4.8,1.0,Davies,False,,,2122
373,38,0,Everton,Arsenal,2022-05-22T15:00:00Z,Dominic Calvert-Lewin,4,7.7,1.0,Calvert-Lewin,False,,,2122
374,38,0,Everton,Arsenal,2022-05-22T15:00:00Z,Mason Holgate,2,4.2,1.0,Holgate,False,,,2122
375,38,0,Everton,Arsenal,2022-05-22T15:00:00Z,Ben Godfrey,2,4.7,1.0,Godfrey,False,,,2122
376,38,0,Everton,Arsenal,2022-05-22T15:00:00Z,Richarlison de Andrade,4,7.6,1.0,Richarlison,False,,,2122
377,38,0,Everton,Arsenal,2022-05-22T15:00:00Z,João Virgínia,1,4.0,0.0,Virgínia,False,,,2122
378,38,0,Everton,Arsenal,2022-05-22T15:00:00Z,Donny van de Beek,3,5.7,1.0,van de Beek,False,,,2122
379,38,0,Everton,Arsenal,2022-05-22T15:00:00Z,Bamidele Alli,3,6.2,1.0,Dele,False,,,2122
380,38,0,Everton,Arsenal,2022-05-22T15:00:00Z,Asmir Begović,1,4.0,1.0,Begović,False,,,2122
381,38,0,Everton,Arsenal,2022-05-22T15:00:00Z,Andros Townsend,3,5.2,0.0,Townsend,False,,,2122
382,38,0,Everton,Arsenal,2022-05-22T15:00:00Z,Demarai Gray,3,5.4,1.0,Gray,False,,,2122
383,38,0,Everton,Arsenal,2022-05-22T15:00:00Z,Jonjoe Kenny,2,4.3,1.0,Kenny,False,,,2122
384,38,0,Everton,Arsenal,2022-05-22T15:00:00Z,Anthony Gordon,3,4.7,1.0,Gordon,False,,,2122
385,38,0,Everton,Arsenal,2022-05-22T15:00:00Z,Jean-Philippe Gbamin,3,4.4,0.0,Gbamin,False,,,2122
386,38,0,Everton,Arsenal,2022-05-22T15:00:00Z,Jarrad Branthwaite,2,4.0,1.0,Branthwaite,False,,,2122
387,38,0,Everton,Arsenal,2022-05-22T15:00:00Z,Nathan Broadhead,4,4.5,0.0,Broadhead,False,,,2122
388,38,0,Everton,Arsenal,2022-05-22T15:00:00Z,Moise Kean,4,6.0,0.0,Kean,False,,,2122
389,38,0,Everton,Arsenal,2022-05-22T15:00:00Z,Niels Nkounkou,2,4.0,0.0,Nkounkou,False,,,2122
390,38,0,Everton,Arsenal,2022-05-22T15:00:00Z,Andy Lonergan,1,3.9,1.0,Lonergan,False,,,2122
391,38,0,Everton,Arsenal,2022-05-22T15:00:00Z,Salomón Rondón,4,6.0,0.0,Rondón,False,,,2122
392,38,0,Everton,Arsenal,2022-05-22T15:00:00Z,Ellis Simms,4,4.5,0.0,Simms,False,,,2122
393,38,0,Everton,Arsenal,2022-05-22T15:00:00Z,Lewis Dobbin,4,4.5,1.0,Dobbin,False,,,2122
394,38,0,Everton,Arsenal,2022-05-22T15:00:00Z,Charlie Whitaker,3,4.5,1.0,Whitaker,False,,,2122
395,38,0,Everton,Arsenal,2022-05-22T15:00:00Z,Harry Tyrer,1,4.0,1.0,Tyrer,False,,,2122
396,38,0,Everton,Arsenal,2022-05-22T15:00:00Z,Cenk Tosun,4,5.0,1.0,Tosun,False,,,2122
397,38,0,Everton,Arsenal,2022-05-22T15:00:00Z,Reece Welch,2,4.0,1.0,Welch,False,,,2122
398,38,0,Everton,Arsenal,2022-05-22T15:00:00Z,Tyler Onyango,3,4.5,1.0,Onyango,False,,,2122
399,38,0,Everton,Arsenal,2022-05-22T15:00:00Z,Nathan Patterson,2,4.1,0.0,Patterson,False,,,2122
400,38,0,Everton,Arsenal,2022-05-22T15:00:00Z,Vitalii Mykolenko,2,4.9,1.0,Mykolenko,False,,,2122
401,38,0,Everton,Arsenal,2022-05-22T15:00:00Z,Isaac Price,3,4.5,1.0,Price,False,,,2122
402,38,1,Leeds,Brentford,2022-05-22T15:00:00Z,Pablo Hernández Domínguez,3,5.5,0.0,Hernández,False,,,2122
403,38,1,Leeds,Brentford,2022-05-22T15:00:00Z,Francisco Casilla Cortés,1,4.5,0.0,Casilla,False,,,2122
404,38,1,Leeds,Brentford,2022-05-22T15:00:00Z,Liam Cooper,2,4.4,1.0,Cooper,False,,,2122
405,38,1,Leeds,Brentford,2022-05-22T15:00:00Z,Luke Ayling,2,4.3,0.0,Ayling,False,,,2122
406,38,1,Leeds,Brentford,2022-05-22T15:00:00Z,Mateusz Klich,3,5.1,1.0,Klich,False,,,2122
407,38,1,Leeds,Brentford,2022-05-22T15:00:00Z,Rodrigo Moreno,4,6.3,1.0,Rodrigo,False,,,2122
408,38,1,Leeds,Brentford,2022-05-22T15:00:00Z,Stuart Dallas,3,4.9,0.0,Dallas,False,,,2122
409,38,1,Leeds,Brentford,2022-05-22T15:00:00Z,Patrick Bamford,4,7.7,0.5,Bamford,False,,,2122
410,38,1,Leeds,Brentford,2022-05-22T15:00:00Z,Diego Llorente,2,4.5,1.0,Llorente,False,,,2122
411,38,1,Leeds,Brentford,2022-05-22T15:00:00Z,Kalvin Phillips,3,4.7,1.0,Phillips,False,,,2122
412,38,1,Leeds,Brentford,2022-05-22T15:00:00Z,Hélder Wander Sousa de Azevedo e Costa,3,5.4,0.0,Costa,False,,,2122
413,38,1,Leeds,Brentford,2022-05-22T15:00:00Z,Tyler Roberts,3,4.8,0.0,Roberts,False,,,2122
414,38,1,Leeds,Brentford,2022-05-22T15:00:00Z,Robin Koch,2,4.3,1.0,Koch,False,,,2122
415,38,1,Leeds,Brentford,2022-05-22T15:00:00Z,Ian Carlo Poveda-Ocampo,3,4.5,0.0,Poveda,False,,,2122
416,38,1,Leeds,Brentford,2022-05-22T15:00:00Z,Raphael Dias Belloli,3,6.3,1.0,Raphinha,False,,,2122
417,38,1,Leeds,Brentford,2022-05-22T15:00:00Z,Jamie Shackleton,3,4.4,1.0,Shackleton,False,,,2122
418,38,1,Leeds,Brentford,2022-05-22T15:00:00Z,Pascal Struijk,2,4.3,1.0,Struijk,False,,,2122
419,38,1,Leeds,Brentford,2022-05-22T15:00:00Z,Illan Meslier,1,4.8,1.0,Meslier,False,,,2122
420,38,1,Leeds,Brentford,2022-05-22T15:00:00Z,Jack Harrison,3,5.5,1.0,Harrison,False,,,2122
421,38,1,Leeds,Brentford,2022-05-22T15:00:00Z,Daniel James,3,6.0,0.0,James,False,,,2122
422,38,1,Leeds,Brentford,2022-05-22T15:00:00Z,Héctor Junior Firpo Adames,2,4.7,1.0,Firpo,False,,,2122
423,38,1,Leeds,Brentford,2022-05-22T15:00:00Z,Kristoffer Klaesson,1,4.3,1.0,Klaesson,False,,,2122
424,38,1,Leeds,Brentford,2022-05-22T15:00:00Z,Sam Greenwood,4,4.6,1.0,Greenwood,False,,,2122
425,38,1,Leeds,Brentford,2022-05-22T15:00:00Z,Crysencio Summerville,3,4.5,0.0,Summerville,False,,,2122
426,38,1,Leeds,Brentford,2022-05-22T15:00:00Z,Adam Forshaw,3,4.5,0.0,Forshaw,False,,,2122
427,38,1,Leeds,Brentford,2022-05-22T15:00:00Z,Cody Drameh,2,3.9,0.0,Drameh,False,,,2122
428,38,1,Leeds,Brentford,2022-05-22T15:00:00Z,Charlie Cresswell,2,4.0,1.0,Cresswell,False,,,2122
429,38,1,Leeds,Brentford,2022-05-22T15:00:00Z,Liam McCarron,3,4.4,1.0,McCarron,False,,,2122
430,38,1,Leeds,Brentford,2022-05-22T15:00:00Z,Joe Gelhardt,4,4.7,1.0,Gelhardt,False,,,2122
431,38,1,Leeds,Brentford,2022-05-22T15:00:00Z,Nohan Kenneh,3,4.4,1.0,Kenneh,False,,,2122
432,38,1,Leeds,Brentford,2022-05-22T15:00:00Z,Stuart McKinstry,3,4.3,1.0,McKinstry,False,,,2122
433,38,1,Leeds,Brentford,2022-05-22T15:00:00Z,Leo Fuhr Hjelde,2,4.0,1.0,Hjelde,False,,,2122
434,38,1,Leeds,Brentford,2022-05-22T15:00:00Z,Lewis Bate,3,4.5,1.0,Bate,False,,,2122
435,38,1,Leeds,Brentford,2022-05-22T15:00:00Z,Jack Jenkins,3,4.5,1.0,Jenkins,False,,,2122
436,38,1,Leeds,Brentford,2022-05-22T15:00:00Z,Kris Moore,2,4.0,1.0,Moore,False,,,2122
437,38,1,Leeds,Brentford,2022-05-22T15:00:00Z,Archie Gray,3,4.5,1.0,Gray,False,,,2122
438,38,2,West Ham United,Brighton and Hove Albion,2022-05-22T15:00:00Z,Kurt Zouma,2,5.4,1.0,Zouma,False,,,2122
439,38,2,West Ham United,Brighton and Hove Albion,2022-05-22T15:00:00Z,Mark Noble,3,4.3,1.0,Noble,False,,,2122
440,38,2,West Ham United,Brighton and Hove Albion,2022-05-22T15:00:00Z,Darren Randolph,1,4.3,1.0,Randolph,False,,,2122
441,38,2,West Ham United,Brighton and Hove Albion,2022-05-22T15:00:00Z,Lukasz Fabianski,1,5.0,1.0,Fabianski,False,,,2122
442,38,2,West Ham United,Brighton and Hove Albion,2022-05-22T15:00:00Z,Angelo Ogbonna,2,4.9,0.0,Ogbonna,False,,,2122
443,38,2,West Ham United,Brighton and Hove Albion,2022-05-22T15:00:00Z,Winston Reid,2,3.9,0.0,Reid,False,,,2122
444,38,2,West Ham United,Brighton and Hove Albion,2022-05-22T15:00:00Z,Aaron Cresswell,2,5.4,1.0,Cresswell,False,,,2122
445,38,2,West Ham United,Brighton and Hove Albion,2022-05-22T15:00:00Z,Andriy Yarmolenko,3,5.0,1.0,Yarmolenko,False,,,2122
446,38,2,West Ham United,Brighton and Hove Albion,2022-05-22T15:00:00Z,Michail Antonio,4,7.3,1.0,Antonio,False,,,2122
447,38,2,West Ham United,Brighton and Hove Albion,2022-05-22T15:00:00Z,Craig Dawson,2,4.9,1.0,Dawson,False,,,2122
448,38,2,West Ham United,Brighton and Hove Albion,2022-05-22T15:00:00Z,Ryan Fredericks,2,4.4,1.0,Fredericks,False,,,2122
449,38,2,West Ham United,Brighton and Hove Albion,2022-05-22T15:00:00Z,Manuel Lanzini,3,5.6,1.0,Lanzini,False,,,2122
450,38,2,West Ham United,Brighton and Hove Albion,2022-05-22T15:00:00Z,Arthur Masuaku,2,4.4,1.0,Masuaku,False,,,2122
451,38,2,West Ham United,Brighton and Hove Albion,2022-05-22T15:00:00Z,Vladimir Coufal,2,4.7,1.0,Coufal,False,,,2122
452,38,2,West Ham United,Brighton and Hove Albion,2022-05-22T15:00:00Z,Saïd Benrahma,3,5.9,0.5,Benrahma,False,,,2122
453,38,2,West Ham United,Brighton and Hove Albion,2022-05-22T15:00:00Z,Jarrod Bowen,3,6.9,1.0,Bowen,False,,,2122
454,38,2,West Ham United,Brighton and Hove Albion,2022-05-22T15:00:00Z,Declan Rice,3,5.0,1.0,Rice,False,,,2122
455,38,2,West Ham United,Brighton and Hove Albion,2022-05-22T15:00:00Z,Tomas Soucek,3,5.7,1.0,Soucek,False,,,2122
456,38,2,West Ham United,Brighton and Hove Albion,2022-05-22T15:00:00Z,Pablo Fornals,3,5.9,1.0,Fornals,False,,,2122
457,38,2,West Ham United,Brighton and Hove Albion,2022-05-22T15:00:00Z,Issa Diop,2,4.2,1.0,Diop,False,,,2122
458,38,2,West Ham United,Brighton and Hove Albion,2022-05-22T15:00:00Z,Ben Johnson,2,3.9,1.0,Johnson,False,,,2122
459,38,2,West Ham United,Brighton and Hove Albion,2022-05-22T15:00:00Z,Alphonse Areola,1,4.7,1.0,Areola,False,,,2122
460,38,2,West Ham United,Brighton and Hove Albion,2022-05-22T15:00:00Z,Frederik Alves,2,4.0,0.0,Alves,False,,,2122
461,38,2,West Ham United,Brighton and Hove Albion,2022-05-22T15:00:00Z,Conor Coventry,3,4.5,0.0,Coventry,False,,,2122
462,38,2,West Ham United,Brighton and Hove Albion,2022-05-22T15:00:00Z,Jamal Baptiste,2,3.9,1.0,Baptiste,False,,,2122
463,38,2,West Ham United,Brighton and Hove Albion,2022-05-22T15:00:00Z,Nikola Vlasic,3,5.6,1.0,Vlasic,False,,,2122
464,38,2,West Ham United,Brighton and Hove Albion,2022-05-22T15:00:00Z,Alex Kral,3,4.4,1.0,Kral,False,,,2122
465,38,2,West Ham United,Brighton and Hove Albion,2022-05-22T15:00:00Z,Harrison Ashby,2,4.0,1.0,Ashby,False,,,2122
466,38,2,West Ham United,Brighton and Hove Albion,2022-05-22T15:00:00Z,Sonny Perkins,3,4.5,1.0,Perkins,False,,,2122
467,38,2,West Ham United,Brighton and Hove Albion,2022-05-22T15:00:00Z,Ajibola Alese,2,4.0,1.0,Alese,False,,,2122
468,38,2,West Ham United,Brighton and Hove Albion,2022-05-22T15:00:00Z,Armstrong Oko-Flex,3,4.4,1.0,Oko-Flex,False,,,2122
469,38,2,West Ham United,Brighton and Hove Albion,2022-05-22T15:00:00Z,Pierre Ekwah,2,4.0,1.0,Ekwah,False,,,2122
470,38,2,West Ham United,Brighton and Hove Albion,2022-05-22T15:00:00Z,Daniel Chesters,3,4.5,1.0,Chesters,False,,,2122
471,38,3,Newcastle United,Burnley,2022-05-22T15:00:00Z,Joseph Willock,3,5.4,0.0,Willock,False,,,2122
472,38,3,Newcastle United,Burnley,2022-05-22T15:00:00Z,Matt Targett,2,4.7,1.0,Targett,False,,,2122
473,38,3,Newcastle United,Burnley,2022-05-22T15:00:00Z,Dan Burn,2,4.4,1.0,Burn,False,,,2122
474,38,3,Newcastle United,Burnley,2022-05-22T15:00:00Z,Chris Wood,4,6.3,0.75,Wood,False,,,2122
475,38,3,Newcastle United,Burnley,2022-05-22T15:00:00Z,Jonjo Shelvey,3,5.3,0.0,Shelvey,False,,,2122
476,38,3,Newcastle United,Burnley,2022-05-22T15:00:00Z,Matt Ritchie,2,4.9,1.0,Ritchie,False,,,2122
477,38,3,Newcastle United,Burnley,2022-05-22T15:00:00Z,Ciaran Clark,2,4.4,0.0,Clark,False,,,2122
478,38,3,Newcastle United,Burnley,2022-05-22T15:00:00Z,Karl Darlow,1,4.5,1.0,Darlow,False,,,2122
479,38,3,Newcastle United,Burnley,2022-05-22T15:00:00Z,Martin Dubravka,1,4.4,1.0,Dubravka,False,,,2122
480,38,3,Newcastle United,Burnley,2022-05-22T15:00:00Z,Callum Wilson,4,7.1,1.0,Wilson,False,,,2122
481,38,3,Newcastle United,Burnley,2022-05-22T15:00:00Z,Jeff Hendrick,3,4.8,0.0,Hendrick,False,,,2122
482,38,3,Newcastle United,Burnley,2022-05-22T15:00:00Z,Ryan Fraser,3,5.1,1.0,Fraser,False,,,2122
483,38,3,Newcastle United,Burnley,2022-05-22T15:00:00Z,Jamaal Lascelles,2,4.4,1.0,Lascelles,False,,,2122
484,38,3,Newcastle United,Burnley,2022-05-22T15:00:00Z,Dwight Gayle,4,5.2,1.0,Gayle,False,,,2122
485,38,3,Newcastle United,Burnley,2022-05-22T15:00:00Z,Paul Dummett,2,4.5,1.0,Dummett,False,,,2122
486,38,3,Newcastle United,Burnley,2022-05-22T15:00:00Z,Javier Manquillo,2,3.9,0.75,Manquillo,False,,,2122
487,38,3,Newcastle United,Burnley,2022-05-22T15:00:00Z,Emil Krafth,2,4.3,1.0,Krafth,False,,,2122
488,38,3,Newcastle United,Burnley,2022-05-22T15:00:00Z,Jacob Murphy,3,4.6,1.0,Murphy,False,,,2122
489,38,3,Newcastle United,Burnley,2022-05-22T15:00:00Z,Fabian Schär,2,4.2,0.75,Schär,False,,,2122
490,38,3,Newcastle United,Burnley,2022-05-22T15:00:00Z,Isaac Hayden,3,4.5,0.0,Hayden,False,,,2122
491,38,3,Newcastle United,Burnley,2022-05-22T15:00:00Z,Allan Saint-Maximin,4,6.7,1.0,Saint-Maximin,False,,,2122
492,38,3,Newcastle United,Burnley,2022-05-22T15:00:00Z,Miguel Almirón,3,5.0,1.0,Almirón,False,,,2122
493,38,3,Newcastle United,Burnley,2022-05-22T15:00:00Z,Sean Longstaff,3,4.3,1.0,S.Longstaff,False,,,2122
494,38,3,Newcastle United,Burnley,2022-05-22T15:00:00Z,Joelinton Cássio Apolinário de Lira,4,5.8,1.0,Joelinton,False,,,2122
495,38,3,Newcastle United,Burnley,2022-05-22T15:00:00Z,Jamal Lewis,2,4.2,0.0,Lewis,False,,,2122
496,38,3,Newcastle United,Burnley,2022-05-22T15:00:00Z,Matthew Longstaff,3,4.5,0.0,M.Longstaff,False,,,2122
497,38,3,Newcastle United,Burnley,2022-05-22T15:00:00Z,Federico Fernández,2,4.3,1.0,Fernández,False,,,2122
498,38,3,Newcastle United,Burnley,2022-05-22T15:00:00Z,Freddie Woodman,1,4.3,0.0,Woodman,False,,,2122
499,38,3,Newcastle United,Burnley,2022-05-22T15:00:00Z,Mark Gillespie,1,3.9,1.0,Gillespie,False,,,2122
500,38,3,Newcastle United,Burnley,2022-05-22T15:00:00Z,Joe White,3,4.4,0.0,White,False,,,2122
501,38,3,Newcastle United,Burnley,2022-05-22T15:00:00Z,Elliot Anderson,3,4.5,0.0,Anderson,False,,,2122
502,38,3,Newcastle United,Burnley,2022-05-22T15:00:00Z,Kieran Trippier,2,4.9,1.0,Trippier,False,,,2122
503,38,3,Newcastle United,Burnley,2022-05-22T15:00:00Z,Bruno Guimarães Rodriguez Moura,3,5.0,1.0,Bruno Guimarães,False,,,2122
504,38,3,Newcastle United,Burnley,2022-05-22T15:00:00Z,Lucas De Bolle,3,4.4,1.0,De Bolle,False,,,2122
505,38,4,Watford,Chelsea,2022-05-22T15:00:00Z,Moussa Sissoko,3,4.3,1.0,Sissoko,False,,,2122
506,38,4,Watford,Chelsea,2022-05-22T15:00:00Z,Ben Foster,1,4.2,1.0,Foster,False,,,2122
507,38,4,Watford,Chelsea,2022-05-22T15:00:00Z,Danny Rose,2,4.2,0.0,Rose,False,,,2122
508,38,4,Watford,Chelsea,2022-05-22T15:00:00Z,Dan Gosling,3,4.7,1.0,Gosling,False,,,2122
509,38,4,Watford,Chelsea,2022-05-22T15:00:00Z,Craig Cathcart,2,4.2,1.0,Cathcart,False,,,2122
510,38,4,Watford,Chelsea,2022-05-22T15:00:00Z,Troy Deeney,4,5.4,0.0,Deeney,False,,,2122
511,38,4,Watford,Chelsea,2022-05-22T15:00:00Z,Tom Cleverley,3,4.8,0.0,Cleverley,False,,,2122
512,38,4,Watford,Chelsea,2022-05-22T15:00:00Z,Francisco Femenía Far,2,4.3,0.25,Femenía,False,,,2122
513,38,4,Watford,Chelsea,2022-05-22T15:00:00Z,Andre Gray,4,5.4,0.0,Gray,False,,,2122
514,38,4,Watford,Chelsea,2022-05-22T15:00:00Z,Christian Kabasele,2,4.3,1.0,Kabasele,False,,,2122
515,38,4,Watford,Chelsea,2022-05-22T15:00:00Z,Nathaniel Chalobah,3,5.0,0.0,Chalobah,False,,,2122
516,38,4,Watford,Chelsea,2022-05-22T15:00:00Z,William Troost-Ekong,2,4.3,1.0,Troost-Ekong,False,,,2122
517,38,4,Watford,Chelsea,2022-05-22T15:00:00Z,Stipe Perica,4,4.5,0.0,Perica,False,,,2122
518,38,4,Watford,Chelsea,2022-05-22T15:00:00Z,Daniel Bachmann,1,4.0,1.0,Bachmann,False,,,2122
519,38,4,Watford,Chelsea,2022-05-22T15:00:00Z,Adam Masina,2,4.3,1.0,Masina,False,,,2122
520,38,4,Watford,Chelsea,2022-05-22T15:00:00Z,Ken Sema,3,5.2,1.0,Sema,False,,,2122
521,38,4,Watford,Chelsea,2022-05-22T15:00:00Z,Philip Zinckernagel,3,5.5,0.0,Zinckernagel,False,,,2122
522,38,4,Watford,Chelsea,2022-05-22T15:00:00Z,Isaac Success Ajayi,4,5.0,0.0,Success,False,,,2122
523,38,4,Watford,Chelsea,2022-05-22T15:00:00Z,Ayotomiwa Dele-Bashiru,3,4.5,0.0,Dele-Bashiru,False,,,2122
524,38,4,Watford,Chelsea,2022-05-22T15:00:00Z,Ashley Fletcher,4,4.8,0.0,Fletcher,False,,,2122
525,38,4,Watford,Chelsea,2022-05-22T15:00:00Z,Francisco Sierralta,2,4.3,1.0,Sierralta,False,,,2122
526,38,4,Watford,Chelsea,2022-05-22T15:00:00Z,Domingos Quina,3,4.5,0.0,Quina,False,,,2122
527,38,4,Watford,Chelsea,2022-05-22T15:00:00Z,Marc Navarro,2,4.0,0.0,Navarro,False,,,2122
528,38,4,Watford,Chelsea,2022-05-22T15:00:00Z,Ismaila Sarr,3,5.7,0.0,Sarr,False,,,2122
529,38,4,Watford,Chelsea,2022-05-22T15:00:00Z,Jeremy Ngakia,2,4.2,1.0,Ngakia,False,,,2122
530,38,4,Watford,Chelsea,2022-05-22T15:00:00Z,Ben Wilmot,2,4.5,0.0,Wilmot,False,,,2122
531,38,4,Watford,Chelsea,2022-05-22T15:00:00Z,Joseph Hungbo,3,4.5,0.0,Hungbo,False,,,2122
532,38,4,Watford,Chelsea,2022-05-22T15:00:00Z,Imrân Louza,3,5.2,0.0,Louza,False,,,2122
533,38,4,Watford,Chelsea,2022-05-22T15:00:00Z,João Pedro Junqueira de Jesus,4,5.4,1.0,João Pedro,False,,,2122
534,38,4,Watford,Chelsea,2022-05-22T15:00:00Z,Kwadwo Baah,3,4.3,1.0,Baah,False,,,2122
535,38,4,Watford,Chelsea,2022-05-22T15:00:00Z,Emmanuel Dennis,4,5.8,0.0,Dennis,False,,,2122
536,38,4,Watford,Chelsea,2022-05-22T15:00:00Z,Matthew Pollock,2,4.0,0.0,Pollock,False,,,2122
537,38,4,Watford,Chelsea,2022-05-22T15:00:00Z,Oghenekaro Peter Etebo,3,4.3,1.0,Etebo,False,,,2122
538,38,4,Watford,Chelsea,2022-05-22T15:00:00Z,Joshua King,4,5.6,0.25,King,False,,,2122
539,38,4,Watford,Chelsea,2022-05-22T15:00:00Z,Adedapo Awokoya-Mebude,4,4.5,0.0,Mebude,False,,,2122
540,38,4,Watford,Chelsea,2022-05-22T15:00:00Z,Juan Camilo Hernández Suárez,4,4.9,0.0,Cucho,False,,,2122
541,38,4,Watford,Chelsea,2022-05-22T15:00:00Z,Juraj Kucka,3,5.5,0.0,Kucka,False,,,2122
542,38,4,Watford,Chelsea,2022-05-22T15:00:00Z,Ozan Tufan,3,5.0,0.0,Tufan,False,,,2122
543,38,4,Watford,Chelsea,2022-05-22T15:00:00Z,Robert Elliot,1,4.0,1.0,Elliot,False,,,2122
544,38,4,Watford,Chelsea,2022-05-22T15:00:00Z,Nicolas Nkoulou,2,4.4,0.75,Nkoulou,False,,,2122
545,38,4,Watford,Chelsea,2022-05-22T15:00:00Z,James Morris,2,4.0,1.0,Morris,False,,,2122
546,38,4,Watford,Chelsea,2022-05-22T15:00:00Z,Vincent Angelini,1,4.0,1.0,Angelini,False,,,2122
547,38,4,Watford,Chelsea,2022-05-22T15:00:00Z,Kamil Conteh,3,4.5,0.0,Conteh,False,,,2122
548,38,4,Watford,Chelsea,2022-05-22T15:00:00Z,Hassane Kamara,2,4.5,1.0,Kamara,False,,,2122
549,38,4,Watford,Chelsea,2022-05-22T15:00:00Z,Samir Caetano de Souza Santos,2,4.5,0.75,Samir,False,,,2122
550,38,4,Watford,Chelsea,2022-05-22T15:00:00Z,Edo Kayembe,3,4.5,1.0,Kayembe,False,,,2122
551,38,4,Watford,Chelsea,2022-05-22T15:00:00Z,Samuel Kalu,3,4.9,1.0,Kalu,False,,,2122
552,38,4,Watford,Chelsea,2022-05-22T15:00:00Z,Shaqai Forde,4,4.5,0.0,Forde,False,,,2122
553,38,4,Watford,Chelsea,2022-05-22T15:00:00Z,Tiago Çukur,4,4.5,1.0,Çukur,False,,,2122
554,38,4,Watford,Chelsea,2022-05-22T15:00:00Z,Adrian Blake,3,4.5,1.0,Blake,False,,,2122
555,38,4,Watford,Chelsea,2022-05-22T15:00:00Z,Jack Grieves,4,4.5,1.0,Grieves,False,,,2122
556,38,5,Manchester United,Crystal Palace,2022-05-22T15:00:00Z,Álvaro Fernández,2,4.0,1.0,Álvaro Fernández,False,,,2122
557,38,5,Manchester United,Crystal Palace,2022-05-22T15:00:00Z,Edinson Cavani,4,8.4,1.0,Cavani,False,,,2122
558,38,5,Manchester United,Crystal Palace,2022-05-22T15:00:00Z,David de Gea,1,5.0,1.0,de Gea,False,,,2122
559,38,5,Manchester United,Crystal Palace,2022-05-22T15:00:00Z,Nemanja Matic,3,4.3,1.0,Matic,False,,,2122
560,38,5,Manchester United,Crystal Palace,2022-05-22T15:00:00Z,Paul Pogba,3,7.4,0.25,Pogba,False,,,2122
561,38,5,Manchester United,Crystal Palace,2022-05-22T15:00:00Z,Harry Maguire,2,5.4,1.0,Maguire,False,,,2122
562,38,5,Manchester United,Crystal Palace,2022-05-22T15:00:00Z,Frederico Rodrigues de Paula Santos,3,4.9,1.0,Fred,False,,,2122
563,38,5,Manchester United,Crystal Palace,2022-05-22T15:00:00Z,Luke Shaw,2,5.0,0.25,Shaw,False,,,2122
564,38,5,Manchester United,Crystal Palace,2022-05-22T15:00:00Z,Jesse Lingard,3,6.7,1.0,Lingard,False,,,2122
565,38,5,Manchester United,Crystal Palace,2022-05-22T15:00:00Z,Bruno Miguel Borges Fernandes,3,11.6,1.0,Fernandes,False,,,2122
566,38,5,Manchester United,Crystal Palace,2022-05-22T15:00:00Z,Anthony Martial,4,7.6,0.0,Martial,False,,,2122
567,38,5,Manchester United,Crystal Palace,2022-05-22T15:00:00Z,Alex Nicolao Telles,2,4.9,1.0,Telles,False,,,2122
568,38,5,Manchester United,Crystal Palace,2022-05-22T15:00:00Z,Dean Henderson,1,4.7,1.0,Henderson,False,,,2122
569,38,5,Manchester United,Crystal Palace,2022-05-22T15:00:00Z,Marcus Rashford,3,9.4,0.75,Rashford,False,,,2122
570,38,5,Manchester United,Crystal Palace,2022-05-22T15:00:00Z,Axel Tuanzebe,2,4.4,0.0,Tuanzebe,False,,,2122
571,38,5,Manchester United,Crystal Palace,2022-05-22T15:00:00Z,Victor Lindelöf,2,4.8,1.0,Lindelöf,False,,,2122
572,38,5,Manchester United,Crystal Palace,2022-05-22T15:00:00Z,Scott McTominay,3,5.4,1.0,McTominay,False,,,2122
573,38,5,Manchester United,Crystal Palace,2022-05-22T15:00:00Z,Eric Bailly,2,4.9,0.5,Bailly,False,,,2122
574,38,5,Manchester United,Crystal Palace,2022-05-22T15:00:00Z,Aaron Wan-Bissaka,2,5.1,1.0,Wan-Bissaka,False,,,2122
575,38,5,Manchester United,Crystal Palace,2022-05-22T15:00:00Z,Mason Greenwood,3,7.1,0.0,Greenwood,False,,,2122
576,38,5,Manchester United,Crystal Palace,2022-05-22T15:00:00Z,Juan Mata,3,4.7,1.0,Mata,False,,,2122
577,38,5,Manchester United,Crystal Palace,2022-05-22T15:00:00Z,Jadon Sancho,3,8.9,0.25,Sancho,False,,,2122
578,38,5,Manchester United,Crystal Palace,2022-05-22T15:00:00Z,Tom Heaton,1,3.9,1.0,Heaton,False,,,2122
579,38,5,Manchester United,Crystal Palace,2022-05-22T15:00:00Z,José Diogo Dalot Teixeira,2,4.2,1.0,Dalot,False,,,2122
580,38,5,Manchester United,Crystal Palace,2022-05-22T15:00:00Z,Andreas Pereira,3,5.0,0.0,Pereira,False,,,2122
581,38,5,Manchester United,Crystal Palace,2022-05-22T15:00:00Z,Anthony Elanga,3,4.8,1.0,Elanga,False,,,2122
582,38,5,Manchester United,Crystal Palace,2022-05-22T15:00:00Z,Raphaël Varane,2,5.5,1.0,Varane,False,,,2122
583,38,5,Manchester United,Crystal Palace,2022-05-22T15:00:00Z,Cristiano Ronaldo dos Santos Aveiro,4,12.2,1.0,Ronaldo,False,,,2122
584,38,5,Manchester United,Crystal Palace,2022-05-22T15:00:00Z,Phil Jones,2,4.5,1.0,Jones,False,,,2122
585,38,5,Manchester United,Crystal Palace,2022-05-22T15:00:00Z,Amad Diallo,3,5.0,0.0,Diallo,False,,,2122
586,38,5,Manchester United,Crystal Palace,2022-05-22T15:00:00Z,Hannibal Mejbri,3,4.5,1.0,Mejbri,False,,,2122
587,38,5,Manchester United,Crystal Palace,2022-05-22T15:00:00Z,Alejandro Garnacho Ferreyra,3,4.5,1.0,Garnacho,False,,,2122
588,38,5,Manchester United,Crystal Palace,2022-05-22T15:00:00Z,Shola Shoretire,3,4.5,1.0,Shoretire,False,,,2122
589,38,6,Southampton,Leicester City,2022-05-22T15:00:00Z,Theo Walcott,3,5.8,1.0,Walcott,False,,,2122
590,38,6,Southampton,Leicester City,2022-05-22T15:00:00Z,Fraser Forster,1,4.4,0.75,Forster,False,,,2122
591,38,6,Southampton,Leicester City,2022-05-22T15:00:00Z,Alex McCarthy,1,4.3,1.0,McCarthy,False,,,2122
592,38,6,Southampton,Leicester City,2022-05-22T15:00:00Z,Oriol Romeu Vidal,3,4.5,1.0,Romeu,False,,,2122
593,38,6,Southampton,Leicester City,2022-05-22T15:00:00Z,Nathan Redmond,3,5.9,1.0,Redmond,False,,,2122
594,38,6,Southampton,Leicester City,2022-05-22T15:00:00Z,Jack Stephens,2,4.4,1.0,Stephens,False,,,2122
595,38,6,Southampton,Leicester City,2022-05-22T15:00:00Z,Stuart Armstrong,3,5.8,1.0,S.Armstrong,False,,,2122
596,38,6,Southampton,Leicester City,2022-05-22T15:00:00Z,James Ward-Prowse,3,6.4,1.0,Ward-Prowse,False,,,2122
597,38,6,Southampton,Leicester City,2022-05-22T15:00:00Z,Kyle Walker-Peters,2,4.8,1.0,Walker-Peters,False,,,2122
598,38,6,Southampton,Leicester City,2022-05-22T15:00:00Z,Jan Bednarek,2,4.4,1.0,Bednarek,False,,,2122
599,38,6,Southampton,Leicester City,2022-05-22T15:00:00Z,Daniel N'Lundulu,4,4.5,0.0,Nlundulu,False,,,2122
600,38,6,Southampton,Leicester City,2022-05-22T15:00:00Z,Che Adams,4,6.5,1.0,Adams,False,,,2122
601,38,6,Southampton,Leicester City,2022-05-22T15:00:00Z,Nathan Tella,3,4.7,1.0,Tella,False,,,2122
602,38,6,Southampton,Leicester City,2022-05-22T15:00:00Z,William Smallbone,3,4.5,1.0,Smallbone,False,,,2122
603,38,6,Southampton,Leicester City,2022-05-22T15:00:00Z,Michael Obafemi,4,4.5,0.0,Obafemi,False,,,2122
604,38,6,Southampton,Leicester City,2022-05-22T15:00:00Z,Ibrahima Diallo,3,4.5,1.0,Diallo,False,,,2122
605,38,6,Southampton,Leicester City,2022-05-22T15:00:00Z,Moussa Djenepo,3,5.2,1.0,Djenepo,False,,,2122
606,38,6,Southampton,Leicester City,2022-05-22T15:00:00Z,Mohammed Salisu,2,4.5,1.0,Salisu,False,,,2122
607,38,6,Southampton,Leicester City,2022-05-22T15:00:00Z,Romain Perraud,2,4.8,0.0,Perraud,False,,,2122
608,38,6,Southampton,Leicester City,2022-05-22T15:00:00Z,Tino Livramento,2,4.2,0.0,Livramento,False,,,2122
609,38,6,Southampton,Leicester City,2022-05-22T15:00:00Z,Mohamed Elyounoussi,3,5.4,1.0,Elyounoussi,False,,,2122
610,38,6,Southampton,Leicester City,2022-05-22T15:00:00Z,Armando Broja,4,5.3,1.0,Broja,False,,,2122
611,38,6,Southampton,Leicester City,2022-05-22T15:00:00Z,Shane Long,4,5.4,1.0,Long,False,,,2122
612,38,6,Southampton,Leicester City,2022-05-22T15:00:00Z,Adam Armstrong,4,5.7,1.0,A.Armstrong,False,,,2122
613,38,6,Southampton,Leicester City,2022-05-22T15:00:00Z,Yan Valery,2,3.9,1.0,Valery,False,,,2122
614,38,6,Southampton,Leicester City,2022-05-22T15:00:00Z,Lyanco Evangelista Silveira Neves Vojnovic,2,4.4,1.0,Lyanco,False,,,2122
615,38,6,Southampton,Leicester City,2022-05-22T15:00:00Z,Harry Lewis,1,3.9,1.0,Lewis,False,,,2122
616,38,6,Southampton,Leicester City,2022-05-22T15:00:00Z,Willy Caballero,1,4.2,1.0,Caballero,False,,,2122
617,38,6,Southampton,Leicester City,2022-05-22T15:00:00Z,Dynel Simeu,2,4.0,0.0,Simeu,False,,,2122
618,38,6,Southampton,Leicester City,2022-05-22T15:00:00Z,Thierry Small,2,4.0,1.0,Small,False,,,2122
619,38,6,Southampton,Leicester City,2022-05-22T15:00:00Z,Kgaogelo Chauke,3,4.5,1.0,Chauke,False,,,2122
620,38,6,Southampton,Leicester City,2022-05-22T15:00:00Z,Tyler Dibling,3,4.5,1.0,Dibling,False,,,2122
621,38,7,Wolverhampton Wanderers,Liverpool,2022-05-22T15:00:00Z,João Filipe Iria Santos Moutinho,3,4.9,1.0,Moutinho,False,,,2122
622,38,7,Wolverhampton Wanderers,Liverpool,2022-05-22T15:00:00Z,Rui Pedro dos Santos Patrício,1,5.0,0.0,Patrício,False,,,2122
623,38,7,Wolverhampton Wanderers,Liverpool,2022-05-22T15:00:00Z,Willy Boly,2,4.9,1.0,Boly,False,,,2122
624,38,7,Wolverhampton Wanderers,Liverpool,2022-05-22T15:00:00Z,Conor Coady,2,4.8,1.0,Coady,False,,,2122
625,38,7,Wolverhampton Wanderers,Liverpool,2022-05-22T15:00:00Z,Raúl Jiménez,4,7.5,1.0,Jiménez,False,,,2122
626,38,7,Wolverhampton Wanderers,Liverpool,2022-05-22T15:00:00Z,Romain Saïss,2,4.8,0.25,Saïss,False,,,2122
627,38,7,Wolverhampton Wanderers,Liverpool,2022-05-22T15:00:00Z,Fernando Marçal,2,4.2,1.0,Marçal,False,,,2122
628,38,7,Wolverhampton Wanderers,Liverpool,2022-05-22T15:00:00Z,Jonathan Castro Otto,2,4.5,1.0,Jonny,False,,,2122
629,38,7,Wolverhampton Wanderers,Liverpool,2022-05-22T15:00:00Z,Leander Dendoncker,3,4.6,1.0,Dendoncker,False,,,2122
630,38,7,Wolverhampton Wanderers,Liverpool,2022-05-22T15:00:00Z,Adama Traoré,3,5.6,0.0,Traoré,False,,,2122
631,38,7,Wolverhampton Wanderers,Liverpool,2022-05-22T15:00:00Z,Rúben Diogo da Silva Neves,3,5.2,1.0,Neves,False,,,2122
632,38,7,Wolverhampton Wanderers,Liverpool,2022-05-22T15:00:00Z,Nélson Cabral Semedo,2,4.8,0.0,Semedo,False,,,2122
633,38,7,Wolverhampton Wanderers,Liverpool,2022-05-22T15:00:00Z,Daniel Castelo Podence,3,5.5,1.0,Podence,False,,,2122
634,38,7,Wolverhampton Wanderers,Liverpool,2022-05-22T15:00:00Z,Max Kilman,2,4.5,0.0,Kilman,False,,,2122
635,38,7,Wolverhampton Wanderers,Liverpool,2022-05-22T15:00:00Z,Morgan Gibbs-White,3,4.5,0.0,Gibbs-White,False,,,2122
636,38,7,Wolverhampton Wanderers,Liverpool,2022-05-22T15:00:00Z,Pedro Lomba Neto,3,6.2,1.0,Neto,False,,,2122
637,38,7,Wolverhampton Wanderers,Liverpool,2022-05-22T15:00:00Z,Owen Otasowie,3,4.5,0.0,Otasowie,False,,,2122
638,38,7,Wolverhampton Wanderers,Liverpool,2022-05-22T15:00:00Z,Ki-Jana Hoever,2,3.9,1.0,Hoever,False,,,2122
639,38,7,Wolverhampton Wanderers,Liverpool,2022-05-22T15:00:00Z,Andreas Söndergaard,1,3.9,0.0,Söndergaard,False,,,2122
640,38,7,Wolverhampton Wanderers,Liverpool,2022-05-22T15:00:00Z,Fabio Silva,4,5.6,1.0,Fabio Silva,False,,,2122
641,38,7,Wolverhampton Wanderers,Liverpool,2022-05-22T15:00:00Z,Yerson Mosquera Valdelamar,2,4.4,1.0,Mosquera,False,,,2122
642,38,7,Wolverhampton Wanderers,Liverpool,2022-05-22T15:00:00Z,John Ruddy,1,4.3,1.0,Ruddy,False,,,2122
643,38,7,Wolverhampton Wanderers,Liverpool,2022-05-22T15:00:00Z,Francisco Machado Mota de Castro Trincão,3,5.6,1.0,Trincão,False,,,2122
644,38,7,Wolverhampton Wanderers,Liverpool,2022-05-22T15:00:00Z,Rayan Ait Nouri,2,4.1,1.0,Ait Nouri,False,,,2122
645,38,7,Wolverhampton Wanderers,Liverpool,2022-05-22T15:00:00Z,José Malheiro de Sá,1,5.2,1.0,Sá,False,,,2122
646,38,7,Wolverhampton Wanderers,Liverpool,2022-05-22T15:00:00Z,Patrick Cutrone,4,5.0,0.0,Cutrone,False,,,2122
647,38,7,Wolverhampton Wanderers,Liverpool,2022-05-22T15:00:00Z,Luke Cundle,3,4.4,1.0,Cundle,False,,,2122
648,38,7,Wolverhampton Wanderers,Liverpool,2022-05-22T15:00:00Z,Chem Campbell,3,4.4,1.0,Campbell,False,,,2122
649,38,7,Wolverhampton Wanderers,Liverpool,2022-05-22T15:00:00Z,Christian Marques,2,4.0,0.0,Marques,False,,,2122
650,38,7,Wolverhampton Wanderers,Liverpool,2022-05-22T15:00:00Z,Hee-Chan Hwang,4,5.4,1.0,Hwang,False,,,2122
651,38,7,Wolverhampton Wanderers,Liverpool,2022-05-22T15:00:00Z,Louie Moulden,1,4.0,0.0,Moulden,False,,,2122
652,38,7,Wolverhampton Wanderers,Liverpool,2022-05-22T15:00:00Z,James Storer,1,4.0,1.0,Storer,False,,,2122
653,38,7,Wolverhampton Wanderers,Liverpool,2022-05-22T15:00:00Z,Hugo Bueno,2,4.0,1.0,Bueno,False,,,2122
654,38,7,Wolverhampton Wanderers,Liverpool,2022-05-22T15:00:00Z,Bruno André Cavaco Jordão,3,4.5,0.0,Jordão,False,,,2122
655,38,7,Wolverhampton Wanderers,Liverpool,2022-05-22T15:00:00Z,Toti António Gomes,2,4.4,1.0,Toti,False,,,2122
656,38,7,Wolverhampton Wanderers,Liverpool,2022-05-22T15:00:00Z,Dion Sanderson,2,4.0,0.0,Sanderson,False,,,2122
657,38,7,Wolverhampton Wanderers,Liverpool,2022-05-22T15:00:00Z,Ryan Giles,3,4.5,0.0,Giles,False,,,2122
658,38,7,Wolverhampton Wanderers,Liverpool,2022-05-22T15:00:00Z,Francisco Jorge Tomás Oliveira,3,5.5,1.0,Chiquinho,False,,,2122
659,38,8,Aston Villa,Manchester City,2022-05-22T15:00:00Z,Calum Chambers,2,4.2,1.0,Chambers,False,,,2122
660,38,8,Aston Villa,Manchester City,2022-05-22T15:00:00Z,Jed Steer,1,3.9,0.0,Steer,False,,,2122
661,38,8,Aston Villa,Manchester City,2022-05-22T15:00:00Z,Conor Hourihane,3,4.9,0.0,Hourihane,False,,,2122
662,38,8,Aston Villa,Manchester City,2022-05-22T15:00:00Z,Emiliano Martínez,1,5.5,1.0,Martínez,False,,,2122
663,38,8,Aston Villa,Manchester City,2022-05-22T15:00:00Z,Björn Engels,2,4.5,0.0,Engels,False,,,2122
664,38,8,Aston Villa,Manchester City,2022-05-22T15:00:00Z,Bertrand Traoré,3,5.7,1.0,Traoré,False,,,2122
665,38,8,Aston Villa,Manchester City,2022-05-22T15:00:00Z,Morgan Sanson,3,5.0,1.0,Sanson,False,,,2122
666,38,8,Aston Villa,Manchester City,2022-05-22T15:00:00Z,John McGinn,3,5.6,1.0,McGinn,False,,,2122
667,38,8,Aston Villa,Manchester City,2022-05-22T15:00:00Z,Kortney Hause,2,4.4,0.0,Hause,False,,,2122
668,38,8,Aston Villa,Manchester City,2022-05-22T15:00:00Z,Mahmoud Ahmed Ibrahim Hassan,3,5.4,0.0,Trézéguet,False,,,2122
669,38,8,Aston Villa,Manchester City,2022-05-22T15:00:00Z,Tyrone Mings,2,5.0,1.0,Mings,False,,,2122
670,38,8,Aston Villa,Manchester City,2022-05-22T15:00:00Z,Ollie Watkins,4,7.5,1.0,Watkins,False,,,2122
671,38,8,Aston Villa,Manchester City,2022-05-22T15:00:00Z,Marvelous Nakamba,3,4.4,1.0,Nakamba,False,,,2122
672,38,8,Aston Villa,Manchester City,2022-05-22T15:00:00Z,Emiliano Buendía Stati,3,6.1,1.0,Buendía,False,,,2122
673,38,8,Aston Villa,Manchester City,2022-05-22T15:00:00Z,Matthew Cash,2,5.3,1.0,Cash,False,,,2122
674,38,8,Aston Villa,Manchester City,2022-05-22T15:00:00Z,Ezri Konsa Ngoyo,2,4.9,0.0,Konsa,False,,,2122
675,38,8,Aston Villa,Manchester City,2022-05-22T15:00:00Z,Frédéric Guilbert,2,4.5,0.0,Guilbert,False,,,2122
676,38,8,Aston Villa,Manchester City,2022-05-22T15:00:00Z,Wesley Moraes,4,5.4,0.0,Wesley,False,,,2122
677,38,8,Aston Villa,Manchester City,2022-05-22T15:00:00Z,Mbwana Ally Samatta,4,5.5,0.0,Samatta,False,,,2122
678,38,8,Aston Villa,Manchester City,2022-05-22T15:00:00Z,Keinan Davis,4,4.5,0.0,Davis,False,,,2122
679,38,8,Aston Villa,Manchester City,2022-05-22T15:00:00Z,Douglas Luiz Soares de Paulo,3,4.3,1.0,Douglas Luiz,False,,,2122
680,38,8,Aston Villa,Manchester City,2022-05-22T15:00:00Z,Jacob Ramsey,3,4.7,1.0,Ramsey,False,,,2122
681,38,8,Aston Villa,Manchester City,2022-05-22T15:00:00Z,Ashley Young,2,4.7,1.0,Young,False,,,2122
682,38,8,Aston Villa,Manchester City,2022-05-22T15:00:00Z,Lucas Digne,2,5.0,1.0,Digne,False,,,2122
683,38,8,Aston Villa,Manchester City,2022-05-22T15:00:00Z,Danny Ings,4,7.7,1.0,Ings,False,,,2122
684,38,8,Aston Villa,Manchester City,2022-05-22T15:00:00Z,Leon Bailey,3,6.3,0.25,Bailey,False,,,2122
685,38,8,Aston Villa,Manchester City,2022-05-22T15:00:00Z,Aaron Ramsey,3,4.4,0.0,Ramsey,False,,,2122
686,38,8,Aston Villa,Manchester City,2022-05-22T15:00:00Z,Jaden Philogene-Bidace,3,5.0,0.0,Philogene-Bidace,False,,,2122
687,38,8,Aston Villa,Manchester City,2022-05-22T15:00:00Z,Carney Chukwuemeka,3,4.5,1.0,Chukwuemeka,False,,,2122
688,38,8,Aston Villa,Manchester City,2022-05-22T15:00:00Z,Cameron Archer,4,4.5,0.0,Archer,False,,,2122
689,38,8,Aston Villa,Manchester City,2022-05-22T15:00:00Z,Viljami Sinisalo,1,4.0,1.0,Sinisalo,False,,,2122
690,38,8,Aston Villa,Manchester City,2022-05-22T15:00:00Z,Lamare Bogarde,2,4.0,1.0,Bogarde,False,,,2122
691,38,8,Aston Villa,Manchester City,2022-05-22T15:00:00Z,Tim Iroegbunam,3,4.5,1.0,Iroegbunam,False,,,2122
692,38,8,Aston Villa,Manchester City,2022-05-22T15:00:00Z,Filip Marschall,1,4.0,0.0,Marschall,False,,,2122
693,38,8,Aston Villa,Manchester City,2022-05-22T15:00:00Z,Josh Feeney,2,4.0,1.0,Feeney,False,,,2122
694,38,8,Aston Villa,Manchester City,2022-05-22T15:00:00Z,Philippe Coutinho Correia,3,7.1,1.0,Coutinho,False,,,2122
695,38,8,Aston Villa,Manchester City,2022-05-22T15:00:00Z,Kaine Hayden,2,4.0,1.0,Hayden,False,,,2122
696,38,8,Aston Villa,Manchester City,2022-05-22T15:00:00Z,Robin Olsen,1,4.0,1.0,Olsen,False,,,2122
697,38,8,Aston Villa,Manchester City,2022-05-22T15:00:00Z,Benjamin Chrisene,3,4.5,1.0,Chrisene,False,,,2122
698,38,8,Aston Villa,Manchester City,2022-05-22T15:00:00Z,Tommi O'Reilly,3,4.5,1.0,O'Reilly,False,,,2122
699,38,9,Tottenham Hotspur,Norwich,2022-05-22T15:00:00Z,Ben Davies,2,4.5,1.0,Davies,False,,,2122
700,38,9,Tottenham Hotspur,Norwich,2022-05-22T15:00:00Z,Joe Hart,1,4.5,0.0,Hart,False,,,2122
701,38,9,Tottenham Hotspur,Norwich,2022-05-22T15:00:00Z,Hugo Lloris,1,5.5,1.0,Lloris,False,,,2122
702,38,9,Tottenham Hotspur,Norwich,2022-05-22T15:00:00Z,Toby Alderweireld,2,5.0,0.0,Alderweireld,False,,,2122
703,38,9,Tottenham Hotspur,Norwich,2022-05-22T15:00:00Z,Erik Lamela,3,6.0,0.0,Lamela,False,,,2122
704,38,9,Tottenham Hotspur,Norwich,2022-05-22T15:00:00Z,Harry Kane,4,12.5,1.0,Kane,False,,,2122
705,38,9,Tottenham Hotspur,Norwich,2022-05-22T15:00:00Z,Serge Aurier,2,4.9,0.0,Aurier,False,,,2122
706,38,9,Tottenham Hotspur,Norwich,2022-05-22T15:00:00Z,Heung-Min Son,3,11.2,1.0,Son,False,,,2122
707,38,9,Tottenham Hotspur,Norwich,2022-05-22T15:00:00Z,Matt Doherty,2,4.5,0.0,Doherty,False,,,2122
708,38,9,Tottenham Hotspur,Norwich,2022-05-22T15:00:00Z,Eric Dier,2,4.7,1.0,Dier,False,,,2122
709,38,9,Tottenham Hotspur,Norwich,2022-05-22T15:00:00Z,Lucas Rodrigues Moura da Silva,3,5.9,1.0,Lucas Moura,False,,,2122
710,38,9,Tottenham Hotspur,Norwich,2022-05-22T15:00:00Z,Pierre-Emile Højbjerg,3,4.8,1.0,Højbjerg,False,,,2122
711,38,9,Tottenham Hotspur,Norwich,2022-05-22T15:00:00Z,Harry Winks,3,4.4,1.0,Winks,False,,,2122
712,38,9,Tottenham Hotspur,Norwich,2022-05-22T15:00:00Z,Davinson Sánchez,2,4.2,1.0,Sánchez,False,,,2122
713,38,9,Tottenham Hotspur,Norwich,2022-05-22T15:00:00Z,Ryan Sessegnon,2,4.3,1.0,Sessegnon,False,,,2122
714,38,9,Tottenham Hotspur,Norwich,2022-05-22T15:00:00Z,Steven Bergwijn,3,5.9,1.0,Bergwijn,False,,,2122
715,38,9,Tottenham Hotspur,Norwich,2022-05-22T15:00:00Z,Sergio Reguilón,2,5.0,0.0,Reguilón,False,,,2122
716,38,9,Tottenham Hotspur,Norwich,2022-05-22T15:00:00Z,Japhet Tanganga,2,4.2,0.0,Tanganga,False,,,2122
717,38,9,Tottenham Hotspur,Norwich,2022-05-22T15:00:00Z,Giovani Lo Celso,3,5.9,0.0,Lo Celso,False,,,2122
718,38,9,Tottenham Hotspur,Norwich,2022-05-22T15:00:00Z,Oliver Skipp,3,4.4,0.0,Skipp,False,,,2122
719,38,9,Tottenham Hotspur,Norwich,2022-05-22T15:00:00Z,Joe Rodon,2,4.2,1.0,Rodon,False,,,2122
720,38,9,Tottenham Hotspur,Norwich,2022-05-22T15:00:00Z,Tanguy Ndombele,3,5.7,0.0,Ndombele,False,,,2122
721,38,9,Tottenham Hotspur,Norwich,2022-05-22T15:00:00Z,Pierluigi Gollini,1,4.2,1.0,Gollini,False,,,2122
722,38,9,Tottenham Hotspur,Norwich,2022-05-22T15:00:00Z,Bryan Gil Salvatierra,3,5.7,0.0,Bryan,False,,,2122
723,38,9,Tottenham Hotspur,Norwich,2022-05-22T15:00:00Z,Cristian Romero,2,4.8,0.0,Romero,False,,,2122
724,38,9,Tottenham Hotspur,Norwich,2022-05-22T15:00:00Z,Dane Scarlett,4,4.5,1.0,Scarlett,False,,,2122
725,38,9,Tottenham Hotspur,Norwich,2022-05-22T15:00:00Z,Emerson Aparecido Leite de Souza Junior,2,4.6,1.0,Emerson Royal,False,,,2122
726,38,9,Tottenham Hotspur,Norwich,2022-05-22T15:00:00Z,Dilan Markanday,3,4.5,0.0,Markanday,False,,,2122
727,38,9,Tottenham Hotspur,Norwich,2022-05-22T15:00:00Z,Tobi Omole,2,3.9,1.0,Omole,False,,,2122
728,38,9,Tottenham Hotspur,Norwich,2022-05-22T15:00:00Z,Brandon Austin,1,4.0,1.0,Austin,False,,,2122
729,38,9,Tottenham Hotspur,Norwich,2022-05-22T15:00:00Z,Harvey White,3,4.4,1.0,White,False,,,2122
730,38,9,Tottenham Hotspur,Norwich,2022-05-22T15:00:00Z,Dejan Kulusevski,3,6.3,1.0,Kulusevski,False,,,2122
731,38,9,Tottenham Hotspur,Norwich,2022-05-22T15:00:00Z,Rodrigo Bentancur,3,4.9,1.0,Bentancur,False,,,2122
732,38,9,Tottenham Hotspur,Norwich,2022-05-22T15:00:00Z,Alfie Devine,3,4.5,1.0,Devine,False,,,2122
733,38,9,Tottenham Hotspur,Norwich,2022-05-22T15:00:00Z,Jamie Bowden,3,4.5,1.0,Bowden,False,,,2122
734,38,9,Tottenham Hotspur,Norwich,2022-05-22T15:00:00Z,Marcel Lavinier,2,4.0,1.0,Lavinier,False,,,2122
735,38,9,Tottenham Hotspur,Norwich,2022-05-22T15:00:00Z,Matthew Craig,3,4.5,1.0,Craig,False,,,2122
