,gw,player,team,opponent_team,position,price,play_proba,short_name,was_home,predicted_points,minutes
0,38,Mesut Özil,Arsenal,Brighton and Hove Albion,3,6.7,0.0,Özil,True,0.01529333,0.0
1,38,Sokratis Papastathopoulos,Arsenal,Brighton and Hove Albion,2,4.8,0.0,Sokratis,True,-0.0026093125,0.0
2,38,David Luiz Moreira Marinho,Arsenal,Brighton and Hove Albion,2,5.4,0.5,David Luiz,True,1.0992898,26.0
3,38,Pierre-Emerick Aubameyang,Arsenal,Brighton and Hove Albion,3,11.3,1.0,Aubameyang,True,4.2239633,61.25
4,38,Cédric Soares,Arsenal,Brighton and Hove Albion,2,4.6,1.0,Cédric,True,0.009354442,0.0
5,38,Alexandre Lacazette,Arsenal,Brighton and Hove Albion,4,8.4,1.0,Lacazette,True,0.08187717,0.0
6,38,Shkodran Mustafi,Arsenal,Brighton and Hove Albion,2,5.0,0.0,Mustafi,True,0.01529333,0.0
7,38,Bernd Leno,Arsenal,Brighton and Hove Albion,1,5.0,1.0,Leno,True,3.3886023,72.0
8,38,Granit Xhaka,Arsenal,Brighton and Hove Albion,3,5.2,1.0,Xhaka,True,1.1032798,45.0
9,38,Pablo Marí,Arsenal,Brighton and Hove Albion,2,4.4,1.0,Marí,True,1.1430541,36.0
10,38,Héctor Bellerín,Arsenal,Brighton and Hove Albion,2,5.0,0.0,Bellerín,True,0.038821667,0.0
11,38,Calum Chambers,Arsenal,Brighton and Hove Albion,2,4.5,1.0,Chambers,True,2.54626,60.2
12,38,Sead Kolasinac,Arsenal,Brighton and Hove Albion,2,4.8,0.0,Kolasinac,True,0.0020645559,0.0
13,38,Rob Holding,Arsenal,Brighton and Hove Albion,2,4.3,1.0,Holding,True,3.1627893,72.0
14,38,Kieran Tierney,Arsenal,Brighton and Hove Albion,2,5.2,1.0,Tierney,True,3.9139462,77.0
15,38,Nicolas Pépé,Arsenal,Brighton and Hove Albion,3,7.7,1.0,Pépé,True,1.8049679,53.0
16,38,Lucas Torreira,Arsenal,Brighton and Hove Albion,3,4.7,0.0,Torreira,True,-0.0026093125,0.0
17,38,Reiss Nelson,Arsenal,Brighton and Hove Albion,3,5.1,1.0,Nelson,True,-0.003456533,0.0
18,38,Edward Nketiah,Arsenal,Brighton and Hove Albion,4,5.3,1.0,Nketiah,True,1.4337782,14.6
19,38,Emile Smith Rowe,Arsenal,Brighton and Hove Albion,3,4.2,1.0,Smith Rowe,True,3.6951594,66.4
20,38,Bukayo Saka,Arsenal,Brighton and Hove Albion,3,5.1,1.0,Saka,True,2.9980576,61.8
21,38,Matteo Guendouzi,Arsenal,Brighton and Hove Albion,3,4.7,0.0,Guendouzi,True,-0.0026093125,0.0
22,38,Gabriel Teodoro Martinelli Silva,Arsenal,Brighton and Hove Albion,3,4.9,1.0,Martinelli,True,1.624896,35.4
23,38,William Saliba,Arsenal,Brighton and Hove Albion,2,4.0,0.0,Saliba,True,-0.0026093125,0.0
24,38,Mathew Ryan,Arsenal,Brighton and Hove Albion,1,4.1,0.0,Ryan,True,-0.010920227,0.0
25,38,Willian Borges Da Silva,Arsenal,Brighton and Hove Albion,3,7.5,1.0,Willian,True,1.6887268,37.4
26,38,Gabriel Magalhães,Arsenal,Brighton and Hove Albion,2,4.9,1.0,Gabriel,True,3.248476,72.0
27,38,Daniel Ceballos Fernández,Arsenal,Brighton and Hove Albion,3,4.7,1.0,Ceballos,True,1.248215,51.0
28,38,Mohamed Naser El Sayed Elneny,Arsenal,Brighton and Hove Albion,3,4.2,1.0,Elneny,True,2.907159,72.0
29,38,Matt Macey,Arsenal,Brighton and Hove Albion,1,4.0,0.0,Macey,True,-0.0020949244,0.0
30,38,Rúnar Alex Rúnarsson,Arsenal,Brighton and Hove Albion,1,4.4,1.0,Rúnarsson,True,-0.002246201,0.0
31,38,Thomas Partey,Arsenal,Brighton and Hove Albion,3,4.9,1.0,Partey,True,1.1238291,55.2
32,38,Martin Ødegaard,Arsenal,Brighton and Hove Albion,3,5.6,1.0,Ødegaard,True,1.3718791,49.75
33,38,Miguel Azeez,Arsenal,Brighton and Hove Albion,3,4.5,1.0,Azeez,True,-0.0026093125,0.0
34,38,Emiliano Martínez,Aston Villa,Chelsea,1,5.4,1.0,Martínez,True,3.816912,90.0
35,38,Tom Heaton,Aston Villa,Chelsea,1,4.5,1.0,Heaton,True,0.026927948,0.0
36,38,Ahmed El Mohamady,Aston Villa,Chelsea,2,4.2,1.0,El Mohamady,True,0.9087237,37.5
37,38,Henri Lansbury,Aston Villa,Chelsea,3,4.3,0.0,Lansbury,True,0.0076637864,0.0
38,38,Neil Taylor,Aston Villa,Chelsea,2,4.2,1.0,Taylor,True,0.008276969,0.0
39,38,Jed Steer,Aston Villa,Chelsea,1,3.9,1.0,Steer,True,0.007461399,0.0
40,38,Conor Hourihane,Aston Villa,Chelsea,3,5.9,0.0,Hourihane,True,0.0076637864,0.0
41,38,José Ignacio Peleteiro Romallo,Aston Villa,Chelsea,3,5.9,0.0,Jota,True,0.0076637864,0.0
42,38,Ørjan Nyland,Aston Villa,Chelsea,1,4.0,0.0,Nyland,True,0.009025276,0.0
43,38,Bjorn Engels,Aston Villa,Chelsea,2,4.4,1.0,Engels,True,0.008276969,0.0
44,38,Jack Grealish,Aston Villa,Chelsea,3,7.5,1.0,Grealish,True,1.3925213,49.0
45,38,John McGinn,Aston Villa,Chelsea,3,5.5,1.0,McGinn,True,2.8187675,90.0
46,38,Kortney Hause,Aston Villa,Chelsea,2,4.4,1.0,Hause,True,0.83059907,30.0
47,38,Mahmoud Ahmed Ibrahim Hassan,Aston Villa,Chelsea,3,5.2,0.0,Trézéguet,True,0.011769295,0.0
48,38,Tyrone Mings,Aston Villa,Chelsea,2,5.4,1.0,Mings,True,2.1533232,72.0
49,38,Matt Targett,Aston Villa,Chelsea,2,5.0,1.0,Targett,True,2.628299,90.0
50,38,James Bree,Aston Villa,Chelsea,2,4.5,0.0,Bree,True,0.008276969,0.0
51,38,Marvelous Nakamba,Aston Villa,Chelsea,3,4.3,1.0,Nakamba,True,1.0834167,14.666666666666664
52,38,Anwar El Ghazi,Aston Villa,Chelsea,3,5.2,1.0,El Ghazi,True,4.0740385,87.33333333333331
53,38,Ezri Konsa Ngoyo,Aston Villa,Chelsea,2,4.7,1.0,Konsa,True,2.6169343,90.0
54,38,Frédéric Guilbert,Aston Villa,Chelsea,2,4.3,0.0,Guilbert,True,0.008276969,0.0
55,38,Wesley Moraes,Aston Villa,Chelsea,4,6.0,1.0,Wesley,True,1.022836,2.8
56,38,Mbwana Samatta,Aston Villa,Chelsea,4,5.9,0.0,Samatta,True,0.01149717,0.0
57,38,Keinan Davis,Aston Villa,Chelsea,4,4.2,1.0,Davis,True,1.5158954,19.5
58,38,Indiana Vassilev,Aston Villa,Chelsea,4,4.3,0.0,Vassilev,True,0.009933293,0.0
59,38,Douglas Luiz Soares de Paulo,Aston Villa,Chelsea,3,4.8,1.0,Douglas Luiz,True,2.3739974,71.33333333333333
60,38,Ross Barkley,Aston Villa,Chelsea,3,5.8,0.0,Barkley,True,0.036009073,0.0
61,38,Matthew Cash,Aston Villa,Chelsea,2,5.0,0.0,Cash,True,0.008888096,0.0
62,38,Ollie Watkins,Aston Villa,Chelsea,4,6.3,1.0,Watkins,True,3.633217,74.66666666666667
63,38,Bertrand Traoré,Aston Villa,Chelsea,3,5.8,1.0,Traoré,True,3.7369118,81.83333333333333
64,38,Jacob Ramsey,Aston Villa,Chelsea,3,4.5,1.0,Ramsey,True,1.3405561,24.66666666666667
65,38,Morgan Sanson,Aston Villa,Chelsea,3,5.5,0.0,Sanson,True,0.009206951,0.0
66,38,Kaine Hayden,Aston Villa,Chelsea,3,4.5,1.0,Hayden,True,0.008510977,0.0
67,38,Carney Chukwuemeka,Aston Villa,Chelsea,3,4.5,1.0,Chukwuemeka,True,-0.03336823,0.16666666666666666
68,38,Jaden Philogene-Bidace,Aston Villa,Chelsea,3,4.4,1.0,Philogene-Bidace,True,-0.03336823,0.16666666666666666
355,38,Glenn Murray,Brighton and Hove Albion,Arsenal,4,4.8,0.0,Murray,False,0.010424286,0.0
356,38,Adam Lallana,Brighton and Hove Albion,Arsenal,3,6.2,1.0,Lallana,False,2.7407558,65.5
357,38,Pascal Groß,Brighton and Hove Albion,Arsenal,3,5.8,1.0,Groß,False,3.6295033,85.2
358,38,Shane Duffy,Brighton and Hove Albion,Arsenal,2,4.3,0.0,Duffy,False,0.009428859,0.0
359,38,Davy Pröpper,Brighton and Hove Albion,Arsenal,3,4.7,0.0,Pröpper,False,0.01659578,0.0
360,38,Aaron Mooy,Brighton and Hove Albion,Arsenal,3,5.0,0.0,Mooy,False,0.009662837,0.0
361,38,Dan Burn,Brighton and Hove Albion,Arsenal,2,4.2,1.0,Burn,False,2.0374284,72.0
362,38,Lewis Dunk,Brighton and Hove Albion,Arsenal,2,4.8,1.0,Dunk,False,2.6943173,77.33333333333333
363,38,Martín Montoya,Brighton and Hove Albion,Arsenal,2,4.5,0.0,Montoya,False,-0.00078099966,0.0
364,38,Florin Andone,Brighton and Hove Albion,Arsenal,4,4.8,1.0,Andone,False,0.0049031973,0.0
365,38,Solomon March,Brighton and Hove Albion,Arsenal,3,4.9,0.0,March,False,0.018339008,0.0
366,38,Adam Webster,Brighton and Hove Albion,Arsenal,2,4.3,1.0,Webster,False,2.3296394,90.0
367,38,Joël Veltman,Brighton and Hove Albion,Arsenal,2,4.3,0.0,Veltman,False,0.043144137,0.0
368,38,Neal Maupay,Brighton and Hove Albion,Arsenal,4,5.8,0.0,Maupay,False,0.041212678,0.0
369,38,Leandro Trossard,Brighton and Hove Albion,Arsenal,3,5.5,1.0,Trossard,False,3.0427344,72.0
370,38,Alireza Jahanbakhsh,Brighton and Hove Albion,Arsenal,3,5.4,1.0,Jahanbakhsh,False,1.2109039,42.0
371,38,José Izquierdo,Brighton and Hove Albion,Arsenal,3,5.5,0.0,Izquierdo,False,-0.011706054,0.0
372,38,Matthew Clarke,Brighton and Hove Albion,Arsenal,2,4.4,0.0,Clarke,False,-0.00078099966,0.0
373,38,Ben White,Brighton and Hove Albion,Arsenal,2,4.5,1.0,White,False,2.3305554,90.0
374,38,Bernardo Fernandes da Silva Junior,Brighton and Hove Albion,Arsenal,2,3.9,0.0,Bernardo,False,-0.0017940998,0.0
375,38,Yves Bissouma,Brighton and Hove Albion,Arsenal,3,4.4,1.0,Bissouma,False,2.4904923,90.0
376,38,Tariq Lamptey,Brighton and Hove Albion,Arsenal,2,4.6,0.0,Lamptey,False,-0.0016282797,0.0
377,38,Aaron Connolly,Brighton and Hove Albion,Arsenal,4,5.2,1.0,Connolly,False,1.1390604,4.6
378,38,Steven Alzate,Brighton and Hove Albion,Arsenal,3,4.1,1.0,Alzate,False,1.1852205,26.0
379,38,Alexis Mac Allister,Brighton and Hove Albion,Arsenal,3,5.3,1.0,Mac Allister,False,1.1468112,24.6
380,38,Christian Walton,Brighton and Hove Albion,Arsenal,1,4.0,1.0,Walton,False,-3.272295e-05,0.0
381,38,Jason Steele,Brighton and Hove Albion,Arsenal,1,3.9,1.0,Steele,False,-3.272295e-05,0.0
382,38,Jayson Molumby,Brighton and Hove Albion,Arsenal,3,4.5,0.0,Molumby,False,-0.002110958,0.0
383,38,Andi Zeqiri,Brighton and Hove Albion,Arsenal,4,5.0,1.0,Zeqiri,False,1.1865435,8.8
384,38,Danny Welbeck,Brighton and Hove Albion,Arsenal,4,5.5,0.0,Welbeck,False,0.05483699,0.0
385,38,Robert Sánchez,Brighton and Hove Albion,Arsenal,1,4.5,1.0,Sánchez,False,3.0398877,90.0
386,38,Percy Tau,Brighton and Hove Albion,Arsenal,3,4.9,1.0,Tau,False,1.1428111,8.5
387,38,Jakub Moder,Brighton and Hove Albion,Arsenal,3,5.0,1.0,Moder,False,0.9777298,55.8
388,38,Reda Khadra,Brighton and Hove Albion,Arsenal,3,4.5,1.0,Khadra,False,-0.0018172264,0.0
389,38,Teddy Jenks,Brighton and Hove Albion,Arsenal,3,4.5,1.0,Jenks,False,-0.00054705143,0.0
390,38,Max Sanders,Brighton and Hove Albion,Arsenal,3,4.5,0.0,Sanders,False,-0.00054705143,0.0
391,38,Jensen Weir,Brighton and Hove Albion,Arsenal,3,4.5,1.0,Weir,False,-0.00054705143,0.0
392,38,Thomas McGill,Brighton and Hove Albion,Arsenal,1,3.9,1.0,McGill,False,-3.272295e-05,0.0
393,38,Michal Karbownik,Brighton and Hove Albion,Arsenal,2,4.5,1.0,Karbownik,False,-0.00078099966,0.0
394,38,Moisés Caicedo,Brighton and Hove Albion,Arsenal,3,5.0,1.0,Caicedo,False,-0.00054705143,0.0
599,38,Dale Stephens,Burnley,Sheffield United,3,4.2,0.0,Stephens,False,0.04868093,0.0
600,38,James Tarkowski,Burnley,Sheffield United,2,5.3,1.0,Tarkowski,False,3.501389,90.0
601,38,Phil Bardsley,Burnley,Sheffield United,2,4.4,0.0,Bardsley,False,0.024941206,0.0
602,38,Erik Pieters,Burnley,Sheffield United,2,4.3,1.0,Pieters,False,0.034492284,0.0
603,38,Jack Cork,Burnley,Sheffield United,3,5.0,1.0,Cork,False,3.459703,87.0
604,38,Kevin Long,Burnley,Sheffield United,2,4.3,0.0,Long,False,0.014952302,0.0
605,38,Jay Rodriguez,Burnley,Sheffield United,4,5.7,1.0,Rodriguez,False,1.3715765,18.8
606,38,Ashley Barnes,Burnley,Sheffield United,4,6.0,1.0,Barnes,False,1.2706573,8.25
607,38,Ben Mee,Burnley,Sheffield United,2,4.7,1.0,Mee,False,3.2966208,90.0
608,38,Ashley Westwood,Burnley,Sheffield United,3,5.3,1.0,Westwood,False,3.488065,90.0
609,38,Johann Berg Gudmundsson,Burnley,Sheffield United,3,5.4,1.0,Gudmundsson,False,1.3502607,25.0
610,38,Chris Wood,Burnley,Sheffield United,4,6.5,1.0,Wood,False,5.2557063,82.8
611,38,Matthew Lowton,Burnley,Sheffield United,2,4.4,1.0,Lowton,False,3.3043923,90.0
612,38,Matej Vydra,Burnley,Sheffield United,4,4.8,1.0,Vydra,False,1.6361622,55.2
613,38,Ben Gibson,Burnley,Sheffield United,2,3.9,0.0,Gibson,False,0.015965402,0.0
614,38,Robbie Brady,Burnley,Sheffield United,3,5.0,0.0,Brady,False,0.014959663,0.0
615,38,Nick Pope,Burnley,Sheffield United,1,5.5,0.75,Pope,False,3.20978,67.5
616,38,Charlie Taylor,Burnley,Sheffield United,2,4.4,1.0,Taylor,False,3.2394965,90.0
617,38,Josh Brownhill,Burnley,Sheffield United,3,4.9,1.0,Brownhill,False,2.9760656,90.0
618,38,Bailey Peacock-Farrell,Burnley,Sheffield United,1,4.0,1.0,Peacock-Farrell,False,1.1121013,18.0
619,38,Dwight McNeil,Burnley,Sheffield United,3,5.7,1.0,McNeil,False,3.7001264,82.6
620,38,Jimmy Dunne,Burnley,Sheffield United,2,3.8,1.0,Dunne,False,0.015409559,0.0
621,38,Bobby Thomas,Burnley,Sheffield United,2,3.9,0.0,Thomas,False,0.01625675,0.0
622,38,Josh Benson,Burnley,Sheffield United,3,4.4,1.0,Benson,False,0.01570329,0.0
623,38,Anthony Driscoll-Glennon,Burnley,Sheffield United,2,3.9,1.0,Driscoll-Glennon,False,0.01625675,0.0
624,38,Mace Goodridge,Burnley,Sheffield United,3,4.5,0.0,Goodridge,False,0.01625675,0.0
625,38,Will Norris,Burnley,Sheffield United,1,4.0,1.0,Norris,False,1.0068882,18.0
626,38,Max Thompson,Burnley,Sheffield United,4,4.5,1.0,Thompson,False,0.017565131,0.0
627,38,Lewis Richardson,Burnley,Sheffield United,4,4.5,1.0,Richardson,False,0.017289579,0.0
628,38,Anthony Mancini,Burnley,Sheffield United,3,4.4,1.0,Mancini,False,0.01625675,0.0
629,38,Joel Mumbongo,Burnley,Sheffield United,4,4.5,1.0,Mumbongo,False,0.017289579,0.0
630,38,Richard Nartey,Burnley,Sheffield United,2,4.0,1.0,Nartey,False,0.01625675,0.0
395,38,Willy Caballero,Chelsea,Aston Villa,1,4.6,1.0,Caballero,False,0.0045704544,0.0
396,38,César Azpilicueta,Chelsea,Aston Villa,2,5.8,1.0,Azpilicueta,False,3.2647831,67.8
397,38,Olivier Giroud,Chelsea,Aston Villa,4,6.7,1.0,Giroud,False,1.1137168,5.2
398,38,Marcos Alonso,Chelsea,Aston Villa,2,5.6,1.0,Alonso,False,1.277525,19.8
399,38,Jorge Luiz Frello Filho,Chelsea,Aston Villa,3,4.7,1.0,Jorginho,False,1.3719667,58.4
400,38,Mateo Kovacic,Chelsea,Aston Villa,3,5.3,1.0,Kovacic,False,1.0720246,58.0
401,38,Antonio Rüdiger,Chelsea,Aston Villa,2,4.7,1.0,Rüdiger,False,1.4392402,54.0
402,38,Kurt Zouma,Chelsea,Aston Villa,2,5.3,1.0,Zouma,False,0.9288893,45.4
403,38,Emerson Palmieri dos Santos,Chelsea,Aston Villa,2,4.7,1.0,Emerson,False,0.0046693683,0.0
404,38,Kepa Arrizabalaga,Chelsea,Aston Villa,1,4.7,1.0,Arrizabalaga,False,1.1010028,18.0
405,38,N'Golo Kanté,Chelsea,Aston Villa,3,4.9,0.75,Kanté,False,1.1799384,31.8
406,38,Hakim Ziyech,Chelsea,Aston Villa,3,7.9,1.0,Ziyech,False,1.4886327,33.6
407,38,Andreas Christensen,Chelsea,Aston Villa,2,4.7,1.0,Christensen,False,0.9085418,45.0
408,38,Timo Werner,Chelsea,Aston Villa,4,9.2,1.0,Werner,False,3.9808464,71.2
409,38,Tammy Abraham,Chelsea,Aston Villa,4,7.1,1.0,Abraham,False,1.1730633,3.4
410,38,Christian Pulisic,Chelsea,Aston Villa,3,8.3,1.0,Pulisic,False,4.043682,68.6
411,38,Mason Mount,Chelsea,Aston Villa,3,7.3,1.0,Mount,False,3.8836567,69.0
412,38,Fikayo Tomori,Chelsea,Aston Villa,2,4.7,0.0,Tomori,False,0.0046693683,0.0
413,38,Callum Hudson-Odoi,Chelsea,Aston Villa,3,5.7,1.0,Hudson-Odoi,False,1.182663,11.8
414,38,Reece James,Chelsea,Aston Villa,2,5.1,1.0,James,False,3.272674,72.8
415,38,Billy Gilmour,Chelsea,Aston Villa,3,4.3,1.0,Gilmour,False,1.1065717,45.0
416,38,Benjamin Chilwell,Chelsea,Aston Villa,2,5.9,1.0,Chilwell,False,3.5185008,70.0
417,38,Thiago Thiago,Chelsea,Aston Villa,2,5.6,1.0,Thiago Silva,False,3.5093327,72.0
418,38,Kai Havertz,Chelsea,Aston Villa,3,8.3,0.75,Havertz,False,1.5368569,23.1
419,38,Edouard Mendy,Chelsea,Aston Villa,1,5.3,1.0,Mendy,False,4.098089,72.0
420,38,Karlo Ziger,Chelsea,Aston Villa,1,4.0,1.0,Ziger,False,0.005417645,0.0
421,38,Faustino Anjorin,Chelsea,Aston Villa,3,4.5,1.0,Anjorin,False,0.0040561557,0.0
422,38,Valentino Livramento,Chelsea,Aston Villa,2,4.0,1.0,Livramento,False,0.0046693683,0.0
528,38,Michy Batshuayi,Crystal Palace,Liverpool,4,5.7,1.0,Batshuayi,False,1.1353157,3.0
529,38,Gary Cahill,Crystal Palace,Liverpool,2,4.5,1.0,Cahill,False,1.8889695,67.5
530,38,Wayne Hennessey,Crystal Palace,Liverpool,1,4.3,1.0,Hennessey,False,0.009342641,0.0
531,38,Mamadou Sakho,Crystal Palace,Liverpool,2,4.4,0.0,Sakho,False,0.007913709,0.0
532,38,Vicente Guaita,Crystal Palace,Liverpool,1,4.8,1.0,Guaita,False,2.5451133,75.0
533,38,James Tomkins,Crystal Palace,Liverpool,2,4.4,1.0,Tomkins,False,0.79230404,26.75
534,38,James McArthur,Crystal Palace,Liverpool,3,5.2,0.0,McArthur,False,0.02877894,0.0
535,38,James McCarthy,Crystal Palace,Liverpool,3,4.3,1.0,McCarthy,False,1.1077545,26.66666666666667
536,38,Christian Benteke,Crystal Palace,Liverpool,4,5.5,0.75,Benteke,False,2.5737038,61.5
537,38,Cheikhou Kouyaté,Crystal Palace,Liverpool,3,4.8,1.0,Kouyaté,False,2.3991446,90.0
538,38,Joel Ward,Crystal Palace,Liverpool,2,4.3,1.0,Ward,False,1.8786889,90.0
539,38,Martin Kelly,Crystal Palace,Liverpool,2,4.1,1.0,Kelly,False,0.007913709,0.0
540,38,Connor Wickham,Crystal Palace,Liverpool,4,4.4,0.0,Wickham,False,0.004915893,0.0
541,38,Andros Townsend,Crystal Palace,Liverpool,3,5.5,1.0,Townsend,False,1.1697121,57.83333333333334
542,38,Luka Milivojevic,Crystal Palace,Liverpool,3,5.6,0.0,Milivojevic,False,0.15406615,0.0
543,38,Patrick van Aanholt,Crystal Palace,Liverpool,2,5.4,1.0,van Aanholt,False,1.002862,18.0
544,38,Jordan Ayew,Crystal Palace,Liverpool,4,5.6,1.0,Ayew,False,1.3096157,30.33333333333333
545,38,Wilfried Zaha,Crystal Palace,Liverpool,3,7.1,1.0,Zaha,False,2.9440076,90.0
546,38,Jeffrey Schlupp,Crystal Palace,Liverpool,3,5.3,1.0,Schlupp,False,1.0292574,51.66666666666666
547,38,Max Meyer,Crystal Palace,Liverpool,3,4.7,0.0,Meyer,False,-0.0013815761,0.0
548,38,Jairo Riedewald,Crystal Palace,Liverpool,3,4.4,1.0,Riedewald,False,1.0328963,43.33333333333334
549,38,Nathan Ferguson,Crystal Palace,Liverpool,2,3.8,0.0,Ferguson,False,-0.0007683039,0.0
550,38,Tyrick Mitchell,Crystal Palace,Liverpool,2,3.8,1.0,Mitchell,False,1.6362801,75.0
551,38,Brandon Pierrick,Crystal Palace,Liverpool,3,4.3,0.0,Pierrick,False,-0.0020982623,0.0
552,38,Scott Dann,Crystal Palace,Liverpool,2,4.2,0.75,Dann,False,0.91689956,33.75
553,38,Eberechi Eze,Crystal Palace,Liverpool,3,5.8,0.0,Eze,False,0.016952097,0.0
554,38,Sam Woods,Crystal Palace,Liverpool,2,4.0,0.0,Woods,False,-0.0007683039,0.0
555,38,Ryan Inniss,Crystal Palace,Liverpool,2,4.0,0.0,Inniss,False,-0.0007683039,0.0
556,38,Nathaniel Clyne,Crystal Palace,Liverpool,2,4.5,1.0,Clyne,False,0.00238958,0.0
557,38,Stephen Henderson,Crystal Palace,Liverpool,1,4.0,1.0,Henderson,False,-2.002716e-05,0.0
558,38,Jack Butland,Crystal Palace,Liverpool,1,4.5,1.0,Butland,False,1.0329283,15.0
559,38,Jean-Philippe Mateta,Crystal Palace,Liverpool,4,5.3,1.0,Mateta,False,1.1628451,5.666666666666668
560,38,Reece Hannam,Crystal Palace,Liverpool,2,4.0,1.0,Hannam,False,-0.0007683039,0.0
561,38,Jesurun Rak-Sakyi,Crystal Palace,Liverpool,3,4.5,1.0,Rak-Sakyi,False,-0.00053435564,0.0
562,38,Fabian Delph,Everton,Manchester City,3,4.8,1.0,Delph,False,1.0098534,8.166666666666666
563,38,Gylfi Sigurdsson,Everton,Manchester City,3,6.8,1.0,Sigurdsson,False,3.2248077,75.16666666666667
564,38,Jonas Lössl,Everton,Manchester City,1,4.3,0.0,Lössl,False,-0.0047638416,0.0
565,38,Seamus Coleman,Everton,Manchester City,2,4.9,0.0,Coleman,False,0.103070885,0.0
566,38,Cenk Tosun,Everton,Manchester City,4,6.0,0.0,Tosun,False,-0.0018435717,0.0
567,38,Bernard Anício Caldeira Duarte,Everton,Manchester City,3,5.7,1.0,Bernard,False,1.0522752,4.333333333333333
568,38,Lucas Digne,Everton,Manchester City,2,6.2,1.0,Digne,False,2.6718416,90.0
569,38,Michael Keane,Everton,Manchester City,2,5.0,1.0,Keane,False,1.8822271,72.0
570,38,Jordan Pickford,Everton,Manchester City,1,4.8,1.0,Pickford,False,2.7944393,90.0
571,38,André Filipe Tavares Gomes,Everton,Manchester City,3,5.3,1.0,André Gomes,False,1.0814903,28.83333333333333
572,38,Alex Iwobi,Everton,Manchester City,3,5.9,1.0,Iwobi,False,1.2403033,15.0
573,38,Jonjoe Kenny,Everton,Manchester City,2,4.3,0.0,Kenny,False,-0.011033118,0.0
574,38,Jean-Philippe Gbamin,Everton,Manchester City,3,5.0,0.0,Gbamin,False,-0.013459444,0.0
575,38,Yerry Mina,Everton,Manchester City,2,5.5,1.0,Mina,False,0.9109596,15.5
576,38,Tom Davies,Everton,Manchester City,3,5.2,1.0,Davies,False,1.1059041,17.0
577,38,Dominic Calvert-Lewin,Everton,Manchester City,4,7.5,1.0,Calvert-Lewin,False,3.8328257,90.0
578,38,Mason Holgate,Everton,Manchester City,2,4.8,1.0,Holgate,False,0.7926694,57.33333333333334
579,38,Richarlison de Andrade,Everton,Manchester City,4,7.7,1.0,Richarlison,False,4.1129246,88.5
580,38,João Virgínia,Everton,Manchester City,1,4.3,1.0,Virgínia,False,-0.010436058,0.0
581,38,Anthony Gordon,Everton,Manchester City,3,4.3,0.0,Gordon,False,-0.01164633,0.0
582,38,Moise Kean,Everton,Manchester City,4,5.7,0.0,Kean,False,-0.0018435717,0.0
583,38,Jarrad Branthwaite,Everton,Manchester City,2,3.9,0.0,Branthwaite,False,-0.011033118,0.0
584,38,Allan Marques Loureiro,Everton,Manchester City,3,5.2,1.0,Allan,False,2.4338064,90.0
585,38,James Rodríguez,Everton,Manchester City,3,7.7,0.0,Rodríguez,False,-0.0031828284,0.0
586,38,Abdoulaye Doucouré,Everton,Manchester City,3,5.1,1.0,Doucouré,False,2.663212,83.0
587,38,Niels Nkounkou,Everton,Manchester City,2,4.0,1.0,Nkounkou,False,-0.011033118,0.0
588,38,Ben Godfrey,Everton,Manchester City,2,5.1,1.0,Godfrey,False,1.9514956,90.0
589,38,Robin Olsen,Everton,Manchester City,1,4.5,1.0,Olsen,False,-0.013904452,0.0
590,38,Ellis Simms,Everton,Manchester City,4,4.5,0.0,Simms,False,-0.0009963512,0.0
591,38,Tyler Onyango,Everton,Manchester City,3,4.5,1.0,Onyango,False,-0.01079917,0.0
592,38,Joshua King,Everton,Manchester City,4,5.0,1.0,King,False,1.0333186,2.8
593,38,Kyle John,Everton,Manchester City,2,4.0,1.0,John,False,-0.011033118,0.0
594,38,Nathan Broadhead,Everton,Manchester City,3,4.5,1.0,Broadhead,False,-0.015023351,0.0
595,38,Ryan Astley,Everton,Manchester City,2,4.0,1.0,Astley,False,-0.011033118,0.0
596,38,Harry Tyrer,Everton,Manchester City,1,4.0,1.0,Tyrer,False,-0.010284841,0.0
597,38,Reece Welch,Everton,Manchester City,2,4.0,1.0,Welch,False,-0.011033118,0.0
598,38,Isaac Price,Everton,Manchester City,3,4.5,1.0,Price,False,-0.01079917,0.0
69,38,Ruben Loftus-Cheek,Fulham,Newcastle United,3,5.9,1.0,Loftus-Cheek,True,1.2173817,14.333333333333336
70,38,Fabricio Agosto Ramírez,Fulham,Newcastle United,1,3.9,1.0,Fabri,True,-0.008270681,0.0
71,38,Kevin McDonald,Fulham,Newcastle United,3,4.7,0.0,McDonald,True,-0.007937789,0.0
72,38,Maxime Le Marchand,Fulham,Newcastle United,2,4.1,0.0,Le Marchand,True,-0.014015615,0.0
73,38,Stefan Johansen,Fulham,Newcastle United,3,4.7,0.0,Johansen,True,-0.007937789,0.0
74,38,Tom Cairney,Fulham,Newcastle United,3,5.2,0.0,Cairney,True,-0.014015615,0.0
75,38,Tim Ream,Fulham,Newcastle United,2,4.2,1.0,Ream,True,0.9167042,22.5
76,38,Anthony Knockaert,Fulham,Newcastle United,3,5.0,0.0,Knockaert,True,-0.014862835,0.0
77,38,Michael Hector,Fulham,Newcastle United,2,4.1,1.0,Hector,True,-0.007937789,0.0
78,38,Cyrus Christie,Fulham,Newcastle United,2,4.2,0.0,Christie,True,-0.014015615,0.0
79,38,Neeskens Kebano,Fulham,Newcastle United,3,4.7,0.0,Kebano,True,-0.00878495,0.0
80,38,Bobby Decordova-Reid,Fulham,Newcastle United,4,5.3,1.0,Decordova-Reid,True,4.0345507,83.75
81,38,Joe Bryan,Fulham,Newcastle United,2,4.5,1.0,Bryan,True,0.98713446,29.5
82,38,Marcus Bettinelli,Fulham,Newcastle United,1,4.3,0.0,Bettinelli,True,-0.0074234605,0.0
83,38,Aleksandar Mitrović,Fulham,Newcastle United,4,5.5,0.0,Mitrović,True,0.0057983994,0.0
84,38,Alfie Mawson,Fulham,Newcastle United,2,4.3,0.0,Mawson,True,-0.00040334463,0.0
85,38,Marek Rodák,Fulham,Newcastle United,1,4.3,1.0,Rodák,True,-0.0074234605,0.0
86,38,Ivan Ricardo Neves Abreu Cavaleiro,Fulham,Newcastle United,3,5.3,1.0,Cavaleiro,True,3.4151235,86.75
87,38,Josh Onomah,Fulham,Newcastle United,3,4.6,1.0,Onomah,True,1.2924432,27.75
88,38,Jean Michaël Seri,Fulham,Newcastle United,3,4.6,0.0,Seri,True,-0.007937789,0.0
89,38,Aboubakar Kamara,Fulham,Newcastle United,3,4.8,0.0,Kamara,True,-0.0072417855,0.0
90,38,André-Frank Zambo Anguissa,Fulham,Newcastle United,3,4.4,1.0,Anguissa,True,3.0737333,83.0
91,38,Zeze Steven Sessegnon,Fulham,Newcastle United,2,4.3,0.0,Sessegnon,True,-0.007937789,0.0
92,38,Harrison Reed,Fulham,Newcastle United,3,4.4,0.75,Reed,True,1.0741305,22.6875
93,38,Antonee Robinson,Fulham,Newcastle United,2,4.4,0.0,Robinson,True,-0.017105997,0.0
94,38,Mario Lemina,Fulham,Newcastle United,3,4.5,1.0,Lemina,True,3.2007742,85.66666666666667
95,38,Alphonse Areola,Fulham,Newcastle United,1,4.5,1.0,Areola,True,3.353088,90.0
96,38,Kenny Tete,Fulham,Newcastle United,2,4.3,1.0,Tete,True,0.85727155,48.0
97,38,Denis Odoi,Fulham,Newcastle United,2,4.2,1.0,Odoi,True,-0.014015615,0.0
98,38,Ademola Lookman,Fulham,Newcastle United,3,4.7,1.0,Lookman,True,3.3034081,73.75
99,38,Ola Aina,Fulham,Newcastle United,2,4.3,1.0,Aina,True,0.95557076,37.75
100,38,Joachim Andersen,Fulham,Newcastle United,2,4.5,1.0,Andersen,True,3.275423,82.0
101,38,Tosin Adarabioyo,Fulham,Newcastle United,2,4.5,1.0,Adarabioyo,True,3.4649267,85.75
102,38,Terence Kongolo,Fulham,Newcastle United,2,4.3,0.0,Kongolo,True,-0.015028477,0.0
103,38,Josh Maja,Fulham,Newcastle United,4,5.1,1.0,Maja,True,1.5928837,32.5
104,38,Fabio Carvalho,Fulham,Newcastle United,3,4.5,1.0,Carvalho,True,1.5250407,50.66666666666666
105,38,Pablo Hernández Domínguez,Leeds,West Bromwich Albion,3,5.7,1.0,Hernández,True,1.2036614,2.75
106,38,Francisco Casilla Cortés,Leeds,West Bromwich Albion,1,4.1,1.0,Casilla,True,1.4654431,18.0
107,38,Liam Cooper,Leeds,West Bromwich Albion,2,4.3,1.0,Cooper,True,1.1008282,30.0
108,38,Barry Douglas,Leeds,West Bromwich Albion,2,3.8,0.0,Douglas,True,0.0012879372,0.0
109,38,Luke Ayling,Leeds,West Bromwich Albion,2,4.4,1.0,Ayling,True,3.6843796,90.0
110,38,Mateusz Klich,Leeds,West Bromwich Albion,3,5.2,0.0,Klich,True,0.01883012,0.0
111,38,Adam Forshaw,Leeds,West Bromwich Albion,3,4.8,0.0,Forshaw,True,0.0012879372,0.0
112,38,Stuart Dallas,Leeds,West Bromwich Albion,2,5.5,1.0,Dallas,True,4.588858,90.0
113,38,Ezgjan Alioski,Leeds,West Bromwich Albion,2,4.4,1.0,Alioski,True,4.1889544,81.0
114,38,Patrick Bamford,Leeds,West Bromwich Albion,4,6.6,1.0,Bamford,True,4.9668846,74.6
115,38,Jack Harrison,Leeds,West Bromwich Albion,3,5.6,1.0,Harrison,True,4.9552593,85.4
116,38,Kalvin Phillips,Leeds,West Bromwich Albion,3,4.9,1.0,Phillips,True,1.2756832,56.25
117,38,Hélder Wander Sousa de Azevedo e Costa,Leeds,West Bromwich Albion,3,5.0,0.0,Costa,True,0.005263269,0.0
118,38,Tyler Roberts,Leeds,West Bromwich Albion,3,4.6,1.0,Roberts,True,1.333086,49.8
119,38,Jay-Roy Grot,Leeds,West Bromwich Albion,3,4.7,0.0,Grot,True,0.0012879372,0.0
120,38,Kamil Miazek,Leeds,West Bromwich Albion,1,4.0,0.0,Miazek,True,0.001802206,0.0
121,38,Ian Carlo Poveda-Ocampo,Leeds,West Bromwich Albion,3,4.2,1.0,Poveda-Ocampo,True,1.2705137,15.2
122,38,Jamie Shackleton,Leeds,West Bromwich Albion,3,4.8,1.0,Shackleton,True,0.0148025155,0.0
123,38,Pascal Struijk,Leeds,West Bromwich Albion,2,4.0,1.0,Struijk,True,3.7692056,81.0
124,38,Jordan Stevens,Leeds,West Bromwich Albion,3,4.3,0.0,Stevens,True,0.0012879372,0.0
125,38,Illan Meslier,Leeds,West Bromwich Albion,1,4.8,1.0,Meslier,True,3.8870883,72.0
126,38,Leif Davis,Leeds,West Bromwich Albion,2,3.8,1.0,Davis,True,0.00044071674,0.0
127,38,Oliver Casey,Leeds,West Bromwich Albion,2,3.8,1.0,Casey,True,0.0012879372,0.0
128,38,Robin Koch,Leeds,West Bromwich Albion,2,4.3,0.0,Koch,True,-0.0012024641,0.0
129,38,Rodrigo Moreno,Leeds,West Bromwich Albion,4,5.7,1.0,Rodrigo,True,1.9676245,37.75
130,38,Elia Caprile,Leeds,West Bromwich Albion,1,4.0,1.0,Caprile,True,0.001802206,0.0
131,38,Mateusz Bogusz,Leeds,West Bromwich Albion,3,4.3,0.0,Bogusz,True,0.0012879372,0.0
132,38,Diego Llorente,Leeds,West Bromwich Albion,2,4.4,0.0,Llorente,True,0.034526646,0.0
133,38,Raphael Dias Belloli,Leeds,West Bromwich Albion,3,5.6,1.0,Raphinha,True,5.039263,85.0
134,38,Jack Jenkins,Leeds,West Bromwich Albion,3,4.5,1.0,Jenkins,True,0.0012879372,0.0
135,38,Niall Huggins,Leeds,West Bromwich Albion,4,4.5,1.0,Huggins,True,0.006766498,0.0
136,38,Charlie Cresswell,Leeds,West Bromwich Albion,2,4.0,1.0,Cresswell,True,0.0012879372,0.0
137,38,Joe Gelhardt,Leeds,West Bromwich Albion,4,4.5,0.0,Gelhardt,True,0.0077795982,0.0
138,38,Gaetano Berardi,Leeds,West Bromwich Albion,2,4.0,1.0,Berardi,True,1.1643451,9.0
139,38,Sam Greenwood,Leeds,West Bromwich Albion,4,4.5,1.0,Greenwood,True,0.0077795982,0.0
140,38,Crysencio Summerville,Leeds,West Bromwich Albion,3,4.4,1.0,Summerville,True,0.0012879372,0.0
141,38,Cody Drameh,Leeds,West Bromwich Albion,2,4.0,1.0,Drameh,True,0.0012879372,0.0
142,38,Wes Morgan,Leicester City,Tottenham Hotspur,2,4.4,1.0,Morgan,True,0.018711984,0.0
143,38,Kasper Schmeichel,Leicester City,Tottenham Hotspur,1,5.4,1.0,Schmeichel,True,3.2196586,90.0
144,38,Christian Fuchs,Leicester City,Tottenham Hotspur,2,4.5,1.0,Fuchs,True,0.017115742,0.0
145,38,Jonny Evans,Leicester City,Tottenham Hotspur,2,5.6,0.0,Evans,True,0.20489615,0.0
146,38,Adrien Silva,Leicester City,Tottenham Hotspur,3,4.4,0.0,Silva,True,0.009023517,0.0
147,38,Marc Albrighton,Leicester City,Tottenham Hotspur,3,5.2,1.0,Albrighton,True,1.3075097,57.4
148,38,Matty James,Leicester City,Tottenham Hotspur,3,4.3,0.0,James,True,0.009023517,0.0
149,38,Danny Ward,Leicester City,Tottenham Hotspur,1,4.3,1.0,Ward,True,0.009537816,0.0
150,38,Jamie Vardy,Leicester City,Tottenham Hotspur,4,10.2,1.0,Vardy,True,5.095633,87.8
151,38,Dennis Praet,Leicester City,Tottenham Hotspur,3,5.2,1.0,Praet,True,0.008017778,0.0
152,38,Ricardo Domingos Barbosa Pereira,Leicester City,Tottenham Hotspur,2,5.9,1.0,Pereira,True,1.0868273,18.2
153,38,Daniel Amartey,Leicester City,Tottenham Hotspur,2,3.9,1.0,Amartey,True,0.009485483,0.0
154,38,Youri Tielemans,Leicester City,Tottenham Hotspur,3,6.4,1.0,Tielemans,True,3.4280322,90.0
155,38,Ayoze Pérez,Leicester City,Tottenham Hotspur,3,6.0,1.0,Pérez,True,1.3930526,49.2
156,38,Demarai Gray,Leicester City,Tottenham Hotspur,3,5.1,0.0,Gray,True,0.013697416,0.0
157,38,James Maddison,Leicester City,Tottenham Hotspur,3,7.2,1.0,Maddison,True,2.9562707,63.8
158,38,Kelechi Iheanacho,Leicester City,Tottenham Hotspur,4,6.2,1.0,Iheanacho,True,4.8913865,78.0
159,38,Hamza Choudhury,Leicester City,Tottenham Hotspur,3,4.6,1.0,Choudhury,True,0.99807066,2.0
160,38,Harvey Barnes,Leicester City,Tottenham Hotspur,3,6.6,0.0,Barnes,True,0.03694591,0.0
161,38,Wilfred Ndidi,Leicester City,Tottenham Hotspur,3,4.8,1.0,Ndidi,True,3.2055628,84.4
162,38,Filip Benkovic,Leicester City,Tottenham Hotspur,2,4.3,0.0,Benkovic,True,0.00878951,0.0
163,38,Çaglar Söyüncü,Leicester City,Tottenham Hotspur,2,5.3,1.0,Söyüncü,True,2.7687702,90.0
164,38,James Justin,Leicester City,Tottenham Hotspur,2,4.8,0.0,Justin,True,0.008638293,0.0
165,38,Luke Thomas,Leicester City,Tottenham Hotspur,2,4.1,1.0,Thomas,True,2.197784,67.6
166,38,Timothy Castagne,Leicester City,Tottenham Hotspur,2,5.8,1.0,Castagne,True,2.961336,90.0
167,38,Nampalys Mendy,Leicester City,Tottenham Hotspur,3,4.2,1.0,Mendy,True,1.0604172,2.6
168,38,Cengiz Ünder,Leicester City,Tottenham Hotspur,3,5.7,0.5,Ünder,True,0.0088723,0.0
169,38,Wesley Fofana,Leicester City,Tottenham Hotspur,2,5.0,1.0,Fofana,True,2.6090763,81.0
170,38,Islam Slimani,Leicester City,Tottenham Hotspur,4,4.9,0.0,Slimani,True,0.014667988,0.0
171,38,Vontae Daley-Campbell,Leicester City,Tottenham Hotspur,2,4.0,1.0,Daley-Campbell,True,0.00878951,0.0
172,38,Thakgalo Leshabela,Leicester City,Tottenham Hotspur,3,4.4,1.0,Leshabela,True,0.0036627054,0.0
173,38,Sidnei Tavares,Leicester City,Tottenham Hotspur,3,4.4,1.0,Tavares,True,0.009719729,0.0
174,38,Shane Flynn,Leicester City,Tottenham Hotspur,3,4.5,1.0,Flynn,True,0.009023517,0.0
175,38,Thanawat Suengchitthawon,Leicester City,Tottenham Hotspur,3,4.5,1.0,Suengchitthawon,True,0.009023517,0.0
176,38,Tawanda Maswanhise,Leicester City,Tottenham Hotspur,3,4.5,1.0,Maswanhise,True,0.009023517,0.0
177,38,James Milner,Liverpool,Crystal Palace,3,5.3,1.0,Milner,True,1.2802175,10.666666666666666
178,38,Konstantinos Tsimikas,Liverpool,Crystal Palace,2,4.9,1.0,Tsimikas,True,-0.016070366,0.2
179,38,Georginio Wijnaldum,Liverpool,Crystal Palace,3,5.3,1.0,Wijnaldum,True,3.361384,69.0
180,38,Jordan Henderson,Liverpool,Crystal Palace,3,5.4,0.0,Henderson,True,0.006882906,0.0
181,38,Adrián San Miguel del Castillo,Liverpool,Crystal Palace,1,4.2,1.0,Adrián,True,-0.002412796,0.0
182,38,Joel Matip,Liverpool,Crystal Palace,2,5.4,0.0,Matip,True,0.014515847,0.0
183,38,Xherdan Shaqiri,Liverpool,Crystal Palace,3,6.4,1.0,Shaqiri,True,1.2707584,6.2
184,38,Alex Oxlade-Chamberlain,Liverpool,Crystal Palace,3,6.3,1.0,Chamberlain,True,1.1224273,2.4
185,38,Roberto Firmino,Liverpool,Crystal Palace,4,9.1,1.0,Firmino,True,4.437266,72.2
186,38,Virgil van Dijk,Liverpool,Crystal Palace,2,6.2,0.0,van Dijk,True,-0.007858813,0.0
187,38,Sadio Mané,Liverpool,Crystal Palace,3,11.8,1.0,Mané,True,5.804497,75.2
188,38,Alisson Ramses Becker,Liverpool,Crystal Palace,1,6.0,1.0,Alisson,True,4.6858873,90.0
189,38,Fabio Henrique Tavares,Liverpool,Crystal Palace,3,5.4,1.0,Fabinho,True,3.2990873,90.0
190,38,Mohamed Salah,Liverpool,Crystal Palace,3,12.9,1.0,Salah,True,6.7836046,89.2
191,38,Andrew Robertson,Liverpool,Crystal Palace,2,7.2,1.0,Robertson,True,4.4620504,90.0
192,38,Divock Origi,Liverpool,Crystal Palace,4,5.1,1.0,Origi,True,-0.0009550452,0.0
193,38,Harry Wilson,Liverpool,Crystal Palace,3,5.1,0.0,Harry Wilson,True,-0.0032209158,0.0
194,38,Trent Alexander-Arnold,Liverpool,Crystal Palace,2,7.8,1.0,Alexander-Arnold,True,5.777436,90.0
195,38,Joseph Gomez,Liverpool,Crystal Palace,2,5.2,0.0,Gomez,True,0.002300173,0.0
196,38,Naby Keita,Liverpool,Crystal Palace,3,5.2,0.0,Keita,True,-0.0033791661,0.0
197,38,Curtis Jones,Liverpool,Crystal Palace,3,4.4,1.0,Jones,True,1.5355964,18.75
198,38,Neco Williams,Liverpool,Crystal Palace,2,3.8,1.0,Neco Williams,True,0.10768771,0.2
199,38,Harvey Elliott,Liverpool,Crystal Palace,3,4.3,0.0,Elliott,True,-0.003937602,0.0
200,38,Diogo Jota,Liverpool,Crystal Palace,3,6.9,0.25,Jota,True,1.3704197,13.0
201,38,Thiago Alcántara do Nascimento,Liverpool,Crystal Palace,3,5.5,1.0,Thiago,True,3.5200949,87.2
202,38,Caoimhin Kelleher,Liverpool,Crystal Palace,1,4.5,1.0,Kelleher,True,-0.0020105243,0.0
203,38,Nathaniel Phillips,Liverpool,Crystal Palace,2,4.2,1.0,Phillips,True,4.4294024,90.0
204,38,Rhys Williams,Liverpool,Crystal Palace,2,4.0,1.0,Rhys Williams,True,3.5337927,70.6
205,38,Leighton Clarkson,Liverpool,Crystal Palace,3,4.5,1.0,Clarkson,True,-0.0023736358,0.0
206,38,Jake Cain,Liverpool,Crystal Palace,3,4.5,1.0,Cain,True,-0.0023736358,0.0
207,38,Ozan Kabak,Liverpool,Crystal Palace,2,5.0,0.0,Kabak,True,-0.011316061,0.0
208,38,Ben Davies,Liverpool,Crystal Palace,2,4.7,0.0,Davies,True,0.019164711,0.0
209,38,Liam Hughes,Liverpool,Crystal Palace,1,4.0,1.0,Hughes,True,-0.0018593669,0.0
210,38,Jakub Ojrzynski,Liverpool,Crystal Palace,1,4.0,1.0,Ojrzynski,True,-0.0018593669,0.0
211,38,Ben Woodburn,Liverpool,Crystal Palace,3,4.5,1.0,Woodburn,True,0.0044822097,0.0
212,38,Billy Koumetio,Liverpool,Crystal Palace,2,4.0,1.0,Koumetio,True,-0.0023736358,0.0
213,38,Fernando Luiz Rosa,Manchester City,Everton,2,5.4,1.0,Fernandinho,True,0.99075055,25.0
214,38,Claudio Bravo,Manchester City,Everton,1,4.5,0.0,Bravo,True,0.0014075637,0.0
215,38,Sergio Agüero,Manchester City,Everton,4,10.3,1.0,Agüero,True,1.7959133,53.0
216,38,Nicolás Otamendi,Manchester City,Everton,2,4.9,0.0,Otamendi,True,0.01856199,0.0
217,38,Kyle Walker,Manchester City,Everton,2,6.1,1.0,Walker,True,1.2376049,22.5
218,38,Ilkay Gündogan,Manchester City,Everton,3,5.5,1.0,Gündogan,True,1.7651588,41.0
219,38,Kevin De Bruyne,Manchester City,Everton,3,11.8,1.0,De Bruyne,True,0.0060210824,0.0
220,38,John Stones,Manchester City,Everton,2,5.1,1.0,Stones,True,1.2063488,45.0
221,38,Benjamin Mendy,Manchester City,Everton,2,5.9,1.0,Mendy,True,1.4051946,46.25
222,38,Riyad Mahrez,Manchester City,Everton,3,8.1,1.0,Mahrez,True,1.8225187,22.5
223,38,Raheem Sterling,Manchester City,Everton,3,11.0,1.0,Sterling,True,4.6638565,67.5
224,38,João Pedro Cavaco Cancelo,Manchester City,Everton,2,5.8,0.0,Cancelo,True,-0.024959803,0.0
225,38,Ederson Santana de Moraes,Manchester City,Everton,1,6.1,1.0,Ederson,True,3.2552586,67.5
226,38,Nathan Aké,Manchester City,Everton,2,5.4,1.0,Aké,True,2.8324082,67.5
227,38,Aymeric Laporte,Manchester City,Everton,2,6.0,1.0,Laporte,True,1.2243319,45.0
228,38,Bernardo Mota Veiga de Carvalho e Silva,Manchester City,Everton,3,7.4,1.0,Bernardo Silva,True,1.8184623,41.5
229,38,Gabriel Fernando de Jesus,Manchester City,Everton,4,9.1,1.0,Jesus,True,5.576795,70.75
230,38,Oleksandr Zinchenko,Manchester City,Everton,2,5.5,1.0,Zinchenko,True,1.0839245,30.75
231,38,Phil Foden,Manchester City,Everton,3,6.1,1.0,Foden,True,1.7560922,27.5
232,38,Tommy Doyle,Manchester City,Everton,3,4.4,1.0,Doyle,True,4.6163797e-05,0.0
233,38,Rodrigo Hernandez,Manchester City,Everton,3,5.3,1.0,Rodrigo,True,3.4101856,90.0
234,38,Ferran Torres,Manchester City,Everton,3,7.0,1.0,Torres,True,4.360575,66.0
235,38,Eric Garcia,Manchester City,Everton,2,4.7,1.0,Garcia,True,0.92066413,41.25
236,38,Adrián Bernabé,Manchester City,Everton,3,4.5,1.0,Bernabé,True,0.0008932948,0.0
237,38,Zack Steffen,Manchester City,Everton,1,4.4,1.0,Steffen,True,0.0014075637,0.0
238,38,Liam Delap,Manchester City,Everton,4,4.2,1.0,Delap,True,0.007384956,0.0
239,38,Cole Palmer,Manchester City,Everton,3,4.4,1.0,Palmer,True,0.0008932948,0.0
240,38,Rúben Santos Gato Alves Dias,Manchester City,Everton,2,5.9,1.0,Dias,True,1.189338,45.0
241,38,James Trafford,Manchester City,Everton,1,4.0,1.0,Trafford,True,0.0014075637,0.0
242,38,Scott Carson,Manchester City,Everton,1,3.9,1.0,Carson,True,1.5664141,22.5
243,38,Felix Nmecha,Manchester City,Everton,3,4.5,1.0,Nmecha,True,0.0008932948,0.0
244,38,Luke Mbete,Manchester City,Everton,2,4.0,1.0,Mbete,True,0.0006593466,0.0
245,38,Taylor Harwood-Bellis,Manchester City,Everton,2,4.0,0.0,Harwood-Bellis,True,0.0006593466,0.0
246,38,Claudio Gomes,Manchester City,Everton,3,4.5,1.0,Gomes,True,0.0008932948,0.0
667,38,Sergio Romero,Manchester United,Wolverhampton Wanderers,1,4.9,0.0,Romero,False,0.0061040223,0.0
668,38,Juan Mata,Manchester United,Wolverhampton Wanderers,3,5.8,1.0,Mata,False,1.2944105,18.0
669,38,David de Gea,Manchester United,Wolverhampton Wanderers,1,5.3,1.0,de Gea,False,1.2733066,36.0
670,38,Chris Smalling,Manchester United,Wolverhampton Wanderers,2,4.9,0.0,Smalling,False,0.010243475,0.0
671,38,Odion Ighalo,Manchester United,Wolverhampton Wanderers,4,6.1,0.0,Ighalo,False,0.013531327,0.0
672,38,Marcos Rojo,Manchester United,Wolverhampton Wanderers,2,4.8,0.0,Rojo,False,0.006072432,0.0
673,38,Nemanja Matic,Manchester United,Wolverhampton Wanderers,3,4.7,1.0,Matic,False,1.1631229,19.6
674,38,Paul Pogba,Manchester United,Wolverhampton Wanderers,3,7.6,1.0,Pogba,False,1.4006785,56.8
675,38,Phil Jones,Manchester United,Wolverhampton Wanderers,2,4.8,0.0,Jones,False,0.011593521,0.0
676,38,Harry Maguire,Manchester United,Wolverhampton Wanderers,2,5.5,0.0,Maguire,False,-0.01774478,0.0
677,38,Frederico Rodrigues de Paula Santos,Manchester United,Wolverhampton Wanderers,3,5.3,0.75,Fred,False,1.0521061,49.5
678,38,Luke Shaw,Manchester United,Wolverhampton Wanderers,2,5.5,1.0,Shaw,False,3.452625,72.0
679,38,Bruno Miguel Borges Fernandes,Manchester United,Wolverhampton Wanderers,3,11.4,1.0,Fernandes,False,5.193056,73.4
680,38,Anthony Martial,Manchester United,Wolverhampton Wanderers,4,8.6,0.25,Martial,False,0.020368367,0.0
681,38,Andreas Pereira,Manchester United,Wolverhampton Wanderers,3,4.8,0.0,Pereira,False,0.00630641,0.0
682,38,Dean Henderson,Manchester United,Wolverhampton Wanderers,1,5.2,1.0,Henderson,False,1.3942237,54.0
683,38,Marcus Rashford,Manchester United,Wolverhampton Wanderers,3,9.6,1.0,Rashford,False,3.631897,63.4
684,38,Axel Tuanzebe,Manchester United,Wolverhampton Wanderers,2,4.1,1.0,Tuanzebe,False,0.9002708,36.0
685,38,Victor Lindelöf,Manchester United,Wolverhampton Wanderers,2,4.8,1.0,Lindelöf,False,2.8029,72.0
686,38,Scott McTominay,Manchester United,Wolverhampton Wanderers,3,4.9,0.75,McTominay,False,1.2119629,49.65000000000001
687,38,Eric Bailly,Manchester United,Wolverhampton Wanderers,2,4.8,1.0,Bailly,False,1.0813426,46.75
688,38,Daniel James,Manchester United,Wolverhampton Wanderers,3,6.2,1.0,James,False,3.3331568,75.0
689,38,Timothy Fosu-Mensah,Manchester United,Wolverhampton Wanderers,2,4.3,0.0,Fosu-Mensah,False,0.0069196224,0.0
690,38,Aaron Wan-Bissaka,Manchester United,Wolverhampton Wanderers,2,5.8,1.0,Wan-Bissaka,False,3.1446953,72.0
691,38,José Diogo Dalot Teixeira,Manchester United,Wolverhampton Wanderers,2,4.8,0.0,Dalot,False,0.0069196224,0.0
692,38,Mason Greenwood,Manchester United,Wolverhampton Wanderers,3,7.3,1.0,Greenwood,False,4.0898895,65.6
693,38,Tahith Chong,Manchester United,Wolverhampton Wanderers,3,4.4,0.0,Chong,False,0.00630641,0.0
694,38,James Garner,Manchester United,Wolverhampton Wanderers,3,4.4,0.0,Garner,False,0.0055897236,0.0
695,38,Brandon Williams,Manchester United,Wolverhampton Wanderers,2,4.2,1.0,Williams,False,1.1208963,18.0
696,38,Teden Mengi,Manchester United,Wolverhampton Wanderers,2,3.9,0.0,Mengi,False,0.0069196224,0.0
697,38,Donny van de Beek,Manchester United,Wolverhampton Wanderers,3,6.6,1.0,van de Beek,False,1.3342586,18.8
698,38,Alex Nicolao Telles,Manchester United,Wolverhampton Wanderers,2,5.3,1.0,Telles,False,0.98385054,18.0
699,38,Edinson Cavani,Manchester United,Wolverhampton Wanderers,4,8.0,1.0,Cavani,False,1.866535,45.8
700,38,Facundo Pellistri,Manchester United,Wolverhampton Wanderers,3,5.2,0.0,Pellistri,False,0.0071536005,0.0
701,38,Lee Grant,Manchester United,Wolverhampton Wanderers,1,4.0,1.0,Grant,False,0.0068207085,0.0
702,38,Amad Diallo,Manchester United,Wolverhampton Wanderers,3,5.4,1.0,Diallo,False,1.2623658,16.8
703,38,Shola Shoretire,Manchester United,Wolverhampton Wanderers,3,4.4,1.0,Shoretire,False,0.0058834553,0.0
704,38,Nathan Bishop,Manchester United,Wolverhampton Wanderers,1,4.0,1.0,Bishop,False,0.007667899,0.0
705,38,Anthony Elanga,Manchester United,Wolverhampton Wanderers,3,4.5,1.0,Elanga,False,0.01021871,0.0
423,38,Joseph Willock,Newcastle United,Fulham,3,4.9,1.0,Willock,False,3.658213,69.0
424,38,Andy Carroll,Newcastle United,Fulham,4,5.1,1.0,Carroll,False,1.0646756,1.0
425,38,Jonjo Shelvey,Newcastle United,Fulham,3,5.3,1.0,Shelvey,False,3.9566205,90.0
426,38,Matt Ritchie,Newcastle United,Fulham,3,4.9,1.0,Ritchie,False,4.470251,88.6
427,38,Federico Fernández,Newcastle United,Fulham,2,4.7,1.0,Fernández,False,3.9941998,85.8
428,38,Ciaran Clark,Newcastle United,Fulham,2,4.5,1.0,Clark,False,1.0396855,29.2
429,38,Karl Darlow,Newcastle United,Fulham,1,4.9,0.0,Darlow,False,-0.004720032,0.0
430,38,Martin Dubravka,Newcastle United,Fulham,1,4.8,0.75,Dubravka,False,3.0548768,67.5
431,38,Florian Lejeune,Newcastle United,Fulham,2,4.3,0.0,Lejeune,False,0.00014746189,0.0
432,38,Jamaal Lascelles,Newcastle United,Fulham,2,4.2,0.0,Lascelles,False,0.07986441,0.0
433,38,Dwight Gayle,Newcastle United,Fulham,4,5.9,1.0,Gayle,False,1.3028841,11.6
434,38,Christian Atsu,Newcastle United,Fulham,3,5.2,0.0,Atsu,False,-0.00069975853,0.0
435,38,Paul Dummett,Newcastle United,Fulham,2,4.4,1.0,Dummett,False,3.780307,90.0
436,38,Javier Manquillo,Newcastle United,Fulham,2,4.2,1.0,Manquillo,False,0.00945738,0.0
437,38,Emil Krafth,Newcastle United,Fulham,2,4.2,1.0,Krafth,False,0.7046751,54.0
438,38,Fabian Schär,Newcastle United,Fulham,2,4.8,1.0,Schär,False,-0.004312098,0.0
439,38,DeAndre Yedlin,Newcastle United,Fulham,2,4.3,0.0,Yedlin,False,0.00783518,0.0
440,38,Isaac Hayden,Newcastle United,Fulham,3,4.6,0.0,Hayden,False,0.07166013,0.0
441,38,Rolando Aarons,Newcastle United,Fulham,3,4.8,0.0,Aarons,False,0.00014746189,0.0
442,38,Allan Saint-Maximin,Newcastle United,Fulham,3,5.2,0.75,Saint-Maximin,False,3.265848,62.4375
443,38,Miguel Almirón,Newcastle United,Fulham,3,5.6,1.0,Almirón,False,4.2305174,84.6
444,38,Joelinton Cássio Apolinário de Lira,Newcastle United,Fulham,4,5.7,0.75,Joelinton,False,1.4386125,31.5
445,38,Yoshinori Muto,Newcastle United,Fulham,4,4.8,0.0,Muto,False,0.00217247,0.0
446,38,Kelland Watts,Newcastle United,Fulham,2,3.9,0.0,Watts,False,-0.00069975853,0.0
447,38,Sean Longstaff,Newcastle United,Fulham,3,4.6,1.0,Sean Longstaff,False,1.2405634,43.6
448,38,Jeff Hendrick,Newcastle United,Fulham,3,4.5,1.0,Hendrick,False,0.18548742,0.4
449,38,Matthew Longstaff,Newcastle United,Fulham,3,4.8,1.0,Matty Longstaff,False,-0.0008582473,0.0
450,38,Mark Gillespie,Newcastle United,Fulham,1,4.3,1.0,Gillespie,False,0.00066176057,0.0
451,38,Jacob Murphy,Newcastle United,Fulham,3,4.9,1.0,Murphy,False,4.3728714,90.0
452,38,Callum Wilson,Newcastle United,Fulham,4,6.5,0.0,Wilson,False,0.108433396,0.0
453,38,Ryan Fraser,Newcastle United,Fulham,3,5.6,0.0,Fraser,False,0.09173408,0.0
454,38,Jamal Lewis,Newcastle United,Fulham,2,4.0,1.0,Lewis,False,1.0793542,1.2
455,38,Elliot Anderson,Newcastle United,Fulham,3,4.5,0.75,Anderson,False,-0.0011226535,0.0
456,38,Daniel Langley,Newcastle United,Fulham,1,3.9,1.0,Langley,False,0.00066176057,0.0
247,38,Rhian Brewster,Sheffield United,Burnley,4,4.2,1.0,Brewster,True,1.3379505,26.4
248,38,Billy Sharp,Sheffield United,Burnley,4,5.5,0.0,Sharp,True,0.0052399933,0.0
249,38,David McGoldrick,Sheffield United,Burnley,4,5.2,1.0,McGoldrick,True,3.992918,88.4
250,38,Chris Basham,Sheffield United,Burnley,2,4.6,1.0,Basham,True,3.2670474,90.0
251,38,John Fleck,Sheffield United,Burnley,3,5.6,1.0,Fleck,True,3.116448,90.0
252,38,Enda Stevens,Sheffield United,Burnley,2,5.0,1.0,Stevens,True,3.2218835,90.0
253,38,Simon Moore,Sheffield United,Burnley,1,4.3,0.0,Moore,True,0.0033025146,0.0
254,38,Oliver Norwood,Sheffield United,Burnley,3,4.5,1.0,Norwood,True,3.1070628,90.0
255,38,Wes Foderingham,Sheffield United,Burnley,1,4.3,1.0,Foderingham,True,0.0033025146,0.0
256,38,George Baldock,Sheffield United,Burnley,2,4.9,0.25,Baldock,True,0.9296657,18.0
257,38,Jack Robinson,Sheffield United,Burnley,2,4.2,1.0,Jack Robinson,True,3.4789867,90.0
258,38,John Egan,Sheffield United,Burnley,2,4.7,1.0,Egan,True,3.2891555,90.0
259,38,Jack O'Connell,Sheffield United,Burnley,2,4.7,0.0,O'Connell,True,0.0027882159,0.0
260,38,John Lundstram,Sheffield United,Burnley,3,4.8,1.0,Lundstram,True,1.1675225,3.8
261,38,Ben Osborn,Sheffield United,Burnley,3,4.7,1.0,Osborn,True,2.9703412,71.4
262,38,Oliver McBurnie,Sheffield United,Burnley,4,5.6,0.0,McBurnie,True,0.0035306513,0.0
263,38,Lys Mousset,Sheffield United,Burnley,4,5.8,1.0,Mousset,True,1.1499414,1.4
264,38,Sander Berge,Sheffield United,Burnley,3,4.9,0.25,Berge,True,1.0702944,7.375
265,38,Oliver Burke,Sheffield United,Burnley,3,4.1,0.0,Burke,True,0.00049471855,0.0
266,38,Luke Freeman,Sheffield United,Burnley,3,5.0,0.0,Freeman,True,0.0027882159,0.0
267,38,Aaron Ramsdale,Sheffield United,Burnley,1,4.6,1.0,Ramsdale,True,3.6243663,90.0
268,38,Ethan Ampadu,Sheffield United,Burnley,2,4.3,0.0,Ampadu,True,-0.0012874007,0.0
269,38,Jayden Bogle,Sheffield United,Burnley,2,4.3,1.0,Bogle,True,0.88863975,45.0
270,38,Max Lowe,Sheffield United,Burnley,2,4.2,1.0,Lowe,True,0.0017750561,0.0
271,38,Phil Jagielka,Sheffield United,Burnley,2,3.9,1.0,Jagielka,True,0.007296413,0.0
272,38,Michael Verrips,Sheffield United,Burnley,1,4.0,0.0,Verrips,True,0.0033025146,0.0
273,38,Kean Bryan,Sheffield United,Burnley,2,3.9,1.0,Bryan,True,1.0149293,33.8
274,38,Antwoine Hackford,Sheffield United,Burnley,4,4.4,1.0,Hackford,True,0.0038270652,0.0
275,38,Kyron Gordon,Sheffield United,Burnley,2,4.0,1.0,Gordon,True,0.0027882159,0.0
276,38,Iliman Ndiaye,Sheffield United,Burnley,3,4.5,1.0,Ndiaye,True,0.002688855,0.0
277,38,Zak Brunt,Sheffield United,Burnley,3,4.5,1.0,Brunt,True,0.0027882159,0.0
278,38,Frankie Maguire,Sheffield United,Burnley,3,4.4,1.0,Maguire,True,0.0027882159,0.0
279,38,Daniel Jebbison,Sheffield United,Burnley,4,4.5,1.0,Jebbison,True,3.9559133,90.0
280,38,Harry Boyes,Sheffield United,Burnley,2,4.0,1.0,Boyes,True,0.0027882159,0.0
281,38,Femi Seriki,Sheffield United,Burnley,3,4.5,1.0,Seriki,True,-0.037644267,0.0
631,38,Theo Walcott,Southampton,West Ham United,3,5.8,1.0,Walcott,False,1.3901432,31.2
632,38,Takumi Minamino,Southampton,West Ham United,3,6.0,1.0,Minamino,False,1.3169187,50.0
633,38,Shane Long,Southampton,West Ham United,4,5.1,0.0,Long,False,0.00994432,0.0
634,38,Ryan Bertrand,Southampton,West Ham United,2,5.0,0.0,Bertrand,False,0.15138462,0.0
635,38,Alex McCarthy,Southampton,West Ham United,1,4.4,1.0,McCarthy,False,1.0314224,54.0
636,38,Oriol Romeu Vidal,Southampton,West Ham United,3,4.5,1.0,Oriol Romeu,False,0.027590305,0.0
637,38,Nathan Redmond,Southampton,West Ham United,3,6.4,1.0,Redmond,False,3.1561596,76.0
638,38,Danny Ings,Southampton,West Ham United,4,8.4,1.0,Ings,False,1.8457263,51.0
639,38,Jack Stephens,Southampton,West Ham United,2,4.6,1.0,Stephens,False,2.7481642,90.0
640,38,Stuart Armstrong,Southampton,West Ham United,3,5.5,1.0,Armstrong,False,4.1018844,87.4
641,38,Jannik Vestergaard,Southampton,West Ham United,2,4.7,1.0,Vestergaard,False,2.4371958,73.8
642,38,James Ward-Prowse,Southampton,West Ham United,3,5.9,1.0,Ward-Prowse,False,3.6086903,90.0
643,38,Angus Gunn,Southampton,West Ham United,1,4.3,0.0,Gunn,False,-0.0020560026,0.0
644,38,Sofiane Boufal,Southampton,West Ham United,3,5.4,0.0,Boufal,False,-0.002570331,0.0
645,38,Josh Sims,Southampton,West Ham United,3,4.3,0.0,Sims,False,-0.0017231703,0.0
646,38,Kyle Walker-Peters,Southampton,West Ham United,2,4.7,1.0,Walker-Peters,False,3.0526245,90.0
647,38,Jan Bednarek,Southampton,West Ham United,2,4.7,1.0,Bednarek,False,0.8412653,56.25
648,38,Che Adams,Southampton,West Ham United,4,5.7,0.0,Adams,False,0.12961805,0.0
649,38,Yan Valery,Southampton,West Ham United,2,4.7,0.0,Valery,False,-0.0027362704,0.0
650,38,William Smallbone,Southampton,West Ham United,3,4.3,0.0,Smallbone,False,-0.0018743873,0.0
651,38,Jake Vokins,Southampton,West Ham United,2,3.9,0.0,Vokins,False,-0.0027362704,0.0
652,38,Michael Obafemi,Southampton,West Ham United,4,4.6,1.0,Obafemi,False,0.03697741,0.0
653,38,Moussa Djenepo,Southampton,West Ham United,3,5.4,1.0,Djenepo,False,1.1124394,20.2
654,38,Mohammed Salisu,Southampton,West Ham United,2,4.3,1.0,Salisu,False,2.0155573,60.0
655,38,Fraser Forster,Southampton,West Ham United,1,4.0,1.0,Forster,False,1.2111521,36.0
656,38,Nathan Tella,Southampton,West Ham United,3,4.3,1.0,Tella,False,1.386074,36.0
657,38,Ibrahima Diallo,Southampton,West Ham United,3,4.5,1.0,Diallo,False,1.016209,12.4
658,38,Daniel N'Lundulu,Southampton,West Ham United,4,4.5,1.0,N'Lundulu,False,-0.004208982,0.2
659,38,Kayne Ramsay,Southampton,West Ham United,2,4.0,1.0,Ramsay,False,-0.0027362704,0.0
660,38,Kgaogelo Chauke,Southampton,West Ham United,3,4.4,1.0,Chauke,False,-0.0017231703,0.0
661,38,Harry Lewis,Southampton,West Ham United,1,4.0,1.0,Lewis,False,-0.0012088418,0.0
662,38,Will Ferry,Southampton,West Ham United,3,4.5,1.0,Ferry,False,-0.0017231703,0.0
663,38,Allan Tchaptchet,Southampton,West Ham United,2,4.0,1.0,Tchaptchet,False,-0.0027362704,0.0
664,38,Caleb Watts,Southampton,West Ham United,3,4.5,1.0,Watts,False,0.00043308735,0.0
665,38,Alexandre Jankewitz,Southampton,West Ham United,3,4.5,1.0,Jankewitz,False,-0.001881659,0.0
666,38,Ryan Finnigan,Southampton,West Ham United,3,4.5,1.0,Finnigan,False,-0.0017231703,0.0
495,38,Ben Davies,Tottenham Hotspur,Leicester City,2,4.5,0.0,Davies,False,0.028847873,0.0
496,38,Hugo Lloris,Tottenham Hotspur,Leicester City,1,5.6,1.0,Lloris,False,3.8867164,90.0
497,38,Danny Rose,Tottenham Hotspur,Leicester City,2,4.7,0.0,Rose,False,0.0070346296,0.0
498,38,Moussa Sissoko,Tottenham Hotspur,Leicester City,3,4.7,1.0,Sissoko,False,0.004716605,0.25
499,38,Toby Alderweireld,Tottenham Hotspur,Leicester City,2,5.4,1.0,Alderweireld,False,3.2622964,90.0
500,38,Erik Lamela,Tottenham Hotspur,Leicester City,3,5.7,1.0,Lamela,False,1.157222,8.75
501,38,Harry Kane,Tottenham Hotspur,Leicester City,4,11.9,1.0,Kane,False,5.954709,90.0
502,38,Serge Aurier,Tottenham Hotspur,Leicester City,2,5.2,1.0,Aurier,False,2.6577063,60.0
503,38,Heung-Min Son,Tottenham Hotspur,Leicester City,3,9.6,1.0,Son,False,5.5707874,90.0
504,38,Eric Dier,Tottenham Hotspur,Leicester City,2,4.6,1.0,Dier,False,2.8852682,90.0
505,38,Lucas Rodrigues Moura da Silva,Tottenham Hotspur,Leicester City,3,6.4,1.0,Lucas Moura,False,1.1419578,5.75
506,38,Paulo Gazzaniga,Tottenham Hotspur,Leicester City,1,4.3,0.0,Gazzaniga,False,0.0036119819,0.0
507,38,Bamidele Alli,Tottenham Hotspur,Leicester City,3,7.4,1.0,Alli,False,4.50883,78.5
508,38,Pierre-Emile Højbjerg,Tottenham Hotspur,Leicester City,3,4.9,1.0,Højbjerg,False,2.9802818,90.0
509,38,Harry Winks,Tottenham Hotspur,Leicester City,3,5.1,1.0,Winks,False,1.187641,28.5
510,38,Davinson Sánchez,Tottenham Hotspur,Leicester City,2,5.2,1.0,Sánchez,False,0.01131314,0.0
511,38,Ryan Sessegnon,Tottenham Hotspur,Leicester City,2,4.7,0.0,Sessegnon,False,0.0028636456,0.0
512,38,Steven Bergwijn,Tottenham Hotspur,Leicester City,3,7.0,1.0,Bergwijn,False,1.343739,21.5
513,38,Gedson Carvalho Fernandes,Tottenham Hotspur,Leicester City,3,4.7,0.0,Fernandes,False,0.002380997,0.0
514,38,Japhet Tanganga,Tottenham Hotspur,Leicester City,2,4.9,0.0,Tanganga,False,-0.052162707,0.0
515,38,Giovani Lo Celso,Tottenham Hotspur,Leicester City,3,6.9,1.0,Lo Celso,False,1.1008004,54.0
516,38,Oliver Skipp,Tottenham Hotspur,Leicester City,3,4.4,0.0,Skipp,False,0.0030976832,0.0
517,38,Tanguy Ndombele,Tottenham Hotspur,Leicester City,3,5.9,1.0,Ndombele,False,1.1401417,8.5
518,38,Juan Foyth,Tottenham Hotspur,Leicester City,2,4.3,0.0,Foyth,False,0.0028636456,0.0
519,38,Matt Doherty,Tottenham Hotspur,Leicester City,2,5.6,1.0,Doherty,False,0.9384625,2.333333333333333
520,38,Joe Hart,Tottenham Hotspur,Leicester City,1,4.2,1.0,Hart,False,0.0044591427,0.0
521,38,Cameron Carter-Vickers,Tottenham Hotspur,Leicester City,2,3.9,0.0,Carter-Vickers,False,0.0037108958,0.0
522,38,Sergio Reguilón,Tottenham Hotspur,Leicester City,2,5.5,1.0,Reguilón,False,3.3127983,90.0
523,38,Gareth Bale,Tottenham Hotspur,Leicester City,3,9.2,1.0,Bale,False,3.8091524,61.5
524,38,Carlos Vinicius Alves Morais,Tottenham Hotspur,Leicester City,4,6.9,1.0,Carlos Vinicius,False,0.013596535,0.0
525,38,Joe Rodon,Tottenham Hotspur,Leicester City,2,4.9,1.0,Rodon,False,0.0028095245,0.0
526,38,Alfie Devine,Tottenham Hotspur,Leicester City,3,4.4,1.0,Devine,False,0.003944844,0.0
527,38,Dane Scarlett,Tottenham Hotspur,Leicester City,4,4.5,1.0,Scarlett,False,0.0128798485,0.0
457,38,Ainsley Maitland-Niles,West Bromwich Albion,Leeds,2,4.6,1.0,Maitland-Niles,False,2.4038339,61.75
458,38,David Button,West Bromwich Albion,Leeds,1,3.9,1.0,Button,False,0.004079938,0.0
459,38,Callum Robinson,West Bromwich Albion,Leeds,4,5.2,1.0,Callum Robinson,False,1.5268873,29.0
460,38,Kieran Gibbs,West Bromwich Albion,Leeds,2,4.3,1.0,Gibbs,False,0.0033315122,0.0
461,38,Hal Robson-Kanu,West Bromwich Albion,Leeds,4,5.2,1.0,Robson-Kanu,False,1.4062126,40.6
462,38,Jake Livermore,West Bromwich Albion,Leeds,3,4.7,1.0,Livermore,False,1.0136342,3.0
463,38,Kamil Grosicki,West Bromwich Albion,Leeds,3,5.2,1.0,Grosicki,False,0.004427463,0.0
464,38,Matt Phillips,West Bromwich Albion,Leeds,3,5.1,1.0,Phillips,False,2.8258486,70.0
465,38,Kyle Bartley,West Bromwich Albion,Leeds,2,4.4,1.0,Bartley,False,2.825449,90.0
466,38,Romaine Sawyers,West Bromwich Albion,Leeds,3,4.6,1.0,Sawyers,False,0.004420191,0.0
467,38,Ahmed El-Sayed Hegazy,West Bromwich Albion,Leeds,2,4.1,0.0,Hegazi,False,0.0034974515,0.0
468,38,Charlie Austin,West Bromwich Albion,Leeds,4,5.1,0.0,Austin,False,0.010029018,0.0
469,38,Kenneth Zohore,West Bromwich Albion,Leeds,4,4.8,0.0,Zohore,False,0.010029018,0.0
470,38,Sam Johnstone,West Bromwich Albion,Leeds,1,4.6,1.0,Johnstone,False,3.597182,90.0
471,38,Conor Townsend,West Bromwich Albion,Leeds,2,4.4,1.0,Townsend,False,3.0496752,90.0
472,38,Oluwasemilogo Adesewo Ibidapo Ajayi,West Bromwich Albion,Leeds,2,4.8,1.0,Ajayi,False,2.7235756,90.0
473,38,Jonathan Leko,West Bromwich Albion,Leeds,3,4.5,0.0,Leko,False,0.0030147135,0.0
474,38,Kyle Edwards,West Bromwich Albion,Leeds,3,4.6,1.0,Edwards,False,0.0037313998,0.0
475,38,Darnell Furlong,West Bromwich Albion,Leeds,2,4.5,1.0,Furlong,False,2.7894993,90.0
476,38,Sam Field,West Bromwich Albion,Leeds,3,4.8,0.0,Field,False,0.0037313998,0.0
477,38,Dara O'Shea,West Bromwich Albion,Leeds,2,4.2,1.0,O'Shea,False,0.9076172,7.2
478,38,Rekeem Harper,West Bromwich Albion,Leeds,3,4.3,0.0,Harper,False,0.0037313998,0.0
479,38,Robert Snodgrass,West Bromwich Albion,Leeds,3,5.6,0.0,Snodgrass,False,0.021552593,0.0
480,38,Grady Diangana,West Bromwich Albion,Leeds,3,5.0,1.0,Diangana,False,1.1553199,23.0
481,38,Matheus Pereira,West Bromwich Albion,Leeds,3,5.4,0.75,Pereira,False,3.4398723,67.5
482,38,Cedric Kipre,West Bromwich Albion,Leeds,2,4.3,0.0,Kipre,False,0.004344642,0.0
483,38,Branislav Ivanovic,West Bromwich Albion,Leeds,2,4.4,0.0,Ivanovic,False,0.001684308,0.0
484,38,Conor Gallagher,West Bromwich Albion,Leeds,3,5.5,1.0,Gallagher,False,2.7276695,90.0
485,38,Filip Krovinovic,West Bromwich Albion,Leeds,3,4.9,0.0,Krovinovic,False,0.00457865,0.0
486,38,Karlan Grant,West Bromwich Albion,Leeds,4,5.6,1.0,Grant,False,1.0165739,2.6
487,38,Lee Peltier,West Bromwich Albion,Leeds,2,3.9,1.0,Peltier,False,0.0033315122,0.0
488,38,Cheikh Diaby,West Bromwich Albion,Leeds,4,4.5,1.0,Diaby,False,0.010876119,0.0
489,38,Andy Lonergan,West Bromwich Albion,Leeds,1,4.0,1.0,Lonergan,False,0.0050929487,0.0
490,38,Mbaye Diagne,West Bromwich Albion,Leeds,4,6.0,1.0,Diagne,False,1.4552653,47.2
491,38,Okay Yokuslu,West Bromwich Albion,Leeds,3,4.5,1.0,Yokuslu,False,2.7622979,85.6
492,38,Caleb Taylor,West Bromwich Albion,Leeds,2,4.0,1.0,Taylor,False,0.004344642,0.0
493,38,Taylor Gardner-Hickman,West Bromwich Albion,Leeds,3,4.5,1.0,Gardner-Hickman,False,0.00457865,0.0
494,38,Toby King,West Bromwich Albion,Leeds,3,4.5,1.0,King,False,0.00457865,0.0
282,38,Jesse Lingard,West Ham United,Southampton,3,6.6,1.0,Lingard,True,4.942954,90.0
283,38,Mark Noble,West Ham United,Southampton,3,4.5,1.0,Noble,True,1.3029773,22.66666666666667
284,38,David Martin,West Ham United,Southampton,1,3.9,1.0,Martin,True,0.008259267,0.0
285,38,Darren Randolph,West Ham United,Southampton,1,4.3,1.0,Randolph,True,1.2780112,22.5
286,38,Lukasz Fabianski,West Ham United,Southampton,1,5.0,0.75,Fabianski,True,1.0608804,54.0
287,38,Angelo Ogbonna,West Ham United,Southampton,2,4.7,1.0,Ogbonna,True,2.9156833,67.5
288,38,Roberto Jimenez Gago,West Ham United,Southampton,1,4.5,0.0,Roberto,True,0.009106457,0.0
289,38,Jack Wilshere,West Ham United,Southampton,3,4.9,0.0,Wilshere,True,0.008300811,0.0
290,38,Aaron Cresswell,West Ham United,Southampton,2,5.7,1.0,Cresswell,True,3.679148,74.0
291,38,Andriy Yarmolenko,West Ham United,Southampton,3,5.5,1.0,Yarmolenko,True,1.2567598,3.4
292,38,Michail Antonio,West Ham United,Southampton,4,6.7,1.0,Antonio,True,5.3609853,90.0
293,38,Ryan Fredericks,West Ham United,Southampton,2,4.2,1.0,Fredericks,True,1.1269836,22.6
294,38,Manuel Lanzini,West Ham United,Southampton,3,6.4,0.25,Lanzini,True,1.2762597,12.75
295,38,Felipe Anderson Pereira Gomes,West Ham United,Southampton,3,6.1,0.0,Felipe Anderson,True,0.009328455,0.0
296,38,Sébastien Haller,West Ham United,Southampton,4,6.1,0.0,Haller,True,0.010056406,0.0
297,38,Arthur Masuaku,West Ham United,Southampton,2,4.3,0.25,Masuaku,True,0.022641927,0.0
298,38,Fabián Balbuena,West Ham United,Southampton,2,4.1,1.0,Balbuena,True,1.0177066,16.0
299,38,Jordan Hugill,West Ham United,Southampton,4,5.5,0.0,Hugill,True,0.0096310675,0.0
300,38,Jarrod Bowen,West Ham United,Southampton,3,5.9,1.0,Bowen,True,1.6281997,46.0
301,38,Albian Ajeti,West Ham United,Southampton,4,5.5,0.0,Ajeti,True,0.010347754,0.0
302,38,Declan Rice,West Ham United,Southampton,3,4.7,1.0,Rice,True,3.3190372,90.0
303,38,Tomas Soucek,West Ham United,Southampton,3,5.2,1.0,Soucek,True,3.956792,90.0
304,38,Pablo Fornals,West Ham United,Southampton,3,5.8,1.0,Fornals,True,3.985416,85.2
305,38,Issa Diop,West Ham United,Southampton,2,4.3,1.0,Diop,True,0.95272875,54.2
306,38,Ben Johnson,West Ham United,Southampton,2,3.9,1.0,Johnson,True,0.92832136,1.4
307,38,Vladimir Coufal,West Ham United,Southampton,2,4.8,1.0,Coufal,True,3.8966138,90.0
308,38,Craig Dawson,West Ham United,Southampton,2,4.5,1.0,Dawson,True,3.5568407,90.0
309,38,Saïd Benrahma,West Ham United,Southampton,3,5.9,1.0,Benrahma,True,1.5177772,53.4
310,38,Frederik Alves,West Ham United,Southampton,2,4.0,1.0,Alves,True,0.008592159,0.0
311,38,Ademipo Odubeko,West Ham United,Southampton,4,4.5,1.0,Odubeko,True,0.011194944,0.0
312,38,Conor Coventry,West Ham United,Southampton,3,4.5,1.0,Coventry,True,0.008592159,0.0
313,38,Jamal Baptiste,West Ham United,Southampton,2,4.0,1.0,Baptiste,True,0.008592159,0.0
314,38,Nathan Trott,West Ham United,Southampton,1,4.0,1.0,Trott,True,0.009106457,0.0
315,38,John Ruddy,Wolverhampton Wanderers,Manchester United,1,4.3,1.0,Ruddy,True,1.3442363,18.0
316,38,João Filipe Iria Santos Moutinho,Wolverhampton Wanderers,Manchester United,3,5.1,1.0,Moutinho,True,1.0817579,56.33333333333334
317,38,Rui Pedro dos Santos Patrício,Wolverhampton Wanderers,Manchester United,1,5.3,1.0,Patrício,True,2.9595473,72.0
318,38,Ryan Bennett,Wolverhampton Wanderers,Manchester United,2,4.4,0.0,Bennett,True,0.009206951,0.0
319,38,Willy Boly,Wolverhampton Wanderers,Manchester United,2,5.4,1.0,Boly,True,0.9060344,56.33333333333334
320,38,Conor Coady,Wolverhampton Wanderers,Manchester United,2,4.9,1.0,Coady,True,3.0117552,90.0
321,38,Raúl Jiménez,Wolverhampton Wanderers,Manchester United,4,8.1,0.0,Jiménez,True,0.030686349,0.0
322,38,Romain Saïss,Wolverhampton Wanderers,Manchester United,2,4.9,1.0,Saïss,True,0.9441477,54.0
323,38,Jonathan Castro Otto,Wolverhampton Wanderers,Manchester United,2,5.4,0.0,Jonny,True,0.024725258,0.0
324,38,Léo Bonatini,Wolverhampton Wanderers,Manchester United,4,4.8,0.0,Bonatini,True,0.01593262,0.0
325,38,Leander Dendoncker,Wolverhampton Wanderers,Manchester United,3,4.6,1.0,Dendoncker,True,1.1523802,58.6
326,38,Adama Traoré,Wolverhampton Wanderers,Manchester United,3,6.0,1.0,Traoré,True,3.3282251,77.8
327,38,Rúben Diogo da Silva Neves,Wolverhampton Wanderers,Manchester United,3,5.1,1.0,Neves,True,2.367533,64.25
328,38,Oskar Buur,Wolverhampton Wanderers,Manchester United,2,3.9,0.0,Buur,True,0.00835976,0.0
329,38,Daniel Castelo Podence,Wolverhampton Wanderers,Manchester United,3,5.3,0.0,Podence,True,0.007415712,0.0
330,38,Max Kilman,Wolverhampton Wanderers,Manchester United,2,3.8,1.0,Kilman,True,0.9405128,37.6
331,38,Rúben Gonçalo Silva Nascimento Vinagre,Wolverhampton Wanderers,Manchester United,2,4.1,0.0,Vinagre,True,0.009206951,0.0
332,38,Matija Sarkic,Wolverhampton Wanderers,Manchester United,1,4.4,0.0,Sarkic,True,0.009955257,0.0
333,38,Morgan Gibbs-White,Wolverhampton Wanderers,Manchester United,3,4.9,1.0,Gibbs-White,True,1.543314,52.0
334,38,Pedro Lomba Neto,Wolverhampton Wanderers,Manchester United,3,5.5,0.0,Neto,True,0.006518781,0.0
335,38,Bruno André Cavaco Jordao,Wolverhampton Wanderers,Manchester United,3,4.3,0.0,Jordao,True,0.007877082,0.0
336,38,Leonardo Campana,Wolverhampton Wanderers,Manchester United,4,4.7,1.0,Campana,True,0.01593262,0.0
337,38,Fabio Silva,Wolverhampton Wanderers,Manchester United,4,5.2,1.0,Fabio Silva,True,3.7897413,76.6
338,38,Fernando Marçal,Wolverhampton Wanderers,Manchester United,2,4.7,1.0,Marçal,True,0.009902924,0.0
339,38,Vitor Ferreira,Wolverhampton Wanderers,Manchester United,3,4.7,1.0,Vitinha,True,1.3690792,49.8
340,38,Ki-Jana Hoever,Wolverhampton Wanderers,Manchester United,2,4.4,1.0,Hoever,True,0.9791291,36.0
341,38,Nélson Cabral Semedo,Wolverhampton Wanderers,Manchester United,2,5.1,1.0,Semedo,True,2.252149,65.4
342,38,Meritan Shabani,Wolverhampton Wanderers,Manchester United,3,4.4,0.0,Shabani,True,0.0094409585,0.0
343,38,Rayan Ait Nouri,Wolverhampton Wanderers,Manchester United,2,5.0,1.0,Ait Nouri,True,2.5671155,65.25
344,38,Owen Otasowie,Wolverhampton Wanderers,Manchester United,3,4.5,0.75,Otasowie,True,1.2692983,17.5
345,38,Theo Corbeanu,Wolverhampton Wanderers,Manchester United,3,4.4,0.0,Corbeanu,True,-0.022452831,0.0
346,38,Taylor Perry,Wolverhampton Wanderers,Manchester United,3,4.4,1.0,Perry,True,0.0094409585,0.0
347,38,Luke Cundle,Wolverhampton Wanderers,Manchester United,3,4.5,1.0,Cundle,True,0.0094409585,0.0
348,38,Lewis Richards,Wolverhampton Wanderers,Manchester United,2,4.0,1.0,Richards,True,0.009206951,0.0
349,38,Christian Marques,Wolverhampton Wanderers,Manchester United,2,3.9,1.0,Marques,True,0.009206951,0.0
350,38,Andreas Söndergaard,Wolverhampton Wanderers,Manchester United,1,4.0,1.0,Söndergaard,True,0.009955257,0.0
351,38,Patrick Cutrone,Wolverhampton Wanderers,Manchester United,4,5.9,0.0,Cutrone,True,0.015064716,0.0
352,38,Nigel Lonwijk,Wolverhampton Wanderers,Manchester United,2,3.9,1.0,Lonwijk,True,0.009206951,0.0
353,38,Willian José Da Silva,Wolverhampton Wanderers,Manchester United,4,6.8,1.0,Willian José,True,1.3802769,31.8
354,38,Hugo Bueno,Wolverhampton Wanderers,Manchester United,2,4.0,1.0,Bueno,True,0.009206951,0.0
