,gw,player,team,position,price,play_proba,predicted_points
0,37,Ahmed_El Mohamady,Aston Villa,2,4.1,1.0,1.0973091
1,37,James_Chester,Aston Villa,2,4.2,0.0,0.00906229
2,37,Neil_Taylor,Aston Villa,2,4.2,0.75,1.3706317
3,37,Kortney_Hause,Aston Villa,2,4.4,0.75,1.1324863
4,37,Jonathan_Kodjia,Aston Villa,4,5.4,0.0,0.021871805
5,37,Ørjan_Nyland,Aston Villa,1,4.3,1.0,1.180294
6,37,Conor_Hourihane,Aston Villa,3,5.7,1.0,2.2265747
7,37,Jack_Grealish,Aston Villa,3,5.9,1.0,4.132894
8,37,Anwar_El Ghazi,Aston Villa,3,5.2,1.0,1.6530356
9,37,John_McGinn,Aston Villa,3,5.2,1.0,2.7270813
10,37,Andre_Green,Aston Villa,3,4.8,0.0,-0.00094878674
11,37,Birkir_Bjarnason,Aston Villa,3,4.5,0.0,0.0084728
12,37,Keinan_Davis,Aston Villa,3,4.3,1.0,1.9876411
13,37,Henri_Lansbury,Aston Villa,3,4.4,1.0,0.05400157
14,37,José Ignacio_Peleteiro Romallo,Aston Villa,3,5.7,1.0,0.41449833
15,37,Tom_Heaton,Aston Villa,1,4.3,0.0,-0.02451086
16,37,Daniel_Drinkwater,Aston Villa,3,4.4,0.75,0.1320641
17,37,Matt_Targett,Aston Villa,2,4.3,1.0,1.3503056
18,37,Wesley_Moraes,Aston Villa,4,5.4,0.0,0.11001134
19,37,Jed_Steer,Aston Villa,1,4.3,1.0,0.011656523
20,37,Tyrone_Mings,Aston Villa,2,4.4,1.0,2.4780905
21,37,Ezri_Konsa Ngoyo,Aston Villa,2,4.3,1.0,2.4853287
22,37,Bjorn_Engels,Aston Villa,2,4.3,0.25,0.025570393
23,37,Frédéric_Guilbert,Aston Villa,2,4.3,1.0,-0.03833431
24,37,Mahmoud Ahmed_Ibrahim Hassan,Aston Villa,3,5.2,1.0,3.1862288
25,37,Douglas Luiz_Soares de Paulo,Aston Villa,3,4.3,1.0,3.073389
26,37,Lovre_Kalinic,Aston Villa,1,4.2,0.0,-0.027359128
27,37,Marvelous_Nakamba,Aston Villa,3,4.4,1.0,0.97665596
28,37,Indiana_Vassilev,Aston Villa,3,4.5,1.0,0.2678126
29,37,José_Reina,Aston Villa,1,4.2,1.0,2.5868864
30,37,Mbwana_Samatta,Aston Villa,4,5.1,1.0,2.3914618
31,37,Borja_González Tomás,Aston Villa,4,5.3,0.0,0.08107805
32,37,Kaine_Hayden,Aston Villa,3,4.5,1.0,0.0639559
33,37,Steve_Cook,Bournemouth,2,5.0,1.0,2.1473725
34,37,Nathan_Aké,Bournemouth,2,4.8,0.25,1.2571449
35,37,Charlie_Daniels,Bournemouth,2,4.2,0.0,-0.0099131465
36,37,Chris_Mepham,Bournemouth,2,4.3,0.25,0.20895982
37,37,Simon_Francis,Bournemouth,2,4.3,0.25,-0.038406968
38,37,Adam_Smith,Bournemouth,2,4.3,0.75,2.110314
39,37,Lloyd_Kelly,Bournemouth,2,4.4,1.0,3.9896674
40,37,Diego_Rico,Bournemouth,2,4.2,1.0,3.0737019
41,37,Jack_Simpson,Bournemouth,2,3.9,1.0,0.031365275
42,37,Callum_Wilson,Bournemouth,4,7.4,1.0,3.2448816
43,37,Joshua_King,Bournemouth,4,6.1,1.0,3.400836
44,37,Dominic_Solanke,Bournemouth,4,5.1,1.0,2.4654336
45,37,Sam_Surridge,Bournemouth,4,4.3,1.0,0.19036722
46,37,Asmir_Begovic,Bournemouth,1,4.2,0.0,0.047531128
47,37,Artur_Boruc,Bournemouth,1,4.2,1.0,0.11040449
48,37,Mark_Travers,Bournemouth,1,4.2,1.0,0.058978558
49,37,Ryan_Fraser,Bournemouth,3,6.8,0.0,0.11547673
50,37,David_Brooks,Bournemouth,3,6.1,1.0,2.5537155
51,37,Junior_Stanislas,Bournemouth,3,5.8,1.0,3.2400517
52,37,Jordon_Ibe,Bournemouth,3,4.6,0.0,0.03804028
53,37,Lewis_Cook,Bournemouth,3,5.0,1.0,1.1615243
54,37,Andrew_Surman,Bournemouth,3,4.7,1.0,0.006141901
55,37,Dan_Gosling,Bournemouth,3,4.8,1.0,1.8975003
56,37,Jefferson_Lerma,Bournemouth,3,4.8,1.0,2.4340134
57,37,Jack_Stacey,Bournemouth,2,4.3,1.0,1.6270792
58,37,Philip_Billing,Bournemouth,3,4.9,1.0,1.569176
59,37,Arnaut_Danjuma Groeneveld,Bournemouth,3,5.8,1.0,1.6643782
60,37,Aaron_Ramsdale,Bournemouth,1,4.4,1.0,3.494585
61,37,Harry_Wilson,Bournemouth,3,5.7,1.0,1.2912364
62,37,Christian_Saydee,Bournemouth,3,4.5,1.0,0.0508492
63,37,Gavin_Kilkenny,Bournemouth,3,4.5,1.0,-0.033586264
64,37,Mihai-Alexandru_Dobre,Bournemouth,3,4.4,0.0,0.02652967
65,37,Shane_Duffy,Brighton and Hove Albion,2,4.8,1.0,1.1756852
66,37,Martín_Montoya,Brighton and Hove Albion,2,4.3,1.0,1.3910229
67,37,Bernardo_Fernandes da Silva Junior,Brighton and Hove Albion,2,4.3,1.0,1.1928203
68,37,Leon_Balogun,Brighton and Hove Albion,2,4.3,0.0,-0.06607866
69,37,Gaëtan_Bong,Brighton and Hove Albion,2,4.2,0.0,0.051392674
70,37,Lewis_Dunk,Brighton and Hove Albion,2,4.8,1.0,3.4533148
71,37,Matthew_Clarke,Brighton and Hove Albion,2,4.3,0.0,0.04187715
72,37,Glenn_Murray,Brighton and Hove Albion,4,5.4,1.0,0.88515687
73,37,Jürgen_Locadia,Brighton and Hove Albion,4,5.2,0.0,0.029212117
74,37,Florin_Andone,Brighton and Hove Albion,4,4.7,0.0,-0.021027327
75,37,Mathew_Ryan,Brighton and Hove Albion,1,4.7,1.0,3.996306
76,37,David_Button,Brighton and Hove Albion,1,3.9,1.0,0.023565888
77,37,Pascal_Groß,Brighton and Hove Albion,3,6.2,1.0,1.9183443
78,37,Alireza_Jahanbakhsh,Brighton and Hove Albion,3,5.8,1.0,0.45390904
79,37,José Heriberto_Izquierdo Mena,Brighton and Hove Albion,3,5.4,0.0,0.021453738
80,37,Anthony_Knockaert,Brighton and Hove Albion,3,5.3,0.0,-0.019267142
81,37,Yves_Bissouma,Brighton and Hove Albion,3,5.0,1.0,1.7269347
82,37,Davy_Pröpper,Brighton and Hove Albion,3,4.8,1.0,1.8351738
83,37,Solomon_March,Brighton and Hove Albion,3,4.6,1.0,1.1936023
84,37,Beram_Kayal,Brighton and Hove Albion,3,4.2,1.0,0.090142965
85,37,Dale_Stephens,Brighton and Hove Albion,3,4.4,1.0,1.911994
86,37,Leandro_Trossard,Brighton and Hove Albion,3,5.8,1.0,3.0660563
87,37,Dan_Burn,Brighton and Hove Albion,2,4.5,1.0,2.606215
88,37,Adam_Webster,Brighton and Hove Albion,2,4.4,1.0,3.466969
89,37,Neal_Maupay,Brighton and Hove Albion,4,5.7,1.0,3.424467
90,37,Aaron_Mooy,Brighton and Hove Albion,3,4.7,1.0,1.8182757
91,37,Aaron_Connolly,Brighton and Hove Albion,4,4.2,1.0,1.9763718
92,37,Tudor_Baluta,Brighton and Hove Albion,2,4.0,0.0,-0.013890207
93,37,Steven_Alzate,Brighton and Hove Albion,3,4.4,0.0,0.13628864
94,37,Ezequiel_Schelotto,Brighton and Hove Albion,2,4.0,1.0,-0.017359972
95,37,Tariq_Lamptey,Brighton and Hove Albion,2,4.1,1.0,2.9146218
96,37,Alexis_Mac Allister,Brighton and Hove Albion,3,5.4,1.0,1.6238453
97,37,Andrew_Robertson,Liverpool,2,7.0,1.0,4.8939047
98,37,Trent_Alexander-Arnold,Liverpool,2,7.7,1.0,4.3809996
99,37,Virgil_van Dijk,Liverpool,2,6.5,1.0,4.356399
100,37,Joseph_Gomez,Liverpool,2,5.3,1.0,3.934186
101,37,Joel_Matip,Liverpool,2,5.2,0.0,0.0971843
102,37,Dejan_Lovren,Liverpool,2,5.3,1.0,0.04873061
103,37,Roberto_Firmino,Liverpool,4,9.3,1.0,3.6011047
104,37,Divock_Origi,Liverpool,4,5.1,1.0,1.9137759
105,37,Alisson_Ramses Becker,Liverpool,1,6.2,1.0,4.216635
106,37,Simon_Mignolet,Liverpool,1,4.5,0.0,0.07152438
107,37,Mohamed_Salah,Liverpool,3,12.5,1.0,7.573682
108,37,Sadio_Mané,Liverpool,3,12.2,1.0,5.9809923
109,37,Alex_Oxlade-Chamberlain,Liverpool,3,6.1,1.0,2.4261143
110,37,Xherdan_Shaqiri,Liverpool,3,6.3,1.0,0.4391892
111,37,Adam_Lallana,Liverpool,3,5.7,1.0,0.1250019
112,37,Naby_Keita,Liverpool,3,5.8,1.0,2.2966795
113,37,Fabio Henrique_Tavares,Liverpool,3,5.4,1.0,2.5751626
114,37,Jordan_Henderson,Liverpool,3,5.2,0.0,0.11350775
115,37,Georginio_Wijnaldum,Liverpool,3,5.4,1.0,2.6342387
116,37,James_Milner,Liverpool,3,5.3,0.75,0.1573565
117,37,Rafael_Camacho,Liverpool,3,4.5,0.0,0.02787435
118,37,Rhian_Brewster,Liverpool,4,4.2,0.0,0.13717282
119,37,Adrián_San Miguel del Castillo,Liverpool,1,4.0,1.0,0.14825225
120,37,Andy_Lonergan,Liverpool,1,4.2,1.0,0.0791558
121,37,Caoimhin_Kelleher,Liverpool,1,4.4,1.0,0.14650047
122,37,Harvey_Elliott,Liverpool,3,4.5,1.0,0.09642482
123,37,Curtis_Jones,Liverpool,3,4.5,1.0,1.4200683
124,37,Neco_Williams,Liverpool,2,4.0,1.0,1.3693068
125,37,Nathaniel_Phillips,Liverpool,2,3.9,0.0,0.0035438538
126,37,Takumi_Minamino,Liverpool,3,5.8,1.0,0.86207736
127,37,Ki-Jana_Hoever,Liverpool,2,4.0,1.0,0.022914767
128,37,Aaron_Wan-Bissaka,Manchester United,2,5.5,1.0,4.333505
129,37,Harry_Maguire,Manchester United,2,5.3,1.0,3.9054346
130,37,Chris_Smalling,Manchester United,2,5.2,0.0,0.048555613
131,37,Ashley_Young,Manchester United,2,5.4,0.0,0.041119218
132,37,Victor_Lindelöf,Manchester United,2,5.3,1.0,3.1835785
133,37,Luke_Shaw,Manchester United,2,5.4,0.75,2.6256409
134,37,Marcos_Rojo,Manchester United,2,4.8,0.0,0.067105174
135,37,Eric_Bailly,Manchester United,2,4.8,1.0,0.867362
136,37,José Diogo_Dalot Teixeira,Manchester United,2,4.9,1.0,0.055448413
137,37,Matteo_Darmian,Manchester United,2,4.9,0.0,0.10028231
138,37,Phil_Jones,Manchester United,2,4.7,0.0,0.06107819
139,37,Romelu_Lukaku,Manchester United,4,8.5,0.0,0.08270824
140,37,Marcus_Rashford,Manchester United,4,8.9,1.0,4.7438197
141,37,Mason_Greenwood,Manchester United,4,4.9,1.0,4.7664037
142,37,David_de Gea,Manchester United,1,5.3,1.0,3.7427368
143,37,Sergio_Romero,Manchester United,1,4.6,1.0,0.10042536
144,37,Lee_Grant,Manchester United,1,4.7,1.0,0.04955995
145,37,Paul_Pogba,Manchester United,3,8.3,1.0,4.4778786
146,37,Anthony_Martial,Manchester United,3,8.5,1.0,5.76088
147,37,Alexis_Sánchez,Manchester United,3,6.8,0.0,0.12014949
148,37,Jesse_Lingard,Manchester United,3,6.3,1.0,0.7445531
149,37,Juan_Mata,Manchester United,3,6.1,1.0,0.32960057
150,37,Daniel_James,Manchester United,3,5.7,1.0,1.0699899
151,37,Frederico_Rodrigues de Paula Santos,Manchester United,3,5.1,1.0,0.90079546
152,37,Angel_Gomes,Manchester United,3,4.7,0.0,0.112214565
153,37,Andreas_Pereira,Manchester United,3,4.8,1.0,0.6280477
154,37,Nemanja_Matic,Manchester United,3,4.8,1.0,2.22864
155,37,Scott_McTominay,Manchester United,3,4.8,1.0,1.2951334
156,37,Tahith_Chong,Manchester United,3,4.2,1.0,0.14314795
157,37,James_Garner,Manchester United,3,4.3,1.0,0.0600729
158,37,Axel_Tuanzebe,Manchester United,2,4.4,0.0,0.032469034
159,37,Brandon_Williams,Manchester United,2,3.9,0.75,1.1614416
160,37,Bruno Miguel_Borges Fernandes,Manchester United,3,9.1,1.0,6.5933785
161,37,Odion_Ighalo,Manchester United,4,5.9,1.0,0.5847281
162,37,Timothy_Fosu-Mensah,Manchester United,2,4.5,1.0,0.02216804
163,37,Timm_Klose,Norwich,2,4.3,1.0,2.1341677
164,37,Ben_Godfrey,Norwich,2,4.4,1.0,2.1909676
165,37,Maximillian_Aarons,Norwich,2,4.3,1.0,2.9445577
166,37,Christoph_Zimmermann,Norwich,2,4.4,0.75,0.012888789
167,37,Jamal_Lewis,Norwich,2,4.4,1.0,2.9087663
168,37,Grant_Hanley,Norwich,2,4.0,0.0,-0.021672845
169,37,Teemu_Pukki,Norwich,4,6.4,1.0,2.0821269
170,37,Dennis_Srbeny,Norwich,4,5.2,0.0,0.13785803
171,37,Tim_Krul,Norwich,1,4.6,1.0,3.441029
172,37,Michael_McGovern,Norwich,1,4.1,1.0,0.049319386
173,37,Mario_Vrancic,Norwich,3,6.2,1.0,1.7350149
174,37,Emiliano_Buendía,Norwich,3,6.0,1.0,2.239365
175,37,Onel_Hernández,Norwich,3,5.3,1.0,2.7062197
176,37,Marco_Stiepermann,Norwich,3,5.0,1.0,1.508039
177,37,Kenny_McLean,Norwich,3,4.8,1.0,2.1961799
178,37,Todd_Cantwell,Norwich,3,4.5,1.0,2.4477668
179,37,Moritz_Leitner,Norwich,3,4.3,0.0,0.05354917
180,37,Alexander_Tettey,Norwich,3,4.4,1.0,2.8048825
181,37,Tom_Trybull,Norwich,3,4.3,1.0,0.77855897
182,37,Josip_Drmic,Norwich,4,5.3,1.0,1.635767
183,37,Patrick_Roberts,Norwich,3,5.0,0.0,0.073810816
184,37,Ralf_Fahrmann,Norwich,1,4.4,0.0,0.04052043
185,37,Sam_Byram,Norwich,2,4.3,0.0,0.06283069
186,37,Philip_Heise,Norwich,2,3.9,0.0,0.024269938
187,37,Ibrahim_Amadou,Norwich,3,4.5,0.0,0.024445415
188,37,Adam_Idah,Norwich,4,4.4,1.0,1.380352
189,37,Archie_Mair,Norwich,1,4.0,1.0,0.0075331926
190,37,Akin_Famewo,Norwich,2,3.9,0.0,0.033128977
191,37,Ondrej_Duda,Norwich,3,4.4,0.0,0.063072205
192,37,Lukas_Rupp,Norwich,3,4.4,1.0,1.6582222
193,37,Josh_Martin,Norwich,3,4.5,1.0,0.7940054
194,37,Jordan_Thomas,Norwich,2,4.0,1.0,0.052914858
195,37,Lys_Mousset,Sheffield United,4,4.3,1.0,2.0281608
196,37,Enda_Stevens,Sheffield United,2,5.2,1.0,4.097245
197,37,Kieron_Freeman,Sheffield United,2,4.2,1.0,0.04623878
198,37,Jack_O'Connell,Sheffield United,2,4.5,1.0,3.6556587
199,37,George_Baldock,Sheffield United,2,5.0,1.0,4.173775
200,37,John_Egan,Sheffield United,2,4.7,1.0,4.4989605
201,37,Richard_Stearman,Sheffield United,2,3.9,0.0,0.059615135
202,37,John_Lundstram,Sheffield United,2,4.6,1.0,1.1678472
203,37,Billy_Sharp,Sheffield United,4,5.3,1.0,1.5674717
204,37,Jake_Eastwood,Sheffield United,1,4.3,1.0,0.06407058
205,37,Mark_Duffy,Sheffield United,3,5.2,0.0,0.07311845
206,37,John_Fleck,Sheffield United,3,4.7,1.0,0.17657518
207,37,Oliver_Norwood,Sheffield United,3,4.7,1.0,2.8480642
208,37,David_McGoldrick,Sheffield United,4,5.4,1.0,1.9788704
209,37,Chris_Basham,Sheffield United,2,4.6,1.0,3.745223
210,37,Simon_Moore,Sheffield United,1,4.3,1.0,0.04095602
211,37,Luke_Freeman,Sheffield United,3,5.0,0.25,0.09672928
212,37,Phil_Jagielka,Sheffield United,2,4.1,1.0,0.4938984
213,37,Callum_Robinson,Sheffield United,3,4.9,0.0,0.10764277
214,37,Ravel_Morrison,Sheffield United,3,4.5,0.0,0.0815928
215,37,Dean_Henderson,Sheffield United,1,5.2,1.0,4.440852
216,37,Ben_Osborn,Sheffield United,3,4.7,1.0,3.1541028
217,37,Oliver_McBurnie,Sheffield United,4,5.5,1.0,3.0793037
218,37,Michael_Verrips,Sheffield United,1,4.4,1.0,0.04078889
219,37,Muhamed_Bešić,Sheffield United,3,4.3,0.0,0.12820947
220,37,Leon_Clarke,Sheffield United,4,4.4,0.25,0.11964464
221,37,Jack_Rodwell,Sheffield United,3,4.5,1.0,0.3134681
222,37,Jack_Robinson,Sheffield United,2,4.0,1.0,1.3379986
223,37,Sander_Berge,Sheffield United,3,4.7,1.0,3.523799
224,37,Richairo_Zivkovic,Sheffield United,4,4.7,1.0,0.5804968
225,37,Panagiotis_Retsos,Sheffield United,2,4.5,0.0,0.012568951
226,37,Ben_Davies,Tottenham Hotspur,2,5.3,1.0,3.7659297
227,37,Jan_Vertonghen,Tottenham Hotspur,2,5.2,1.0,1.0699861
228,37,Toby_Alderweireld,Tottenham Hotspur,2,5.3,1.0,2.6450698
229,37,Davinson_Sánchez,Tottenham Hotspur,2,5.3,1.0,1.8413332
230,37,Kieran_Trippier,Tottenham Hotspur,2,5.5,0.0,0.045930147
231,37,Juan_Foyth,Tottenham Hotspur,2,4.8,0.0,-0.022570193
232,37,Serge_Aurier,Tottenham Hotspur,2,5.1,0.75,2.8201478
233,37,Harry_Kane,Tottenham Hotspur,4,10.9,1.0,6.341002
234,37,Vincent_Janssen,Tottenham Hotspur,4,4.5,0.0,0.1444012
235,37,Hugo_Lloris,Tottenham Hotspur,1,5.3,1.0,4.1776395
236,37,Paulo_Gazzaniga,Tottenham Hotspur,1,4.1,1.0,0.098968625
237,37,Heung-Min_Son,Tottenham Hotspur,3,9.6,1.0,5.4808884
238,37,Christian_Eriksen,Tottenham Hotspur,3,8.6,0.0,0.17482638
239,37,Bamidele_Alli,Tottenham Hotspur,3,8.3,0.0,0.15929985
240,37,Lucas_Rodrigues Moura da Silva,Tottenham Hotspur,3,7.0,1.0,2.9420722
241,37,Erik_Lamela,Tottenham Hotspur,3,5.7,1.0,1.7607672
242,37,Harry_Winks,Tottenham Hotspur,3,5.2,1.0,2.2740655
243,37,Victor_Wanyama,Tottenham Hotspur,3,4.7,0.0,0.045236826
244,37,Moussa_Sissoko,Tottenham Hotspur,3,4.8,1.0,2.722628
245,37,Eric_Dier,Tottenham Hotspur,3,4.8,0.0,0.096876144
246,37,Luke_Amos,Tottenham Hotspur,3,4.4,0.0,0.10622907
247,37,Oliver_Skipp,Tottenham Hotspur,3,4.3,1.0,0.26551008
248,37,Tanguy_Ndombele,Tottenham Hotspur,3,5.8,0.0,0.08543825
249,37,Troy_Parrott,Tottenham Hotspur,4,4.3,0.25,0.1315912
250,37,Giovani_Lo Celso,Tottenham Hotspur,3,7.3,1.0,2.6688888
251,37,Ryan_Sessegnon,Tottenham Hotspur,3,5.4,1.0,0.17304647
252,37,Georges-Kévin_Nkoudou,Tottenham Hotspur,3,5.0,0.0,0.10196555
253,37,Alfie_Whiteman,Tottenham Hotspur,1,4.0,1.0,0.03534341
254,37,Michel_Vorm,Tottenham Hotspur,1,4.2,1.0,0.023002744
255,37,Brandon_Austin,Tottenham Hotspur,1,4.0,1.0,0.052886724
256,37,Japhet_Tanganga,Tottenham Hotspur,2,3.9,1.0,0.033582687
257,37,Gedson_Carvalho Fernandes,Tottenham Hotspur,3,4.6,1.0,0.21208632
258,37,Steven_Bergwijn,Tottenham Hotspur,3,7.0,1.0,1.9064379
259,37,Harvey_White,Tottenham Hotspur,3,4.5,1.0,0.14654231
260,37,Dennis_Cirkin,Tottenham Hotspur,2,4.0,1.0,0.01596129
261,37,José_Holebas,Watford,2,4.6,1.0,0.31960618
262,37,Christian_Kabasele,Watford,2,4.3,1.0,1.4241059
263,37,Adam_Masina,Watford,2,4.3,1.0,1.3610828
264,37,Adrian_Mariappa,Watford,2,4.1,1.0,0.7875078
265,37,Francisco_Femenía Far,Watford,2,4.2,1.0,1.5365331
266,37,Craig_Cathcart,Watford,2,4.2,1.0,0.67646766
267,37,Daryl_Janmaat,Watford,2,4.0,0.0,0.0448761
268,37,Marc_Navarro,Watford,2,3.9,0.0,0.020710826
269,37,Sebastian_Prödl,Watford,2,3.9,0.0,-0.034691393
270,37,Troy_Deeney,Watford,4,6.2,1.0,3.050105
271,37,Gerard_Deulofeu,Watford,4,6.1,0.0,0.027455091
272,37,Andre_Gray,Watford,4,5.5,1.0,0.534454
273,37,Isaac_Success Ajayi,Watford,4,4.7,0.0,0.13147473
274,37,Ben_Foster,Watford,1,4.9,1.0,2.6520255
275,37,Pontus_Dahlberg,Watford,1,4.2,0.0,-0.011525512
276,37,Abdoulaye_Doucouré,Watford,3,5.4,1.0,2.7448277
277,37,Roberto_Pereyra,Watford,3,5.6,1.0,1.1350834
278,37,Will_Hughes,Watford,3,5.3,1.0,2.4528856
279,37,Tom_Cleverley,Watford,3,4.8,1.0,1.3976583
280,37,Ken_Sema,Watford,3,4.7,0.0,0.035065055
281,37,Etienne_Capoue,Watford,3,4.8,0.75,1.6487033
282,37,Nathaniel_Chalobah,Watford,3,4.4,1.0,0.95194983
283,37,Domingos_Quina,Watford,3,4.3,1.0,-0.03302914
284,37,Craig_Dawson,Watford,2,4.8,1.0,1.8270845
285,37,Danny_Welbeck,Watford,4,5.8,1.0,2.0802784
286,37,Heurelho da Silva_Gomes,Watford,1,4.3,1.0,-0.015576661
287,37,Ismaïla_Sarr,Watford,3,6.0,1.0,3.0914931
288,37,Dimitri_Foulquier,Watford,2,3.9,0.0,0.05668068
289,37,Ayotomiwa_Dele-Bashiru,Watford,3,4.5,1.0,0.006581068
290,37,João Pedro_Junqueira de Jesus,Watford,4,4.9,1.0,0.46047986
291,37,Ignacio_Pussetto,Watford,3,4.6,1.0,0.3130101
292,37,Adalberto_Peñaranda,Watford,4,4.5,1.0,-0.028425872
293,37,Matt_Doherty,Wolverhampton Wanderers,2,6.5,1.0,4.3179183
294,37,Jonathan_Castro Otto,Wolverhampton Wanderers,2,5.5,1.0,3.3785949
295,37,Conor_Coady,Wolverhampton Wanderers,2,5.1,1.0,3.724203
296,37,Willy_Boly,Wolverhampton Wanderers,2,4.9,1.0,5.2515187
297,37,Rúben Gonçalo_Silva Nascimento Vinagre,Wolverhampton Wanderers,2,4.1,1.0,1.2928565
298,37,Romain_Saïss,Wolverhampton Wanderers,2,4.7,1.0,4.8575315
299,37,Max_Kilman,Wolverhampton Wanderers,2,3.9,1.0,0.031991363
300,37,Raúl_Jiménez,Wolverhampton Wanderers,4,8.1,1.0,5.3031545
301,37,Diogo_Jota,Wolverhampton Wanderers,4,6.0,1.0,2.941672
302,37,Rui Pedro_dos Santos Patrício,Wolverhampton Wanderers,1,5.3,1.0,3.8123527
303,37,John_Ruddy,Wolverhampton Wanderers,1,4.2,1.0,0.037870884
304,37,Will_Norris,Wolverhampton Wanderers,1,3.9,0.0,0.025313616
305,37,Rúben Diogo_da Silva Neves,Wolverhampton Wanderers,3,5.2,1.0,2.9034102
306,37,João Filipe Iria_Santos Moutinho,Wolverhampton Wanderers,3,5.3,1.0,2.5679824
307,37,Morgan_Gibbs-White,Wolverhampton Wanderers,3,4.7,1.0,0.061601996
308,37,Adama_Traoré,Wolverhampton Wanderers,3,5.6,1.0,2.3590362
309,37,Hélder_Costa,Wolverhampton Wanderers,3,4.8,0.0,-0.09029412
310,37,Ivan_Cavaleiro,Wolverhampton Wanderers,3,4.9,0.0,-0.04629284
311,37,Leander_Dendoncker,Wolverhampton Wanderers,3,4.4,1.0,1.817781
312,37,Jesús_Vallejo Lázaro,Wolverhampton Wanderers,2,4.6,0.0,-0.0010538101
313,37,Patrick_Cutrone,Wolverhampton Wanderers,4,5.4,0.0,0.028239965
314,37,Pedro_Lomba Neto,Wolverhampton Wanderers,3,4.9,1.0,0.9115648
315,37,Bernard_Ashley-Seal,Wolverhampton Wanderers,4,4.5,0.0,0.005112767
316,37,Taylor_Perry,Wolverhampton Wanderers,3,4.5,1.0,-0.15389913
317,37,Owen_Otasowie,Wolverhampton Wanderers,3,4.5,1.0,-0.09405607
318,37,Luke_Cundle,Wolverhampton Wanderers,3,4.5,1.0,-0.20554549
319,37,Oskar_Buur,Wolverhampton Wanderers,2,4.0,1.0,0.06265497
320,37,Ryan_Giles,Wolverhampton Wanderers,2,3.9,0.0,0.046518326
321,37,Bruno André_Cavaco Jordao,Wolverhampton Wanderers,3,4.5,1.0,-0.003503561
322,37,Daniel_Castelo Podence,Wolverhampton Wanderers,3,4.9,1.0,1.5904021
323,37,Leonardo_Campana,Wolverhampton Wanderers,4,4.5,1.0,-0.023829818
324,38,Shkodran_Mustafi,Arsenal,2,5.1,1.0,2.9243083
325,38,Héctor_Bellerín,Arsenal,2,5.2,1.0,2.7295735
326,38,Sead_Kolasinac,Arsenal,2,5.2,1.0,3.6660595
327,38,Ainsley_Maitland-Niles,Arsenal,2,4.5,1.0,0.6582619
328,38,Sokratis_Papastathopoulos,Arsenal,2,4.8,1.0,0.024420857
329,38,Nacho_Monreal,Arsenal,2,5.0,0.0,0.056423783
330,38,Laurent_Koscielny,Arsenal,2,5.0,0.0,-0.035719693
331,38,Konstantinos_Mavropanos,Arsenal,2,4.3,0.0,0.009548187
332,38,Carl_Jenkinson,Arsenal,2,4.5,0.0,0.0071462393
333,38,Rob_Holding,Arsenal,2,4.4,1.0,1.3110416
334,38,Pierre-Emerick_Aubameyang,Arsenal,4,10.9,1.0,6.3926764
335,38,Alexandre_Lacazette,Arsenal,4,9.2,1.0,4.407106
336,38,Edward_Nketiah,Arsenal,4,4.3,1.0,2.5188074
337,38,Bernd_Leno,Arsenal,1,4.8,0.0,-0.002942443
338,38,Mesut_Özil,Arsenal,3,6.9,1.0,0.10973394
339,38,Henrikh_Mkhitaryan,Arsenal,3,6.7,0.0,0.12057459
340,38,Granit_Xhaka,Arsenal,3,5.1,1.0,3.1698341
341,38,Lucas_Torreira,Arsenal,3,4.7,1.0,1.0549014
342,38,Mohamed_Elneny,Arsenal,3,4.2,0.0,0.108392835
343,38,Matteo_Guendouzi,Arsenal,3,4.1,1.0,-0.0028457642
344,38,David_Luiz Moreira Marinho,Arsenal,2,5.7,1.0,4.1266427
345,38,Emiliano_Martínez,Arsenal,1,4.3,1.0,4.2832184
346,38,Calum_Chambers,Arsenal,2,4.3,0.0,0.026971698
347,38,Daniel_Ceballos Fernández,Arsenal,3,5.2,1.0,2.8662853
348,38,Cédric_Soares,Arsenal,2,4.8,1.0,1.8681781
349,38,Nicolas_Pépé,Arsenal,3,8.9,1.0,2.0389311
350,38,Reiss_Nelson,Arsenal,3,5.3,1.0,1.3919818
351,38,Joseph_Willock,Arsenal,3,4.7,1.0,1.3851924
352,38,Gabriel Teodoro_Martinelli Silva,Arsenal,4,4.3,0.0,0.16335881
353,38,Kieran_Tierney,Arsenal,2,5.3,1.0,3.4486065
354,38,Bukayo_Saka,Arsenal,3,4.7,1.0,2.646388
355,38,Emile_Smith Rowe,Arsenal,3,4.3,0.0,0.09825492
356,38,Tyreece_John-Jules,Arsenal,4,4.4,0.0,0.11872554
357,38,Pablo_Marí,Arsenal,2,4.4,0.0,-0.0063809156
358,38,Zech_Medley,Arsenal,2,4.0,1.0,-0.0014452934
359,38,Matt_Macey,Arsenal,1,4.0,1.0,0.009412408
360,38,Matthew_Smith,Arsenal,2,4.0,1.0,0.037689924
361,38,Ben_Mee,Burnley,2,4.9,0.0,0.017753601
362,38,James_Tarkowski,Burnley,2,5.4,1.0,4.516431
363,38,Matthew_Lowton,Burnley,2,4.2,0.0,-0.014828563
364,38,Phil_Bardsley,Burnley,2,4.3,1.0,3.9028177
365,38,Charlie_Taylor,Burnley,2,4.4,0.0,-0.05386913
366,38,Kevin_Long,Burnley,2,4.3,1.0,3.4005756
367,38,Ben_Gibson,Burnley,2,3.9,0.0,0.032881975
368,38,Ashley_Barnes,Burnley,4,6.1,0.0,0.08198154
369,38,Chris_Wood,Burnley,4,6.1,1.0,3.6347346
370,38,Matej_Vydra,Burnley,4,5.1,1.0,2.880146
371,38,Nick_Pope,Burnley,1,5.1,1.0,5.1998067
372,38,Joe_Hart,Burnley,1,4.2,0.0,0.035924792
373,38,Johann Berg_Gudmundsson,Burnley,3,5.9,1.0,1.6246207
374,38,Dwight_McNeil,Burnley,3,6.0,1.0,4.4928136
375,38,Robbie_Brady,Burnley,3,5.5,1.0,0.30147338
376,38,Steven_Defour,Burnley,3,5.5,0.0,0.078445554
377,38,Jeff_Hendrick,Burnley,3,5.4,0.0,0.11487615
378,38,Ashley_Westwood,Burnley,3,5.5,1.0,3.60399
379,38,Jack_Cork,Burnley,3,4.9,0.0,0.007582307
380,38,Aaron_Lennon,Burnley,3,4.6,0.0,0.13556373
381,38,Erik_Pieters,Burnley,2,4.2,1.0,3.5487952
382,38,Jay_Rodriguez,Burnley,4,5.7,1.0,4.086434
383,38,Bailey_Peacock-Farrell,Burnley,1,4.3,1.0,-0.013401508
384,38,Mace_Goodridge,Burnley,3,4.5,1.0,0.06082356
385,38,Anthony_Driscoll-Glennon,Burnley,2,3.9,1.0,-0.023881555
386,38,Abd-Al-Ali Morakinyo Olaposi_Koiki,Burnley,2,4.0,0.0,-0.010399222
387,38,Josh_Brownhill,Burnley,3,4.8,1.0,3.5282745
388,38,Jimmy_Dunne,Burnley,2,4.0,1.0,-0.040692627
389,38,Bobby_Thomas,Burnley,2,4.0,1.0,-0.013872027
390,38,Max_Thompson,Burnley,4,4.5,1.0,0.08344984
391,38,Lukas_Jensen,Burnley,1,4.0,1.0,0.0026575327
392,38,Josh_Benson,Burnley,3,4.5,1.0,0.05215597
393,38,Marcos_Alonso,Chelsea,2,6.1,1.0,2.5261958
394,38,Antonio_Rüdiger,Chelsea,2,5.9,1.0,1.8940458
395,38,César_Azpilicueta,Chelsea,2,6.1,1.0,4.0974226
396,38,Emerson_Palmieri dos Santos,Chelsea,2,5.4,1.0,0.059098005
397,38,Andreas_Christensen,Chelsea,2,4.8,1.0,2.0530224
398,38,Davide_Zappacosta,Chelsea,2,4.2,0.0,-0.02008915
399,38,Olivier_Giroud,Chelsea,4,6.7,1.0,3.3877792
400,38,Kepa_Arrizabalaga,Chelsea,1,5.4,1.0,3.3126535
401,38,Willy_Caballero,Chelsea,1,4.8,1.0,0.08703649
402,38,Willian_Borges Da Silva,Chelsea,3,7.4,1.0,4.463241
403,38,Pedro_Rodríguez Ledesma,Chelsea,3,6.8,1.0,0.051635027
404,38,Ruben_Loftus-Cheek,Chelsea,3,5.9,1.0,1.5947001
405,38,Callum_Hudson-Odoi,Chelsea,3,5.1,1.0,1.0703022
406,38,Ross_Barkley,Chelsea,3,5.6,1.0,2.9265094
407,38,Jorge Luiz_Frello Filho,Chelsea,3,4.9,1.0,1.4213157
408,38,N'Golo_Kanté,Chelsea,3,5.0,0.5,1.5151789
409,38,Ethan_Ampadu,Chelsea,3,4.3,0.0,0.036971927
410,38,Christian_Pulisic,Chelsea,3,7.4,1.0,4.9350166
411,38,Mateo_Kovacic,Chelsea,3,5.3,1.0,2.3940337
412,38,Kurt_Zouma,Chelsea,2,4.7,1.0,2.82194
413,38,Tammy_Abraham,Chelsea,4,7.4,1.0,2.3099062
414,38,Michy_Batshuayi,Chelsea,4,6.6,1.0,0.29007196
415,38,Robert Kenedy_Nunes do Nascimento,Chelsea,3,5.2,0.0,0.08751452
416,38,Mason_Mount,Chelsea,3,6.0,1.0,2.166236
417,38,Reece_James,Chelsea,2,4.9,1.0,2.0735369
418,38,Fikayo_Tomori,Chelsea,2,4.2,1.0,-0.029095769
419,38,Billy_Gilmour,Chelsea,3,4.1,0.0,0.11982
420,38,Addji Keaninkin Marc-Israel_Guehi,Chelsea,2,3.9,0.0,0.01453948
421,38,Faustino_Anjorin,Chelsea,3,4.5,1.0,0.08468652
422,38,Armando_Broja,Chelsea,4,4.5,1.0,0.17831433
423,38,Lewis_Bate,Chelsea,3,4.5,1.0,0.09217465
424,38,Patrick_van Aanholt,Crystal Palace,2,5.6,0.0,-0.0034427643
425,38,James_Tomkins,Crystal Palace,2,5.0,0.0,0.027775526
426,38,Mamadou_Sakho,Crystal Palace,2,5.0,1.0,1.6663702
427,38,Joel_Ward,Crystal Palace,2,4.3,1.0,2.02523
428,38,Scott_Dann,Crystal Palace,2,4.3,1.0,1.9464693
429,38,Martin_Kelly,Crystal Palace,2,4.1,1.0,0.055522323
430,38,Christian_Benteke,Crystal Palace,4,5.7,0.0,0.122712255
431,38,Connor_Wickham,Crystal Palace,4,4.3,0.0,0.06629491
432,38,Vicente_Guaita,Crystal Palace,1,4.9,1.0,3.090127
433,38,Wayne_Hennessey,Crystal Palace,1,4.2,1.0,-0.03684163
434,38,Wilfried_Zaha,Crystal Palace,3,6.6,1.0,3.4524236
435,38,Luka_Milivojevic,Crystal Palace,3,6.7,1.0,3.3122163
436,38,Andros_Townsend,Crystal Palace,3,5.6,1.0,1.7665
437,38,Max_Meyer,Crystal Palace,3,5.2,1.0,0.78432167
438,38,Jeffrey_Schlupp,Crystal Palace,3,5.4,1.0,0.08532548
439,38,James_McArthur,Crystal Palace,3,5.2,1.0,2.395539
440,38,Cheikhou_Kouyaté,Crystal Palace,3,4.9,1.0,1.5819113
441,38,Luke_Dreher,Crystal Palace,3,4.3,1.0,0.036863565
442,38,James_McCarthy,Crystal Palace,3,4.2,1.0,1.420604
443,38,Jordan_Ayew,Crystal Palace,4,5.1,1.0,3.0272818
444,38,Gary_Cahill,Crystal Palace,2,4.4,0.0,-0.005967498
445,38,Víctor_Camarasa,Crystal Palace,3,4.5,0.0,0.07619691
446,38,Jairo_Riedewald,Crystal Palace,3,4.5,1.0,1.3015563
447,38,Stephen_Henderson,Crystal Palace,1,4.0,1.0,-0.049521923
448,38,Sam_Woods,Crystal Palace,2,3.9,0.0,-0.042148948
449,38,Tyrick_Mitchell,Crystal Palace,2,4.0,1.0,0.33761227
450,38,Brandon_Pierrick,Crystal Palace,3,4.5,1.0,-0.027704835
451,38,James_Daly,Crystal Palace,4,4.5,0.0,0.025509834
452,38,Nya_Kirby,Crystal Palace,3,4.5,1.0,-0.055929124
453,38,Giovanni_McGregor,Crystal Palace,3,4.5,0.0,-0.026932657
454,38,Nikola_Tavares,Crystal Palace,2,4.0,0.0,-0.015525103
455,38,Alex_Iwobi,Everton,3,5.6,1.0,2.5834367
456,38,Lucas_Digne,Everton,2,5.9,1.0,4.5975895
457,38,Yerry_Mina,Everton,2,5.3,0.75,1.8834555
458,38,Michael_Keane,Everton,2,5.2,1.0,3.6934848
459,38,Seamus_Coleman,Everton,2,5.3,1.0,3.9126816
460,38,Leighton_Baines,Everton,2,4.9,1.0,0.5059303
461,38,Cenk_Tosun,Everton,4,5.7,0.0,0.15745807
462,38,Dominic_Calvert-Lewin,Everton,4,6.2,1.0,4.214677
463,38,Jordan_Pickford,Everton,1,5.2,1.0,3.9459949
464,38,Maarten_Stekelenburg,Everton,1,3.9,1.0,0.080767155
465,38,Richarlison_de Andrade,Everton,3,8.2,1.0,4.5989165
466,38,Gylfi_Sigurdsson,Everton,3,7.3,1.0,3.0448256
467,38,Bernard_Anício Caldeira Duarte,Everton,3,6.4,1.0,1.5602503
468,38,Theo_Walcott,Everton,3,6.2,1.0,2.3482702
469,38,Tom_Davies,Everton,3,5.3,1.0,2.4341483
470,38,Ademola_Lookman,Everton,3,5.0,0.0,0.1190089
471,38,Idrissa_Gueye,Everton,3,5.0,0.0,0.07212162
472,38,Morgan_Schneiderlin,Everton,3,4.4,0.0,0.12906921
473,38,Fabian_Delph,Everton,2,5.3,0.0,0.07363188
474,38,André Filipe_Tavares Gomes,Everton,3,5.2,1.0,2.4063718
475,38,Lewis_Gibson,Everton,2,4.2,0.0,-0.0061614513
476,38,Mason_Holgate,Everton,2,4.3,0.75,1.6666932
477,38,Jonas_Lössl,Everton,1,4.2,0.0,0.021466494
478,38,Moise_Kean,Everton,4,6.3,1.0,1.3398943
479,38,Jean-Philippe_Gbamin,Everton,3,4.8,0.0,0.021447778
480,38,Djibril_Sidibé,Everton,2,5.0,1.0,0.7828591
481,38,Beni_Baningime,Everton,3,4.4,1.0,0.064495444
482,38,Anthony_Gordon,Everton,4,4.5,1.0,2.7589357
483,38,Oumar_Niasse,Everton,4,4.5,0.0,0.14433408
484,38,Rhu-endly_Martina,Everton,2,4.0,0.0,-0.03056866
485,38,João Manuel_Neves Virgínia,Everton,1,4.0,1.0,0.032598257
486,38,Jarrad_Branthwaite,Everton,2,4.0,1.0,1.0378852
487,38,Ricardo Domingos_Barbosa Pereira,Leicester City,2,6.2,0.0,-0.0055047274
488,38,Benjamin_Chilwell,Leicester City,2,5.5,0.0,0.09509778
489,38,Jonny_Evans,Leicester City,2,5.3,1.0,3.2147822
490,38,Christian_Fuchs,Leicester City,2,4.2,0.0,0.020929933
491,38,Çaglar_Söyüncü,Leicester City,2,4.9,0.0,0.014908552
492,38,Wes_Morgan,Leicester City,2,4.1,1.0,0.9512874
493,38,Jamie_Vardy,Leicester City,4,9.8,1.0,5.10184
494,38,Kelechi_Iheanacho,Leicester City,4,5.7,1.0,2.5397973
495,38,Kasper_Schmeichel,Leicester City,1,5.5,1.0,3.7342439
496,38,Eldin_Jakupovic,Leicester City,1,4.2,1.0,0.003555894
497,38,Danny_Ward,Leicester City,1,4.2,1.0,0.010091305
498,38,James_Maddison,Leicester City,3,7.3,0.0,0.06831062
499,38,Harvey_Barnes,Leicester City,3,5.9,1.0,2.0101771
500,38,Rachid_Ghezzal,Leicester City,3,5.1,0.0,0.03259611
501,38,Marc_Albrighton,Leicester City,3,5.1,0.0,0.09005761
502,38,Demarai_Gray,Leicester City,3,5.0,1.0,0.9515209
503,38,Wilfred_Ndidi,Leicester City,3,5.0,1.0,2.7611427
504,38,Matty_James,Leicester City,3,4.3,1.0,0.03746009
505,38,Daniel_Amartey,Leicester City,3,4.2,0.0,0.039750457
506,38,Nampalys_Mendy,Leicester City,3,4.3,1.0,0.057222605
507,38,Hamza_Choudhury,Leicester City,3,4.2,1.0,0.5084957
508,38,Ayoze_Pérez,Leicester City,3,6.0,1.0,2.9349263
509,38,Ryan_Bennett,Leicester City,2,4.8,1.0,1.8555045
510,38,James_Justin,Leicester City,2,4.7,1.0,3.5958762
511,38,Youri_Tielemans,Leicester City,3,6.1,1.0,4.059504
512,38,Andy_King,Leicester City,3,4.2,0.0,0.03989899
513,38,Dennis_Praet,Leicester City,3,5.2,1.0,1.5012491
514,38,Filip_Benkovic,Leicester City,2,3.9,0.0,-0.22324073
515,38,Luke_Thomas,Leicester City,2,4.0,1.0,-0.020304263
516,38,George_Hirst,Leicester City,4,4.5,1.0,0.084641576
517,38,Darnell_Johnson,Leicester City,2,4.0,1.0,-0.00798893
518,38,Aymeric_Laporte,Manchester City,2,6.3,1.0,3.8907137
519,38,Kyle_Walker,Manchester City,2,5.6,1.0,3.8633814
520,38,Benjamin_Mendy,Manchester City,2,5.5,1.0,4.5228753
521,38,Oleksandr_Zinchenko,Manchester City,2,5.2,1.0,1.9740276
522,38,John_Stones,Manchester City,2,5.3,1.0,2.3561397
523,38,Nicolás_Otamendi,Manchester City,2,4.8,1.0,2.930879
524,38,Danilo Luiz_da Silva,Manchester City,2,5.0,0.0,0.09878731
525,38,Sergio_Agüero,Manchester City,4,11.7,0.0,0.3496511
526,38,Gabriel Fernando_de Jesus,Manchester City,4,9.8,1.0,6.4375143
527,38,Ederson_Santana de Moraes,Manchester City,1,6.0,1.0,4.9326806
528,38,Claudio_Bravo,Manchester City,1,4.7,0.5,0.124150395
529,38,Raheem_Sterling,Manchester City,3,11.9,1.0,6.586587
530,38,Kevin_De Bruyne,Manchester City,3,10.7,1.0,5.57142
531,38,Leroy_Sané,Manchester City,3,9.1,0.0,0.052992344
532,38,Riyad_Mahrez,Manchester City,3,8.6,1.0,5.478263
533,38,Bernardo Mota_Veiga de Carvalho e Silva,Manchester City,3,7.6,1.0,3.3035402
534,38,David_Silva,Manchester City,3,7.4,1.0,4.7633667
535,38,Phil_Foden,Manchester City,3,5.5,1.0,4.027516
536,38,Fernando_Luiz Rosa,Manchester City,3,5.1,1.0,1.9471114
537,38,Ilkay_Gündogan,Manchester City,3,5.1,1.0,2.544152
538,38,José Ángel_Esmorís Tasende,Manchester City,2,4.6,0.0,0.18833554
539,38,Rodrigo_Hernandez,Manchester City,3,5.3,1.0,2.2505703
540,38,João Pedro Cavaco_Cancelo,Manchester City,2,5.1,1.0,2.0389051
541,38,Eric_Garcia,Manchester City,2,4.5,1.0,3.763339
542,38,Scott_Carson,Manchester City,1,4.0,1.0,0.13840723
543,38,Taylor_Harwood-Bellis,Manchester City,2,4.0,1.0,0.19218922
544,38,Cole_Palmer,Manchester City,3,4.5,1.0,0.23389387
545,38,Tommy_Doyle,Manchester City,3,4.5,1.0,0.3978505
546,38,Matt_Ritchie,Newcastle United,2,5.3,1.0,1.4324849
547,38,Fabian_Schär,Newcastle United,2,5.0,0.25,0.6162548
548,38,DeAndre_Yedlin,Newcastle United,2,4.4,1.0,0.86329484
549,38,Federico_Fernández,Newcastle United,2,4.6,1.0,1.687597
550,38,Paul_Dummett,Newcastle United,2,4.3,0.0,-0.039040625
551,38,Javier_Manquillo,Newcastle United,2,4.3,1.0,0.9892739
552,38,Florian_Lejeune,Newcastle United,2,4.3,0.0,0.025006771
553,38,Jamaal_Lascelles,Newcastle United,2,4.2,0.0,-0.011360228
554,38,Ciaran_Clark,Newcastle United,2,4.3,0.0,0.020845175
555,38,Yoshinori_Muto,Newcastle United,4,5.1,1.0,0.10742712
556,38,Jose Luis_Mato Sanmartín,Newcastle United,4,5.0,0.0,0.02833438
557,38,Martin_Dubravka,Newcastle United,1,5.1,1.0,2.3167517
558,38,Karl_Darlow,Newcastle United,1,4.3,1.0,-0.008689284
559,38,Frederick_Woodman,Newcastle United,1,3.9,0.0,-0.03246975
560,38,Miguel_Almirón,Newcastle United,3,5.8,1.0,2.2305903
561,38,Christian_Atsu,Newcastle United,3,5.3,1.0,0.2537843
562,38,Sung-yueng_Ki,Newcastle United,3,4.7,0.0,0.054296613
563,38,Jonjo_Shelvey,Newcastle United,3,4.9,1.0,2.6474166
564,38,Sean_Longstaff,Newcastle United,3,5.0,0.25,0.037760615
565,38,Isaac_Hayden,Newcastle United,3,4.4,0.25,0.86724305
566,38,Danny_Rose,Newcastle United,2,5.3,1.0,0.8463805
567,38,Joelinton Cássio_Apolinário de Lira,Newcastle United,4,5.5,1.0,1.5811024
568,38,Jack_Colback,Newcastle United,3,4.3,0.0,0.008872032
569,38,Jacob_Murphy,Newcastle United,3,4.7,0.0,0.0038354397
570,38,Jetro_Willems,Newcastle United,2,4.3,0.0,0.048116803
571,38,Rolando_Aarons,Newcastle United,3,4.8,0.0,-0.020793557
572,38,Allan_Saint-Maximin,Newcastle United,3,5.3,0.75,1.7598922
573,38,Emil_Krafth,Newcastle United,2,4.3,1.0,1.7875226
574,38,Andy_Carroll,Newcastle United,4,5.4,0.25,0.3852725
575,38,Matthew_Longstaff,Newcastle United,3,4.5,1.0,0.82642305
576,38,Dwight_Gayle,Newcastle United,4,5.0,1.0,2.2547112
577,38,Robert_Elliot,Newcastle United,1,4.0,0.0,0.020656586
578,38,Thomas_Allan,Newcastle United,3,4.5,1.0,-0.00885725
579,38,Kelland_Watts,Newcastle United,2,3.9,0.0,0.03770113
580,38,Liam_Gibson,Newcastle United,2,4.0,0.0,0.1211673
581,38,Nabil_Bentaleb,Newcastle United,3,4.7,1.0,1.9945621
582,38,Valentino_Lazaro,Newcastle United,3,5.3,1.0,1.4190574
583,38,Jack_Young,Newcastle United,3,4.5,1.0,0.029804707
584,38,Jannik_Vestergaard,Southampton,2,4.5,1.0,2.4914584
585,38,Ryan_Bertrand,Southampton,2,4.8,1.0,2.4272072
586,38,Yan_Valery,Southampton,2,4.6,0.0,-0.022650778
587,38,Jan_Bednarek,Southampton,2,4.4,1.0,2.6582248
588,38,Jack_Stephens,Southampton,2,4.4,1.0,2.1276546
589,38,Maya_Yoshida,Southampton,2,4.1,0.0,0.016119123
590,38,Kayne_Ramsay,Southampton,2,3.9,0.0,-0.022561014
591,38,Charlie_Austin,Southampton,4,6.0,0.0,0.08500385
592,38,Danny_Ings,Southampton,4,7.6,1.0,4.7235436
593,38,Michael_Obafemi,Southampton,4,4.9,1.0,1.134496
594,38,Shane_Long,Southampton,4,4.6,1.0,1.4646358
595,38,Sam_Gallagher,Southampton,4,4.5,0.0,0.061814785
596,38,Fraser_Forster,Southampton,1,4.2,0.0,0.02974999
597,38,Alex_McCarthy,Southampton,1,4.5,1.0,2.8849483
598,38,Angus_Gunn,Southampton,1,4.2,1.0,0.03400576
599,38,Nathan_Redmond,Southampton,3,6.2,1.0,3.6816492
600,38,James_Ward-Prowse,Southampton,3,5.7,1.0,3.5239935
601,38,Mohamed_Elyounoussi,Southampton,3,5.2,0.0,0.08582413
602,38,Stuart_Armstrong,Southampton,3,5.2,1.0,2.6738713
603,38,Mario_Lemina,Southampton,3,4.6,0.0,0.020052552
604,38,Pierre-Emile_Højbjerg,Southampton,3,4.8,1.0,1.5350919
605,38,Tyreke_Johnson,Southampton,3,4.4,0.0,0.013507843
606,38,Callum_Slattery,Southampton,3,4.4,0.0,0.031992793
607,38,Oriol_Romeu Vidal,Southampton,3,4.3,1.0,1.9121013
608,38,Kyle_Walker-Peters,Southampton,2,4.4,1.0,2.6992261
609,38,Che_Adams,Southampton,4,5.3,1.0,2.5173662
610,38,Moussa_Djenepo,Southampton,3,5.2,0.0,0.1088326
611,38,Wesley_Hoedt,Southampton,2,4.2,0.0,0.025607824
612,38,Sofiane_Boufal,Southampton,3,5.5,0.0,0.13412654
613,38,Kevin_Danso,Southampton,2,4.2,1.0,-0.017803013
614,38,Daniel_N'Lundulu,Southampton,4,4.4,1.0,0.016883373
615,38,Harry_Lewis,Southampton,1,4.0,1.0,0.040418983
616,38,William_Smallbone,Southampton,3,4.5,1.0,1.4917839
617,38,Nathan_Tella,Southampton,3,4.5,0.0,0.050884485
618,38,Jake_Vokins,Southampton,2,4.0,1.0,0.9404949
619,38,Alexandre_Jankewitz,Southampton,3,4.5,1.0,0.055256486
620,38,Will_Ferry,Southampton,3,4.5,1.0,0.008386254
621,38,Jacob_Maddox,Southampton,3,4.5,1.0,0.03822291
622,38,Aaron_Cresswell,West Ham United,2,4.5,1.0,3.2008252
623,38,Angelo_Ogbonna,West Ham United,2,4.5,1.0,2.9105055
624,38,Arthur_Masuaku,West Ham United,2,4.1,1.0,0.3061123
625,38,Pablo_Zabaleta,West Ham United,2,4.1,0.0,0.12385571
626,38,Ryan_Fredericks,West Ham United,2,4.4,0.75,1.6375904
627,38,Issa_Diop,West Ham United,2,4.3,1.0,2.512567
628,38,Fabián_Balbuena,West Ham United,2,4.3,1.0,0.14484227
629,38,Winston_Reid,West Ham United,2,3.9,0.0,0.016162157
630,38,Ben_Johnson,West Ham United,2,4.0,1.0,0.96088743
631,38,Marko_Arnautovic,West Ham United,4,7.0,0.0,0.105548024
632,38,Javier_Hernández Balcázar,West Ham United,4,6.0,0.0,0.10170269
633,38,Alexandre Nascimento_Costa Silva,West Ham United,4,4.3,1.0,0.09728551
634,38,Lukasz_Fabianski,West Ham United,1,4.9,1.0,3.7289667
635,38,Michail_Antonio,West Ham United,3,7.0,1.0,5.1300755
636,38,Felipe Anderson_Pereira Gomes,West Ham United,3,6.6,1.0,0.113119006
637,38,Manuel_Lanzini,West Ham United,3,6.1,1.0,1.5083034
638,38,Andriy_Yarmolenko,West Ham United,3,5.2,1.0,1.5760496
639,38,Robert_Snodgrass,West Ham United,3,5.0,0.25,0.056854725
640,38,Jack_Wilshere,West Ham United,3,4.6,1.0,0.86408913
641,38,Declan_Rice,West Ham United,3,4.7,1.0,3.0377874
642,38,Mark_Noble,West Ham United,3,4.9,1.0,1.7089744
643,38,Carlos_Sánchez,West Ham United,3,4.3,0.0,0.023365974
644,38,Grady_Diangana,West Ham United,3,4.3,0.0,-0.012414455
645,38,Pablo_Fornals,West Ham United,3,6.0,1.0,3.7810373
646,38,Pedro_Obiang,West Ham United,3,4.5,0.0,0.08333731
647,38,Roberto_Jimenez Gago,West Ham United,1,4.4,0.0,0.063636184
648,38,Sébastien_Haller,West Ham United,4,6.8,1.0,1.2729197
649,38,Albian_Ajeti,West Ham United,4,5.6,1.0,0.1944176
650,38,David_Martin,West Ham United,1,3.9,1.0,0.011553764
651,38,Nathan_Holland,West Ham United,3,4.4,1.0,0.028297186
652,38,Joseph_Anang,West Ham United,1,4.0,1.0,0.008252978
653,38,Jeremy_Ngakia,West Ham United,2,4.0,0.0,-0.00034093857
654,38,Gonçalo Bento_Soares Cardoso,West Ham United,2,4.0,1.0,0.022357702
655,38,Bernardo_Costa Da Rosa,West Ham United,3,4.5,1.0,0.07344949
656,38,Darren_Randolph,West Ham United,1,4.0,1.0,-0.0017760396
657,38,Tomas_Soucek,West Ham United,3,4.8,1.0,4.5097246
658,38,Jarrod_Bowen,West Ham United,3,6.4,1.0,3.9787188
659,38,Alfie_Lewis,West Ham United,3,4.5,1.0,0.03214991
660,38,Conor_Coventry,West Ham United,3,4.5,1.0,0.06438947
661,37,Shkodran_Mustafi,Arsenal,2,5.1,1.0,2.223693
662,37,Héctor_Bellerín,Arsenal,2,5.2,1.0,1.9126177
663,37,Sead_Kolasinac,Arsenal,2,5.2,1.0,2.5698082
664,37,Ainsley_Maitland-Niles,Arsenal,2,4.5,1.0,0.59861374
665,37,Sokratis_Papastathopoulos,Arsenal,2,4.8,1.0,0.06716633
666,37,Nacho_Monreal,Arsenal,2,5.0,0.0,0.06370413
667,37,Laurent_Koscielny,Arsenal,2,5.0,0.0,0.07610273
668,37,Konstantinos_Mavropanos,Arsenal,2,4.3,0.0,0.07483077
669,37,Carl_Jenkinson,Arsenal,2,4.5,0.0,0.032397628
670,37,Rob_Holding,Arsenal,2,4.4,1.0,0.9532695
671,37,Pierre-Emerick_Aubameyang,Arsenal,4,10.9,1.0,5.078953
672,37,Alexandre_Lacazette,Arsenal,4,9.2,1.0,3.4846234
673,37,Edward_Nketiah,Arsenal,4,4.3,1.0,2.0101504
674,37,Bernd_Leno,Arsenal,1,4.8,0.0,0.031419635
675,37,Mesut_Özil,Arsenal,3,6.9,1.0,0.092725515
676,37,Henrikh_Mkhitaryan,Arsenal,3,6.7,0.0,0.11613417
677,37,Granit_Xhaka,Arsenal,3,5.1,1.0,2.8746426
678,37,Lucas_Torreira,Arsenal,3,4.7,1.0,0.9798455
679,37,Mohamed_Elneny,Arsenal,3,4.2,0.0,0.12321472
680,37,Matteo_Guendouzi,Arsenal,3,4.1,1.0,0.09866738
681,37,David_Luiz Moreira Marinho,Arsenal,2,5.7,1.0,3.3294353
682,37,Emiliano_Martínez,Arsenal,1,4.3,1.0,3.6378784
683,37,Calum_Chambers,Arsenal,2,4.3,0.0,0.0927937
684,37,Daniel_Ceballos Fernández,Arsenal,3,5.2,1.0,2.6194997
685,37,Cédric_Soares,Arsenal,2,4.8,1.0,1.3812485
686,37,Nicolas_Pépé,Arsenal,3,8.9,1.0,1.6901579
687,37,Reiss_Nelson,Arsenal,3,5.3,1.0,1.3186405
688,37,Joseph_Willock,Arsenal,3,4.7,1.0,1.311966
689,37,Gabriel Teodoro_Martinelli Silva,Arsenal,4,4.3,0.0,0.14057815
690,37,Kieran_Tierney,Arsenal,2,5.3,1.0,2.724163
691,37,Bukayo_Saka,Arsenal,3,4.7,1.0,2.2289646
692,37,Emile_Smith Rowe,Arsenal,3,4.3,0.0,0.099858165
693,37,Tyreece_John-Jules,Arsenal,4,4.4,0.0,0.12884533
694,37,Pablo_Marí,Arsenal,2,4.4,0.0,0.043704033
695,37,Zech_Medley,Arsenal,2,4.0,1.0,0.112981796
696,37,Matt_Macey,Arsenal,1,4.0,1.0,0.019944906
697,37,Matthew_Smith,Arsenal,2,4.0,1.0,0.06251347
698,37,Jannik_Vestergaard,Southampton,2,4.5,1.0,2.3305078
699,37,Ryan_Bertrand,Southampton,2,4.8,1.0,2.1693149
700,37,Yan_Valery,Southampton,2,4.6,0.0,0.0036816597
701,37,Jan_Bednarek,Southampton,2,4.4,1.0,2.5534744
702,37,Jack_Stephens,Southampton,2,4.4,1.0,1.8665049
703,37,Maya_Yoshida,Southampton,2,4.1,0.0,0.03131008
704,37,Kayne_Ramsay,Southampton,2,3.9,0.0,0.015118718
705,37,Charlie_Austin,Southampton,4,6.0,0.0,0.104016066
706,37,Danny_Ings,Southampton,4,7.6,1.0,4.602917
707,37,Michael_Obafemi,Southampton,4,4.9,1.0,1.1304064
708,37,Shane_Long,Southampton,4,4.6,1.0,1.4586663
709,37,Sam_Gallagher,Southampton,4,4.5,0.0,0.07041216
710,37,Fraser_Forster,Southampton,1,4.2,0.0,0.024526596
711,37,Alex_McCarthy,Southampton,1,4.5,1.0,2.8323371
712,37,Angus_Gunn,Southampton,1,4.2,1.0,0.045890927
713,37,Nathan_Redmond,Southampton,3,6.2,1.0,3.5745015
714,37,James_Ward-Prowse,Southampton,3,5.7,1.0,3.5698566
715,37,Mohamed_Elyounoussi,Southampton,3,5.2,0.0,0.11093724
716,37,Stuart_Armstrong,Southampton,3,5.2,1.0,2.6370077
717,37,Mario_Lemina,Southampton,3,4.6,0.0,0.02105236
718,37,Pierre-Emile_Højbjerg,Southampton,3,4.8,1.0,1.5097301
719,37,Tyreke_Johnson,Southampton,3,4.4,0.0,0.0380857
720,37,Callum_Slattery,Southampton,3,4.4,0.0,0.04483223
721,37,Oriol_Romeu Vidal,Southampton,3,4.3,1.0,1.8657165
722,37,Kyle_Walker-Peters,Southampton,2,4.4,1.0,2.511318
723,37,Che_Adams,Southampton,4,5.3,1.0,2.4673536
724,37,Moussa_Djenepo,Southampton,3,5.2,0.0,0.11450744
725,37,Wesley_Hoedt,Southampton,2,4.2,0.0,0.031799197
726,37,Sofiane_Boufal,Southampton,3,5.5,0.0,0.14190567
727,37,Kevin_Danso,Southampton,2,4.2,1.0,0.009577513
728,37,Daniel_N'Lundulu,Southampton,4,4.4,1.0,0.05859697
729,37,Harry_Lewis,Southampton,1,4.0,1.0,0.04061687
730,37,William_Smallbone,Southampton,3,4.5,1.0,1.4892802
731,37,Nathan_Tella,Southampton,3,4.5,0.0,0.07218504
732,37,Jake_Vokins,Southampton,2,4.0,1.0,0.81848407
733,37,Alexandre_Jankewitz,Southampton,3,4.5,1.0,0.12072921
734,37,Will_Ferry,Southampton,3,4.5,1.0,0.020490766
735,37,Jacob_Maddox,Southampton,3,4.5,1.0,0.06912625
736,37,Matt_Ritchie,Newcastle United,2,5.3,1.0,2.544284
737,37,Fabian_Schär,Newcastle United,2,5.0,0.25,0.84615993
738,37,DeAndre_Yedlin,Newcastle United,2,4.4,1.0,1.2340403
739,37,Federico_Fernández,Newcastle United,2,4.6,1.0,3.5036216
740,37,Paul_Dummett,Newcastle United,2,4.3,0.0,0.02829194
741,37,Javier_Manquillo,Newcastle United,2,4.3,1.0,1.6613483
742,37,Florian_Lejeune,Newcastle United,2,4.3,0.0,0.05282545
743,37,Jamaal_Lascelles,Newcastle United,2,4.2,0.0,0.018860698
744,37,Ciaran_Clark,Newcastle United,2,4.3,0.0,-0.0056728125
745,37,Yoshinori_Muto,Newcastle United,4,5.1,1.0,0.18300271
746,37,Jose Luis_Mato Sanmartín,Newcastle United,4,5.0,0.0,0.08678007
747,37,Martin_Dubravka,Newcastle United,1,5.1,1.0,3.816835
748,37,Karl_Darlow,Newcastle United,1,4.3,1.0,0.015235901
749,37,Frederick_Woodman,Newcastle United,1,3.9,0.0,0.020858884
750,37,Miguel_Almirón,Newcastle United,3,5.8,1.0,2.3839438
751,37,Christian_Atsu,Newcastle United,3,5.3,1.0,0.2745726
752,37,Sung-yueng_Ki,Newcastle United,3,4.7,0.0,0.054056287
753,37,Jonjo_Shelvey,Newcastle United,3,4.9,1.0,3.0949068
754,37,Sean_Longstaff,Newcastle United,3,5.0,0.25,0.049342394
755,37,Isaac_Hayden,Newcastle United,3,4.4,0.25,1.027605
756,37,Danny_Rose,Newcastle United,2,5.3,1.0,1.3599164
757,37,Joelinton Cássio_Apolinário de Lira,Newcastle United,4,5.5,1.0,1.7073112
758,37,Jack_Colback,Newcastle United,3,4.3,0.0,-0.0010415316
759,37,Jacob_Murphy,Newcastle United,3,4.7,0.0,0.079389095
760,37,Jetro_Willems,Newcastle United,2,4.3,0.0,0.04175341
761,37,Rolando_Aarons,Newcastle United,3,4.8,0.0,0.056423783
762,37,Allan_Saint-Maximin,Newcastle United,3,5.3,0.75,1.8795938
763,37,Emil_Krafth,Newcastle United,2,4.3,1.0,2.971715
764,37,Andy_Carroll,Newcastle United,4,5.4,0.25,0.41533828
765,37,Matthew_Longstaff,Newcastle United,3,4.5,1.0,0.8971313
766,37,Dwight_Gayle,Newcastle United,4,5.0,1.0,2.4146945
767,37,Robert_Elliot,Newcastle United,1,4.0,0.0,0.056153893
768,37,Thomas_Allan,Newcastle United,3,4.5,1.0,0.06679773
769,37,Kelland_Watts,Newcastle United,2,3.9,0.0,0.034546733
770,37,Liam_Gibson,Newcastle United,2,4.0,0.0,0.08897662
771,37,Nabil_Bentaleb,Newcastle United,3,4.7,1.0,2.274319
772,37,Valentino_Lazaro,Newcastle United,3,5.3,1.0,1.5904243
773,37,Jack_Young,Newcastle United,3,4.5,1.0,0.12755406
774,37,Marcos_Alonso,Chelsea,2,6.1,1.0,1.2043254
775,37,Antonio_Rüdiger,Chelsea,2,5.9,1.0,1.0450463
776,37,César_Azpilicueta,Chelsea,2,6.1,1.0,2.043843
777,37,Emerson_Palmieri dos Santos,Chelsea,2,5.4,1.0,-0.0069648623
778,37,Andreas_Christensen,Chelsea,2,4.8,1.0,1.2279489
779,37,Davide_Zappacosta,Chelsea,2,4.2,0.0,0.05333221
780,37,Olivier_Giroud,Chelsea,4,6.7,1.0,2.5822747
781,37,Kepa_Arrizabalaga,Chelsea,1,5.4,1.0,2.5643818
782,37,Willy_Caballero,Chelsea,1,4.8,1.0,0.07400179
783,37,Willian_Borges Da Silva,Chelsea,3,7.4,1.0,3.3597183
784,37,Pedro_Rodríguez Ledesma,Chelsea,3,6.8,1.0,0.021036386
785,37,Ruben_Loftus-Cheek,Chelsea,3,5.9,1.0,1.2856808
786,37,Callum_Hudson-Odoi,Chelsea,3,5.1,1.0,0.84523726
787,37,Ross_Barkley,Chelsea,3,5.6,1.0,2.4840727
788,37,Jorge Luiz_Frello Filho,Chelsea,3,4.9,1.0,1.2441373
789,37,N'Golo_Kanté,Chelsea,3,5.0,0.5,1.2485392
790,37,Ethan_Ampadu,Chelsea,3,4.3,0.0,0.0099720955
791,37,Christian_Pulisic,Chelsea,3,7.4,1.0,3.3811784
792,37,Mateo_Kovacic,Chelsea,3,5.3,1.0,2.0006065
793,37,Kurt_Zouma,Chelsea,2,4.7,1.0,1.5865555
794,37,Tammy_Abraham,Chelsea,4,7.4,1.0,1.7419882
795,37,Michy_Batshuayi,Chelsea,4,6.6,1.0,0.17184818
796,37,Robert Kenedy_Nunes do Nascimento,Chelsea,3,5.2,0.0,0.055060625
797,37,Mason_Mount,Chelsea,3,6.0,1.0,1.7300539
798,37,Reece_James,Chelsea,2,4.9,1.0,1.1044514
799,37,Fikayo_Tomori,Chelsea,2,4.2,1.0,0.029327273
800,37,Billy_Gilmour,Chelsea,3,4.1,0.0,0.05189264
801,37,Addji Keaninkin Marc-Israel_Guehi,Chelsea,2,3.9,0.0,0.028597236
802,37,Faustino_Anjorin,Chelsea,3,4.5,1.0,0.020043254
803,37,Armando_Broja,Chelsea,4,4.5,1.0,0.16150784
804,37,Lewis_Bate,Chelsea,3,4.5,1.0,0.05057144
805,37,Aaron_Cresswell,West Ham United,2,4.5,1.0,2.3509786
806,37,Angelo_Ogbonna,West Ham United,2,4.5,1.0,2.2648718
807,37,Arthur_Masuaku,West Ham United,2,4.1,1.0,0.3125378
808,37,Pablo_Zabaleta,West Ham United,2,4.1,0.0,0.13634348
809,37,Ryan_Fredericks,West Ham United,2,4.4,0.75,1.2409661
810,37,Issa_Diop,West Ham United,2,4.3,1.0,1.9686439
811,37,Fabián_Balbuena,West Ham United,2,4.3,1.0,0.19430149
812,37,Winston_Reid,West Ham United,2,3.9,0.0,0.039306402
813,37,Ben_Johnson,West Ham United,2,4.0,1.0,0.752035
814,37,Marko_Arnautovic,West Ham United,4,7.0,0.0,0.03483641
815,37,Javier_Hernández Balcázar,West Ham United,4,6.0,0.0,-0.015812695
816,37,Alexandre Nascimento_Costa Silva,West Ham United,4,4.3,1.0,0.0025644302
817,37,Lukasz_Fabianski,West Ham United,1,4.9,1.0,3.088163
818,37,Michail_Antonio,West Ham United,3,7.0,1.0,3.6796436
819,37,Felipe Anderson_Pereira Gomes,West Ham United,3,6.6,1.0,0.048530936
820,37,Manuel_Lanzini,West Ham United,3,6.1,1.0,1.3220699
821,37,Andriy_Yarmolenko,West Ham United,3,5.2,1.0,1.2978804
822,37,Robert_Snodgrass,West Ham United,3,5.0,0.25,0.02571237
823,37,Jack_Wilshere,West Ham United,3,4.6,1.0,0.8011687
824,37,Declan_Rice,West Ham United,3,4.7,1.0,2.6975465
825,37,Mark_Noble,West Ham United,3,4.9,1.0,1.5206904
826,37,Carlos_Sánchez,West Ham United,3,4.3,0.0,0.011145711
827,37,Grady_Diangana,West Ham United,3,4.3,0.0,0.010921001
828,37,Pablo_Fornals,West Ham United,3,6.0,1.0,3.0338664
829,37,Pedro_Obiang,West Ham United,3,4.5,0.0,0.09863055
830,37,Roberto_Jimenez Gago,West Ham United,1,4.4,0.0,0.058353186
831,37,Sébastien_Haller,West Ham United,4,6.8,1.0,1.118993
832,37,Albian_Ajeti,West Ham United,4,5.6,1.0,0.11797476
833,37,David_Martin,West Ham United,1,3.9,1.0,0.054079056
834,37,Nathan_Holland,West Ham United,3,4.4,1.0,-0.008742809
835,37,Joseph_Anang,West Ham United,1,4.0,1.0,0.022464275
836,37,Jeremy_Ngakia,West Ham United,2,4.0,0.0,0.06028664
837,37,Gonçalo Bento_Soares Cardoso,West Ham United,2,4.0,1.0,0.078185916
838,37,Bernardo_Costa Da Rosa,West Ham United,3,4.5,1.0,0.038592815
839,37,Darren_Randolph,West Ham United,1,4.0,1.0,0.045978308
840,37,Tomas_Soucek,West Ham United,3,4.8,1.0,3.3569536
841,37,Jarrod_Bowen,West Ham United,3,6.4,1.0,3.0963087
842,37,Alfie_Lewis,West Ham United,3,4.5,1.0,0.0065847635
843,37,Conor_Coventry,West Ham United,3,4.5,1.0,0.054348588
844,37,Ben_Mee,Burnley,2,4.9,0.0,0.0547719
845,37,James_Tarkowski,Burnley,2,5.4,1.0,4.49583
846,37,Matthew_Lowton,Burnley,2,4.2,0.0,0.013542414
847,37,Phil_Bardsley,Burnley,2,4.3,1.0,3.9660664
848,37,Charlie_Taylor,Burnley,2,4.4,0.0,-0.06611514
849,37,Kevin_Long,Burnley,2,4.3,1.0,3.476038
850,37,Ben_Gibson,Burnley,2,3.9,0.0,0.079506874
851,37,Ashley_Barnes,Burnley,4,6.1,0.0,0.07198465
852,37,Chris_Wood,Burnley,4,6.1,1.0,3.6837473
853,37,Matej_Vydra,Burnley,4,5.1,1.0,2.8862834
854,37,Nick_Pope,Burnley,1,5.1,1.0,5.198148
855,37,Joe_Hart,Burnley,1,4.2,0.0,0.037740827
856,37,Johann Berg_Gudmundsson,Burnley,3,5.9,1.0,1.6110027
857,37,Dwight_McNeil,Burnley,3,6.0,1.0,4.3542027
858,37,Robbie_Brady,Burnley,3,5.5,1.0,0.2729919
859,37,Steven_Defour,Burnley,3,5.5,0.0,0.0361197
860,37,Jeff_Hendrick,Burnley,3,5.4,0.0,0.1276977
861,37,Ashley_Westwood,Burnley,3,5.5,1.0,3.611238
862,37,Jack_Cork,Burnley,3,4.9,0.0,0.011303782
863,37,Aaron_Lennon,Burnley,3,4.6,0.0,0.110761404
864,37,Erik_Pieters,Burnley,2,4.2,1.0,3.6458902
865,37,Jay_Rodriguez,Burnley,4,5.7,1.0,4.0253396
866,37,Bailey_Peacock-Farrell,Burnley,1,4.3,1.0,0.0031353235
867,37,Mace_Goodridge,Burnley,3,4.5,1.0,0.05905938
868,37,Anthony_Driscoll-Glennon,Burnley,2,3.9,1.0,0.04710865
869,37,Abd-Al-Ali Morakinyo Olaposi_Koiki,Burnley,2,4.0,0.0,0.021256804
870,37,Josh_Brownhill,Burnley,3,4.8,1.0,3.5910182
871,37,Jimmy_Dunne,Burnley,2,4.0,1.0,-0.053376377
872,37,Bobby_Thomas,Burnley,2,4.0,1.0,0.010674834
873,37,Max_Thompson,Burnley,4,4.5,1.0,0.06696427
874,37,Lukas_Jensen,Burnley,1,4.0,1.0,0.007995844
875,37,Josh_Benson,Burnley,3,4.5,1.0,0.07434535
876,37,Alex_Iwobi,Everton,3,5.6,1.0,2.0620139
877,37,Lucas_Digne,Everton,2,5.9,1.0,3.478951
878,37,Yerry_Mina,Everton,2,5.3,0.75,1.412291
879,37,Michael_Keane,Everton,2,5.2,1.0,2.8766003
880,37,Seamus_Coleman,Everton,2,5.3,1.0,2.8274171
881,37,Leighton_Baines,Everton,2,4.9,1.0,0.6371677
882,37,Cenk_Tosun,Everton,4,5.7,0.0,0.12619615
883,37,Dominic_Calvert-Lewin,Everton,4,6.2,1.0,3.5940208
884,37,Jordan_Pickford,Everton,1,5.2,1.0,3.3007026
885,37,Maarten_Stekelenburg,Everton,1,3.9,1.0,0.12531018
886,37,Richarlison_de Andrade,Everton,3,8.2,1.0,3.1608176
887,37,Gylfi_Sigurdsson,Everton,3,7.3,1.0,2.5505335
888,37,Bernard_Anício Caldeira Duarte,Everton,3,6.4,1.0,1.4455247
889,37,Theo_Walcott,Everton,3,6.2,1.0,1.8350573
890,37,Tom_Davies,Everton,3,5.3,1.0,2.219445
891,37,Ademola_Lookman,Everton,3,5.0,0.0,0.11649215
892,37,Idrissa_Gueye,Everton,3,5.0,0.0,0.045114756
893,37,Morgan_Schneiderlin,Everton,3,4.4,0.0,0.19657576
894,37,Fabian_Delph,Everton,2,5.3,0.0,0.102487564
895,37,André Filipe_Tavares Gomes,Everton,3,5.2,1.0,2.1884537
896,37,Lewis_Gibson,Everton,2,4.2,0.0,0.057172418
897,37,Mason_Holgate,Everton,2,4.3,0.75,1.4053059
898,37,Jonas_Lössl,Everton,1,4.2,0.0,0.031885862
899,37,Moise_Kean,Everton,4,6.3,1.0,1.2699854
900,37,Jean-Philippe_Gbamin,Everton,3,4.8,0.0,-0.018693805
901,37,Djibril_Sidibé,Everton,2,5.0,1.0,0.7566043
902,37,Beni_Baningime,Everton,3,4.4,1.0,0.011512041
903,37,Anthony_Gordon,Everton,4,4.5,1.0,2.2710903
904,37,Oumar_Niasse,Everton,4,4.5,0.0,0.13151026
905,37,Rhu-endly_Martina,Everton,2,4.0,0.0,0.010804534
906,37,João Manuel_Neves Virgínia,Everton,1,4.0,1.0,0.018149495
907,37,Jarrad_Branthwaite,Everton,2,4.0,1.0,1.0029302
908,37,Ricardo Domingos_Barbosa Pereira,Leicester City,2,6.2,0.0,0.049938083
909,37,Benjamin_Chilwell,Leicester City,2,5.5,0.0,0.15346456
910,37,Jonny_Evans,Leicester City,2,5.3,1.0,2.1906264
911,37,Christian_Fuchs,Leicester City,2,4.2,0.0,0.059744
912,37,Çaglar_Söyüncü,Leicester City,2,4.9,0.0,0.073234916
913,37,Wes_Morgan,Leicester City,2,4.1,1.0,0.7719631
914,37,Jamie_Vardy,Leicester City,4,9.8,1.0,4.014259
915,37,Kelechi_Iheanacho,Leicester City,4,5.7,1.0,1.9666252
916,37,Kasper_Schmeichel,Leicester City,1,5.5,1.0,2.859947
917,37,Eldin_Jakupovic,Leicester City,1,4.2,1.0,0.047496915
918,37,Danny_Ward,Leicester City,1,4.2,1.0,0.044558764
919,37,James_Maddison,Leicester City,3,7.3,0.0,0.04892397
920,37,Harvey_Barnes,Leicester City,3,5.9,1.0,1.5921385
921,37,Rachid_Ghezzal,Leicester City,3,5.1,0.0,0.010634303
922,37,Marc_Albrighton,Leicester City,3,5.1,0.0,0.079701185
923,37,Demarai_Gray,Leicester City,3,5.0,1.0,0.9453403
924,37,Wilfred_Ndidi,Leicester City,3,5.0,1.0,2.5368378
925,37,Matty_James,Leicester City,3,4.3,1.0,0.066260815
926,37,Daniel_Amartey,Leicester City,3,4.2,0.0,0.04213667
927,37,Nampalys_Mendy,Leicester City,3,4.3,1.0,0.06715727
928,37,Hamza_Choudhury,Leicester City,3,4.2,1.0,0.43775034
929,37,Ayoze_Pérez,Leicester City,3,6.0,1.0,2.3105152
930,37,Ryan_Bennett,Leicester City,2,4.8,1.0,1.3590512
931,37,James_Justin,Leicester City,2,4.7,1.0,2.236753
932,37,Youri_Tielemans,Leicester City,3,6.1,1.0,3.243576
933,37,Andy_King,Leicester City,3,4.2,0.0,0.027748823
934,37,Dennis_Praet,Leicester City,3,5.2,1.0,1.3410375
935,37,Filip_Benkovic,Leicester City,2,3.9,0.0,-0.21006829
936,37,Luke_Thomas,Leicester City,2,4.0,1.0,0.036488414
937,37,George_Hirst,Leicester City,4,4.5,1.0,0.07573104
938,37,Darnell_Johnson,Leicester City,2,4.0,1.0,0.072690845
939,37,Aymeric_Laporte,Manchester City,2,6.3,1.0,2.8558135
940,37,Kyle_Walker,Manchester City,2,5.6,1.0,2.8051283
941,37,Benjamin_Mendy,Manchester City,2,5.5,1.0,3.1748037
942,37,Oleksandr_Zinchenko,Manchester City,2,5.2,1.0,1.5987895
943,37,John_Stones,Manchester City,2,5.3,1.0,1.8675573
944,37,Nicolás_Otamendi,Manchester City,2,4.8,1.0,1.9569793
945,37,Danilo Luiz_da Silva,Manchester City,2,5.0,0.0,0.079404
946,37,Sergio_Agüero,Manchester City,4,11.7,0.0,0.25091922
947,37,Gabriel Fernando_de Jesus,Manchester City,4,9.8,1.0,5.274953
948,37,Ederson_Santana de Moraes,Manchester City,1,6.0,1.0,4.0461483
949,37,Claudio_Bravo,Manchester City,1,4.7,0.5,0.121863484
950,37,Raheem_Sterling,Manchester City,3,11.9,1.0,5.1474304
951,37,Kevin_De Bruyne,Manchester City,3,10.7,1.0,4.314941
952,37,Leroy_Sané,Manchester City,3,9.1,0.0,0.11291695
953,37,Riyad_Mahrez,Manchester City,3,8.6,1.0,4.1816354
954,37,Bernardo Mota_Veiga de Carvalho e Silva,Manchester City,3,7.6,1.0,2.6018963
955,37,David_Silva,Manchester City,3,7.4,1.0,3.7383747
956,37,Phil_Foden,Manchester City,3,5.5,1.0,3.1260023
957,37,Fernando_Luiz Rosa,Manchester City,3,5.1,1.0,1.7202516
958,37,Ilkay_Gündogan,Manchester City,3,5.1,1.0,2.0756137
959,37,José Ángel_Esmorís Tasende,Manchester City,2,4.6,0.0,0.037243366
960,37,Rodrigo_Hernandez,Manchester City,3,5.3,1.0,1.9038415
961,37,João Pedro Cavaco_Cancelo,Manchester City,2,5.1,1.0,1.4869783
962,37,Eric_Garcia,Manchester City,2,4.5,1.0,2.6896124
963,37,Scott_Carson,Manchester City,1,4.0,1.0,0.101709366
964,37,Taylor_Harwood-Bellis,Manchester City,2,4.0,1.0,0.072155595
965,37,Cole_Palmer,Manchester City,3,4.5,1.0,0.24165201
966,37,Tommy_Doyle,Manchester City,3,4.5,1.0,0.4529251
967,37,Patrick_van Aanholt,Crystal Palace,2,5.6,0.0,0.03469062
968,37,James_Tomkins,Crystal Palace,2,5.0,0.0,0.0744046
969,37,Mamadou_Sakho,Crystal Palace,2,5.0,1.0,1.8100724
970,37,Joel_Ward,Crystal Palace,2,4.3,1.0,2.225208
971,37,Scott_Dann,Crystal Palace,2,4.3,1.0,2.0287728
972,37,Martin_Kelly,Crystal Palace,2,4.1,1.0,0.07672548
973,37,Christian_Benteke,Crystal Palace,4,5.7,0.0,0.10813832
974,37,Connor_Wickham,Crystal Palace,4,4.3,0.0,0.048304915
975,37,Vicente_Guaita,Crystal Palace,1,4.9,1.0,3.038403
976,37,Wayne_Hennessey,Crystal Palace,1,4.2,1.0,0.03538966
977,37,Wilfried_Zaha,Crystal Palace,3,6.6,1.0,3.2778797
978,37,Luka_Milivojevic,Crystal Palace,3,6.7,1.0,3.115839
979,37,Andros_Townsend,Crystal Palace,3,5.6,1.0,1.6923156
980,37,Max_Meyer,Crystal Palace,3,5.2,1.0,0.6816977
981,37,Jeffrey_Schlupp,Crystal Palace,3,5.4,1.0,0.12373114
982,37,James_McArthur,Crystal Palace,3,5.2,1.0,2.234025
983,37,Cheikhou_Kouyaté,Crystal Palace,3,4.9,1.0,1.5800514
984,37,Luke_Dreher,Crystal Palace,3,4.3,1.0,0.061160564
985,37,James_McCarthy,Crystal Palace,3,4.2,1.0,1.4621706
986,37,Jordan_Ayew,Crystal Palace,4,5.1,1.0,2.7910647
987,37,Gary_Cahill,Crystal Palace,2,4.4,0.0,0.056239247
988,37,Víctor_Camarasa,Crystal Palace,3,4.5,0.0,0.0982151
989,37,Jairo_Riedewald,Crystal Palace,3,4.5,1.0,1.2343473
990,37,Stephen_Henderson,Crystal Palace,1,4.0,1.0,0.030595541
991,37,Sam_Woods,Crystal Palace,2,3.9,0.0,-0.018436909
992,37,Tyrick_Mitchell,Crystal Palace,2,4.0,1.0,0.3766508
993,37,Brandon_Pierrick,Crystal Palace,3,4.5,1.0,-0.00084352493
994,37,James_Daly,Crystal Palace,4,4.5,0.0,0.0011259317
995,37,Nya_Kirby,Crystal Palace,3,4.5,1.0,0.013667226
996,37,Giovanni_McGregor,Crystal Palace,3,4.5,0.0,0.04417157
997,37,Nikola_Tavares,Crystal Palace,2,4.0,0.0,0.04572034
998,38,José_Holebas,Watford,2,4.6,1.0,0.20013905
999,38,Christian_Kabasele,Watford,2,4.3,1.0,1.1131704
1000,38,Adam_Masina,Watford,2,4.3,1.0,1.0357165
1001,38,Adrian_Mariappa,Watford,2,4.1,1.0,0.664485
1002,38,Francisco_Femenía Far,Watford,2,4.2,1.0,1.2405934
1003,38,Craig_Cathcart,Watford,2,4.2,1.0,0.57005835
1004,38,Daryl_Janmaat,Watford,2,4.0,0.0,-0.032844722
1005,38,Marc_Navarro,Watford,2,3.9,0.0,-0.057047486
1006,38,Sebastian_Prödl,Watford,2,3.9,0.0,-0.15907031
1007,38,Troy_Deeney,Watford,4,6.2,1.0,2.9265988
1008,38,Gerard_Deulofeu,Watford,4,6.1,0.0,0.014387846
1009,38,Andre_Gray,Watford,4,5.5,1.0,0.48511922
1010,38,Isaac_Success Ajayi,Watford,4,4.7,0.0,0.07076061
1011,38,Ben_Foster,Watford,1,4.9,1.0,2.263309
1012,38,Pontus_Dahlberg,Watford,1,4.2,0.0,-0.07431555
1013,38,Abdoulaye_Doucouré,Watford,3,5.4,1.0,2.61195
1014,38,Roberto_Pereyra,Watford,3,5.6,1.0,0.9118737
1015,38,Will_Hughes,Watford,3,5.3,1.0,2.1569536
1016,38,Tom_Cleverley,Watford,3,4.8,1.0,1.2193413
1017,38,Ken_Sema,Watford,3,4.7,0.0,0.0014491081
1018,38,Etienne_Capoue,Watford,3,4.8,0.75,1.4352372
1019,38,Nathaniel_Chalobah,Watford,3,4.4,1.0,0.8426229
1020,38,Domingos_Quina,Watford,3,4.3,1.0,-0.05921048
1021,38,Craig_Dawson,Watford,2,4.8,1.0,1.4547732
1022,38,Danny_Welbeck,Watford,4,5.8,1.0,1.9802959
1023,38,Heurelho da Silva_Gomes,Watford,1,4.3,1.0,-0.06487465
1024,38,Ismaïla_Sarr,Watford,3,6.0,1.0,3.0462217
1025,38,Dimitri_Foulquier,Watford,2,3.9,0.0,-0.045118272
1026,38,Ayotomiwa_Dele-Bashiru,Watford,3,4.5,1.0,-0.03587842
1027,38,João Pedro_Junqueira de Jesus,Watford,4,4.9,1.0,0.38085878
1028,38,Ignacio_Pussetto,Watford,3,4.6,1.0,0.2356602
1029,38,Adalberto_Peñaranda,Watford,4,4.5,1.0,-0.08831465
1030,38,Shane_Duffy,Brighton and Hove Albion,2,4.8,1.0,0.8717419
1031,38,Martín_Montoya,Brighton and Hove Albion,2,4.3,1.0,0.96369195
1032,38,Bernardo_Fernandes da Silva Junior,Brighton and Hove Albion,2,4.3,1.0,0.8688973
1033,38,Leon_Balogun,Brighton and Hove Albion,2,4.3,0.0,-0.04952973
1034,38,Gaëtan_Bong,Brighton and Hove Albion,2,4.2,0.0,0.039058924
1035,38,Lewis_Dunk,Brighton and Hove Albion,2,4.8,1.0,2.7911594
1036,38,Matthew_Clarke,Brighton and Hove Albion,2,4.3,0.0,-0.0081551075
1037,38,Glenn_Murray,Brighton and Hove Albion,4,5.4,1.0,1.1113031
1038,38,Jürgen_Locadia,Brighton and Hove Albion,4,5.2,0.0,0.042699337
1039,38,Florin_Andone,Brighton and Hove Albion,4,4.7,0.0,-0.017558217
1040,38,Mathew_Ryan,Brighton and Hove Albion,1,4.7,1.0,3.7253923
1041,38,David_Button,Brighton and Hove Albion,1,3.9,1.0,-0.02025485
1042,38,Pascal_Groß,Brighton and Hove Albion,3,6.2,1.0,1.7144766
1043,38,Alireza_Jahanbakhsh,Brighton and Hove Albion,3,5.8,1.0,0.50367594
1044,38,José Heriberto_Izquierdo Mena,Brighton and Hove Albion,3,5.4,0.0,0.03834796
1045,38,Anthony_Knockaert,Brighton and Hove Albion,3,5.3,0.0,-0.019722342
1046,38,Yves_Bissouma,Brighton and Hove Albion,3,5.0,1.0,1.5309076
1047,38,Davy_Pröpper,Brighton and Hove Albion,3,4.8,1.0,1.7537916
1048,38,Solomon_March,Brighton and Hove Albion,3,4.6,1.0,1.2011201
1049,38,Beram_Kayal,Brighton and Hove Albion,3,4.2,1.0,0.09842694
1050,38,Dale_Stephens,Brighton and Hove Albion,3,4.4,1.0,1.7429476
1051,38,Leandro_Trossard,Brighton and Hove Albion,3,5.8,1.0,2.8586311
1052,38,Dan_Burn,Brighton and Hove Albion,2,4.5,1.0,1.9641874
1053,38,Adam_Webster,Brighton and Hove Albion,2,4.4,1.0,2.8803554
1054,38,Neal_Maupay,Brighton and Hove Albion,4,5.7,1.0,3.2055144
1055,38,Aaron_Mooy,Brighton and Hove Albion,3,4.7,1.0,1.69642
1056,38,Aaron_Connolly,Brighton and Hove Albion,4,4.2,1.0,1.9255376
1057,38,Tudor_Baluta,Brighton and Hove Albion,2,4.0,0.0,-0.021421075
1058,38,Steven_Alzate,Brighton and Hove Albion,3,4.4,0.0,0.14805126
1059,38,Ezequiel_Schelotto,Brighton and Hove Albion,2,4.0,1.0,-0.00369215
1060,38,Tariq_Lamptey,Brighton and Hove Albion,2,4.1,1.0,2.0926523
1061,38,Alexis_Mac Allister,Brighton and Hove Albion,3,5.4,1.0,1.5506735
1062,38,Matt_Doherty,Wolverhampton Wanderers,2,6.5,1.0,1.9853978
1063,38,Jonathan_Castro Otto,Wolverhampton Wanderers,2,5.5,1.0,1.4892795
1064,38,Conor_Coady,Wolverhampton Wanderers,2,5.1,1.0,1.773649
1065,38,Willy_Boly,Wolverhampton Wanderers,2,4.9,1.0,2.2832406
1066,38,Rúben Gonçalo_Silva Nascimento Vinagre,Wolverhampton Wanderers,2,4.1,1.0,0.7071209
1067,38,Romain_Saïss,Wolverhampton Wanderers,2,4.7,1.0,2.1481433
1068,38,Max_Kilman,Wolverhampton Wanderers,2,3.9,1.0,0.005071759
1069,38,Raúl_Jiménez,Wolverhampton Wanderers,4,8.1,1.0,4.4536715
1070,38,Diogo_Jota,Wolverhampton Wanderers,4,6.0,1.0,2.560399
1071,38,Rui Pedro_dos Santos Patrício,Wolverhampton Wanderers,1,5.3,1.0,2.8153796
1072,38,John_Ruddy,Wolverhampton Wanderers,1,4.2,1.0,-0.019701779
1073,38,Will_Norris,Wolverhampton Wanderers,1,3.9,0.0,-0.02226597
1074,38,Rúben Diogo_da Silva Neves,Wolverhampton Wanderers,3,5.2,1.0,2.509603
1075,38,João Filipe Iria_Santos Moutinho,Wolverhampton Wanderers,3,5.3,1.0,2.2781942
1076,38,Morgan_Gibbs-White,Wolverhampton Wanderers,3,4.7,1.0,0.124761105
1077,38,Adama_Traoré,Wolverhampton Wanderers,3,5.6,1.0,2.2904677
1078,38,Hélder_Costa,Wolverhampton Wanderers,3,4.8,0.0,0.058590174
1079,38,Ivan_Cavaleiro,Wolverhampton Wanderers,3,4.9,0.0,0.07236397
1080,38,Leander_Dendoncker,Wolverhampton Wanderers,3,4.4,1.0,1.6005359
1081,38,Jesús_Vallejo Lázaro,Wolverhampton Wanderers,2,4.6,0.0,-0.03894162
1082,38,Patrick_Cutrone,Wolverhampton Wanderers,4,5.4,0.0,0.06941199
1083,38,Pedro_Lomba Neto,Wolverhampton Wanderers,3,4.9,1.0,0.87097454
1084,38,Bernard_Ashley-Seal,Wolverhampton Wanderers,4,4.5,0.0,0.018018246
1085,38,Taylor_Perry,Wolverhampton Wanderers,3,4.5,1.0,-0.050729156
1086,38,Owen_Otasowie,Wolverhampton Wanderers,3,4.5,1.0,-0.041311324
1087,38,Luke_Cundle,Wolverhampton Wanderers,3,4.5,1.0,-0.09440267
1088,38,Oskar_Buur,Wolverhampton Wanderers,2,4.0,1.0,0.0300802
1089,38,Ryan_Giles,Wolverhampton Wanderers,2,3.9,0.0,-0.010821223
1090,38,Bruno André_Cavaco Jordao,Wolverhampton Wanderers,3,4.5,1.0,-0.034422994
1091,38,Daniel_Castelo Podence,Wolverhampton Wanderers,3,4.9,1.0,1.4431403
1092,38,Leonardo_Campana,Wolverhampton Wanderers,4,4.5,1.0,-0.014244139
1093,38,Ben_Davies,Tottenham Hotspur,2,5.3,1.0,3.7722006
1094,38,Jan_Vertonghen,Tottenham Hotspur,2,5.2,1.0,1.0439973
1095,38,Toby_Alderweireld,Tottenham Hotspur,2,5.3,1.0,2.7243826
1096,38,Davinson_Sánchez,Tottenham Hotspur,2,5.3,1.0,1.8003681
1097,38,Kieran_Trippier,Tottenham Hotspur,2,5.5,0.0,0.055431724
1098,38,Juan_Foyth,Tottenham Hotspur,2,4.8,0.0,-0.01309675
1099,38,Serge_Aurier,Tottenham Hotspur,2,5.1,0.75,2.7135112
1100,38,Harry_Kane,Tottenham Hotspur,4,10.9,1.0,6.5342374
1101,38,Vincent_Janssen,Tottenham Hotspur,4,4.5,0.0,0.099033356
1102,38,Hugo_Lloris,Tottenham Hotspur,1,5.3,1.0,4.1008215
1103,38,Paulo_Gazzaniga,Tottenham Hotspur,1,4.1,1.0,0.03619194
1104,38,Heung-Min_Son,Tottenham Hotspur,3,9.6,1.0,5.6245213
1105,38,Christian_Eriksen,Tottenham Hotspur,3,8.6,0.0,0.15824091
1106,38,Bamidele_Alli,Tottenham Hotspur,3,8.3,0.0,0.15264499
1107,38,Lucas_Rodrigues Moura da Silva,Tottenham Hotspur,3,7.0,1.0,2.9397001
1108,38,Erik_Lamela,Tottenham Hotspur,3,5.7,1.0,1.7022598
1109,38,Harry_Winks,Tottenham Hotspur,3,5.2,1.0,2.1951976
1110,38,Victor_Wanyama,Tottenham Hotspur,3,4.7,0.0,0.057152987
1111,38,Moussa_Sissoko,Tottenham Hotspur,3,4.8,1.0,2.6529233
1112,38,Eric_Dier,Tottenham Hotspur,3,4.8,0.0,0.111674786
1113,38,Luke_Amos,Tottenham Hotspur,3,4.4,0.0,0.06419766
1114,38,Oliver_Skipp,Tottenham Hotspur,3,4.3,1.0,0.24081111
1115,38,Tanguy_Ndombele,Tottenham Hotspur,3,5.8,0.0,0.032951713
1116,38,Troy_Parrott,Tottenham Hotspur,4,4.3,0.25,0.109781265
1117,38,Giovani_Lo Celso,Tottenham Hotspur,3,7.3,1.0,2.6017318
1118,38,Ryan_Sessegnon,Tottenham Hotspur,3,5.4,1.0,0.19114268
1119,38,Georges-Kévin_Nkoudou,Tottenham Hotspur,3,5.0,0.0,0.06366491
1120,38,Alfie_Whiteman,Tottenham Hotspur,1,4.0,1.0,-0.00788486
1121,38,Michel_Vorm,Tottenham Hotspur,1,4.2,1.0,-0.038991094
1122,38,Brandon_Austin,Tottenham Hotspur,1,4.0,1.0,-0.012190938
1123,38,Japhet_Tanganga,Tottenham Hotspur,2,3.9,1.0,-0.009287119
1124,38,Gedson_Carvalho Fernandes,Tottenham Hotspur,3,4.6,1.0,0.20049512
1125,38,Steven_Bergwijn,Tottenham Hotspur,3,7.0,1.0,1.8673253
1126,38,Harvey_White,Tottenham Hotspur,3,4.5,1.0,0.1257875
1127,38,Dennis_Cirkin,Tottenham Hotspur,2,4.0,1.0,-0.0048391223
1128,38,Steve_Cook,Bournemouth,2,5.0,1.0,1.2092769
1129,38,Nathan_Aké,Bournemouth,2,4.8,0.25,0.7659395
1130,38,Charlie_Daniels,Bournemouth,2,4.2,0.0,0.0030386448
1131,38,Chris_Mepham,Bournemouth,2,4.3,0.25,0.20061707
1132,38,Simon_Francis,Bournemouth,2,4.3,0.25,-0.08619416
1133,38,Adam_Smith,Bournemouth,2,4.3,0.75,1.0341558
1134,38,Lloyd_Kelly,Bournemouth,2,4.4,1.0,1.9533885
1135,38,Diego_Rico,Bournemouth,2,4.2,1.0,1.4233756
1136,38,Jack_Simpson,Bournemouth,2,3.9,1.0,0.016590238
1137,38,Callum_Wilson,Bournemouth,4,7.4,1.0,3.0391536
1138,38,Joshua_King,Bournemouth,4,6.1,1.0,3.057444
1139,38,Dominic_Solanke,Bournemouth,4,5.1,1.0,2.2559164
1140,38,Sam_Surridge,Bournemouth,4,4.3,1.0,0.123142004
1141,38,Asmir_Begovic,Bournemouth,1,4.2,0.0,0.007935882
1142,38,Artur_Boruc,Bournemouth,1,4.2,1.0,0.033568382
1143,38,Mark_Travers,Bournemouth,1,4.2,1.0,0.016109109
1144,38,Ryan_Fraser,Bournemouth,3,6.8,0.0,0.1105901
1145,38,David_Brooks,Bournemouth,3,6.1,1.0,2.0760086
1146,38,Junior_Stanislas,Bournemouth,3,5.8,1.0,2.731504
1147,38,Jordon_Ibe,Bournemouth,3,4.6,0.0,0.0608207
1148,38,Lewis_Cook,Bournemouth,3,5.0,1.0,0.9899584
1149,38,Andrew_Surman,Bournemouth,3,4.7,1.0,0.002853036
1150,38,Dan_Gosling,Bournemouth,3,4.8,1.0,1.6763384
1151,38,Jefferson_Lerma,Bournemouth,3,4.8,1.0,1.9864902
1152,38,Jack_Stacey,Bournemouth,2,4.3,1.0,0.9060857
1153,38,Philip_Billing,Bournemouth,3,4.9,1.0,1.3142059
1154,38,Arnaut_Danjuma Groeneveld,Bournemouth,3,5.8,1.0,1.4244967
1155,38,Aaron_Ramsdale,Bournemouth,1,4.4,1.0,2.705497
1156,38,Harry_Wilson,Bournemouth,3,5.7,1.0,1.1841288
1157,38,Christian_Saydee,Bournemouth,3,4.5,1.0,0.0013691187
1158,38,Gavin_Kilkenny,Bournemouth,3,4.5,1.0,-0.0056040883
1159,38,Mihai-Alexandru_Dobre,Bournemouth,3,4.4,0.0,-0.008979559
1160,38,Aaron_Wan-Bissaka,Manchester United,2,5.5,1.0,2.31033
1161,38,Harry_Maguire,Manchester United,2,5.3,1.0,2.600895
1162,38,Chris_Smalling,Manchester United,2,5.2,0.0,0.04932356
1163,38,Ashley_Young,Manchester United,2,5.4,0.0,0.017706513
1164,38,Victor_Lindelöf,Manchester United,2,5.3,1.0,2.066675
1165,38,Luke_Shaw,Manchester United,2,5.4,0.75,1.564424
1166,38,Marcos_Rojo,Manchester United,2,4.8,0.0,-0.013024986
1167,38,Eric_Bailly,Manchester United,2,4.8,1.0,0.64764893
1168,38,José Diogo_Dalot Teixeira,Manchester United,2,4.9,1.0,0.016453862
1169,38,Matteo_Darmian,Manchester United,2,4.9,0.0,0.052888155
1170,38,Phil_Jones,Manchester United,2,4.7,0.0,0.010797024
1171,38,Romelu_Lukaku,Manchester United,4,8.5,0.0,0.008092284
1172,38,Marcus_Rashford,Manchester United,4,8.9,1.0,4.0245485
1173,38,Mason_Greenwood,Manchester United,4,4.9,1.0,3.9341807
1174,38,David_de Gea,Manchester United,1,5.3,1.0,3.0857873
1175,38,Sergio_Romero,Manchester United,1,4.6,1.0,-0.0145459175
1176,38,Lee_Grant,Manchester United,1,4.7,1.0,-0.03050971
1177,38,Paul_Pogba,Manchester United,3,8.3,1.0,3.4466443
1178,38,Anthony_Martial,Manchester United,3,8.5,1.0,4.424514
1179,38,Alexis_Sánchez,Manchester United,3,6.8,0.0,0.04508722
1180,38,Jesse_Lingard,Manchester United,3,6.3,1.0,0.73893297
1181,38,Juan_Mata,Manchester United,3,6.1,1.0,0.2578286
1182,38,Daniel_James,Manchester United,3,5.7,1.0,0.8225584
1183,38,Frederico_Rodrigues de Paula Santos,Manchester United,3,5.1,1.0,0.8242998
1184,38,Angel_Gomes,Manchester United,3,4.7,0.0,0.07476354
1185,38,Andreas_Pereira,Manchester United,3,4.8,1.0,0.531898
1186,38,Nemanja_Matic,Manchester United,3,4.8,1.0,1.9542117
1187,38,Scott_McTominay,Manchester United,3,4.8,1.0,1.167299
1188,38,Tahith_Chong,Manchester United,3,4.2,1.0,0.0099852085
1189,38,James_Garner,Manchester United,3,4.3,1.0,-0.04889965
1190,38,Axel_Tuanzebe,Manchester United,2,4.4,0.0,0.003001213
1191,38,Brandon_Williams,Manchester United,2,3.9,0.75,0.7606971
1192,38,Bruno Miguel_Borges Fernandes,Manchester United,3,9.1,1.0,4.8067627
1193,38,Odion_Ighalo,Manchester United,4,5.9,1.0,0.59655976
1194,38,Timothy_Fosu-Mensah,Manchester United,2,4.5,1.0,0.049690366
1195,38,Timm_Klose,Norwich,2,4.3,1.0,0.821807
1196,38,Ben_Godfrey,Norwich,2,4.4,1.0,0.7112489
1197,38,Maximillian_Aarons,Norwich,2,4.3,1.0,0.8537084
1198,38,Christoph_Zimmermann,Norwich,2,4.4,0.75,-0.21540648
1199,38,Jamal_Lewis,Norwich,2,4.4,1.0,0.82787406
1200,38,Grant_Hanley,Norwich,2,4.0,0.0,-0.19210547
1201,38,Teemu_Pukki,Norwich,4,6.4,1.0,1.4005826
1202,38,Dennis_Srbeny,Norwich,4,5.2,0.0,-0.0665077
1203,38,Tim_Krul,Norwich,1,4.6,1.0,1.3714762
1204,38,Michael_McGovern,Norwich,1,4.1,1.0,-0.2031511
1205,38,Mario_Vrancic,Norwich,3,6.2,1.0,1.05866
1206,38,Emiliano_Buendía,Norwich,3,6.0,1.0,1.2015297
1207,38,Onel_Hernández,Norwich,3,5.3,1.0,1.427789
1208,38,Marco_Stiepermann,Norwich,3,5.0,1.0,0.9211478
1209,38,Kenny_McLean,Norwich,3,4.8,1.0,1.4193659
1210,38,Todd_Cantwell,Norwich,3,4.5,1.0,1.2045977
1211,38,Moritz_Leitner,Norwich,3,4.3,0.0,-0.14131111
1212,38,Alexander_Tettey,Norwich,3,4.4,1.0,1.4925134
1213,38,Tom_Trybull,Norwich,3,4.3,1.0,0.4123596
1214,38,Josip_Drmic,Norwich,4,5.3,1.0,1.1117816
1215,38,Patrick_Roberts,Norwich,3,5.0,0.0,-0.1334812
1216,38,Ralf_Fahrmann,Norwich,1,4.4,0.0,-0.17100382
1217,38,Sam_Byram,Norwich,2,4.3,0.0,-0.12951046
1218,38,Philip_Heise,Norwich,2,3.9,0.0,-0.3132264
1219,38,Ibrahim_Amadou,Norwich,3,4.5,0.0,-0.07867712
1220,38,Adam_Idah,Norwich,4,4.4,1.0,0.8612031
1221,38,Archie_Mair,Norwich,1,4.0,1.0,-0.19633609
1222,38,Akin_Famewo,Norwich,2,3.9,0.0,-0.123374164
1223,38,Ondrej_Duda,Norwich,3,4.4,0.0,-0.10751641
1224,38,Lukas_Rupp,Norwich,3,4.4,1.0,0.8692342
1225,38,Josh_Martin,Norwich,3,4.5,1.0,0.44935322
1226,38,Jordan_Thomas,Norwich,2,4.0,1.0,-0.086968005
1227,38,Andrew_Robertson,Liverpool,2,7.0,1.0,5.2026896
1228,38,Trent_Alexander-Arnold,Liverpool,2,7.7,1.0,4.6194673
1229,38,Virgil_van Dijk,Liverpool,2,6.5,1.0,4.712788
1230,38,Joseph_Gomez,Liverpool,2,5.3,1.0,4.0840225
1231,38,Joel_Matip,Liverpool,2,5.2,0.0,0.05853021
1232,38,Dejan_Lovren,Liverpool,2,5.3,1.0,0.06744933
1233,38,Roberto_Firmino,Liverpool,4,9.3,1.0,3.8380542
1234,38,Divock_Origi,Liverpool,4,5.1,1.0,2.0159273
1235,38,Alisson_Ramses Becker,Liverpool,1,6.2,1.0,4.394663
1236,38,Simon_Mignolet,Liverpool,1,4.5,0.0,0.08638024
1237,38,Mohamed_Salah,Liverpool,3,12.5,1.0,7.9380283
1238,38,Sadio_Mané,Liverpool,3,12.2,1.0,6.400301
1239,38,Alex_Oxlade-Chamberlain,Liverpool,3,6.1,1.0,2.4335105
1240,38,Xherdan_Shaqiri,Liverpool,3,6.3,1.0,0.418499
1241,38,Adam_Lallana,Liverpool,3,5.7,1.0,0.13557053
1242,38,Naby_Keita,Liverpool,3,5.8,1.0,2.346166
1243,38,Fabio Henrique_Tavares,Liverpool,3,5.4,1.0,2.5364234
1244,38,Jordan_Henderson,Liverpool,3,5.2,0.0,0.13930595
1245,38,Georginio_Wijnaldum,Liverpool,3,5.4,1.0,2.6395826
1246,38,James_Milner,Liverpool,3,5.3,0.75,0.15727174
1247,38,Rafael_Camacho,Liverpool,3,4.5,0.0,0.0065460205
1248,38,Rhian_Brewster,Liverpool,4,4.2,0.0,0.075511456
1249,38,Adrián_San Miguel del Castillo,Liverpool,1,4.0,1.0,0.05607903
1250,38,Andy_Lonergan,Liverpool,1,4.2,1.0,0.023159862
1251,38,Caoimhin_Kelleher,Liverpool,1,4.4,1.0,0.11435127
1252,38,Harvey_Elliott,Liverpool,3,4.5,1.0,0.06561422
1253,38,Curtis_Jones,Liverpool,3,4.5,1.0,1.4700174
1254,38,Neco_Williams,Liverpool,2,4.0,1.0,1.4683945
1255,38,Nathaniel_Phillips,Liverpool,2,3.9,0.0,0.040314198
1256,38,Takumi_Minamino,Liverpool,3,5.8,1.0,0.9717393
1257,38,Ki-Jana_Hoever,Liverpool,2,4.0,1.0,0.011642933
1258,38,Lys_Mousset,Sheffield United,4,4.3,1.0,1.9283323
1259,38,Enda_Stevens,Sheffield United,2,5.2,1.0,3.5551467
1260,38,Kieron_Freeman,Sheffield United,2,4.2,1.0,0.021302104
1261,38,Jack_O'Connell,Sheffield United,2,4.5,1.0,3.2131195
1262,38,George_Baldock,Sheffield United,2,5.0,1.0,3.679029
1263,38,John_Egan,Sheffield United,2,4.7,1.0,3.9887772
1264,38,Richard_Stearman,Sheffield United,2,3.9,0.0,0.025995255
1265,38,John_Lundstram,Sheffield United,2,4.6,1.0,0.98199284
1266,38,Billy_Sharp,Sheffield United,4,5.3,1.0,1.5187972
1267,38,Jake_Eastwood,Sheffield United,1,4.3,1.0,-0.03360492
1268,38,Mark_Duffy,Sheffield United,3,5.2,0.0,0.0024471283
1269,38,John_Fleck,Sheffield United,3,4.7,1.0,0.088183045
1270,38,Oliver_Norwood,Sheffield United,3,4.7,1.0,2.8104775
1271,38,David_McGoldrick,Sheffield United,4,5.4,1.0,1.9705377
1272,38,Chris_Basham,Sheffield United,2,4.6,1.0,3.2236023
1273,38,Simon_Moore,Sheffield United,1,4.3,1.0,-0.021335483
1274,38,Luke_Freeman,Sheffield United,3,5.0,0.25,0.042724013
1275,38,Phil_Jagielka,Sheffield United,2,4.1,1.0,0.44383264
1276,38,Callum_Robinson,Sheffield United,3,4.9,0.0,0.04022491
1277,38,Ravel_Morrison,Sheffield United,3,4.5,0.0,-0.0057319403
1278,38,Dean_Henderson,Sheffield United,1,5.2,1.0,4.2182236
1279,38,Ben_Osborn,Sheffield United,3,4.7,1.0,3.0775876
1280,38,Oliver_McBurnie,Sheffield United,4,5.5,1.0,2.9752314
1281,38,Michael_Verrips,Sheffield United,1,4.4,1.0,-0.01084882
1282,38,Muhamed_Bešić,Sheffield United,3,4.3,0.0,0.04030752
1283,38,Leon_Clarke,Sheffield United,4,4.4,0.25,0.008647442
1284,38,Jack_Rodwell,Sheffield United,3,4.5,1.0,0.27401423
1285,38,Jack_Robinson,Sheffield United,2,4.0,1.0,1.0824101
1286,38,Sander_Berge,Sheffield United,3,4.7,1.0,3.3250885
1287,38,Richairo_Zivkovic,Sheffield United,4,4.7,1.0,0.46881115
1288,38,Panagiotis_Retsos,Sheffield United,2,4.5,0.0,-0.023288548
1289,38,Ahmed_El Mohamady,Aston Villa,2,4.1,1.0,0.9713038
1290,38,James_Chester,Aston Villa,2,4.2,0.0,-0.0070905685
1291,38,Neil_Taylor,Aston Villa,2,4.2,0.75,1.1815803
1292,38,Kortney_Hause,Aston Villa,2,4.4,0.75,1.0016329
1293,38,Jonathan_Kodjia,Aston Villa,4,5.4,0.0,-0.013997972
1294,38,Ørjan_Nyland,Aston Villa,1,4.3,1.0,1.0357251
1295,38,Conor_Hourihane,Aston Villa,3,5.7,1.0,2.19233
1296,38,Jack_Grealish,Aston Villa,3,5.9,1.0,4.2131095
1297,38,Anwar_El Ghazi,Aston Villa,3,5.2,1.0,1.5769758
1298,38,John_McGinn,Aston Villa,3,5.2,1.0,2.6546257
1299,38,Andre_Green,Aston Villa,3,4.8,0.0,-0.03732735
1300,38,Birkir_Bjarnason,Aston Villa,3,4.5,0.0,-0.042595565
1301,38,Keinan_Davis,Aston Villa,3,4.3,1.0,1.9582229
1302,38,Henri_Lansbury,Aston Villa,3,4.4,1.0,0.038189888
1303,38,José Ignacio_Peleteiro Romallo,Aston Villa,3,5.7,1.0,0.36985683
1304,38,Tom_Heaton,Aston Villa,1,4.3,0.0,-0.03139317
1305,38,Daniel_Drinkwater,Aston Villa,3,4.4,0.75,0.075722575
1306,38,Matt_Targett,Aston Villa,2,4.3,1.0,1.2198849
1307,38,Wesley_Moraes,Aston Villa,4,5.4,0.0,0.06436348
1308,38,Jed_Steer,Aston Villa,1,4.3,1.0,-0.0028464198
1309,38,Tyrone_Mings,Aston Villa,2,4.4,1.0,2.2507794
1310,38,Ezri_Konsa Ngoyo,Aston Villa,2,4.3,1.0,2.2913494
1311,38,Bjorn_Engels,Aston Villa,2,4.3,0.25,0.0046397448
1312,38,Frédéric_Guilbert,Aston Villa,2,4.3,1.0,-0.063666105
1313,38,Mahmoud Ahmed_Ibrahim Hassan,Aston Villa,3,5.2,1.0,3.1400824
1314,38,Douglas Luiz_Soares de Paulo,Aston Villa,3,4.3,1.0,2.9565423
1315,38,Lovre_Kalinic,Aston Villa,1,4.2,0.0,-0.057383895
1316,38,Marvelous_Nakamba,Aston Villa,3,4.4,1.0,0.93334234
1317,38,Indiana_Vassilev,Aston Villa,3,4.5,1.0,0.20514917
1318,38,José_Reina,Aston Villa,1,4.2,1.0,2.363144
1319,38,Mbwana_Samatta,Aston Villa,4,5.1,1.0,2.3477008
1320,38,Borja_González Tomás,Aston Villa,4,5.3,0.0,0.051602244
1321,38,Kaine_Hayden,Aston Villa,3,4.5,1.0,0.008784413
