,gw,team,opponent_team,player,position,price,play_proba,was_home,relative_market_value_team,relative_market_value_opponent_team,season,minutes
0,38,Arsenal,Watford,Shkodran_Mustafi,2,5.1,0.0,True,1.4964320346105078,0.5048111589049953,1920,0.0
1,38,Arsenal,Watford,Héctor_Bellerín,2,5.2,1.0,True,1.4964320346105078,0.5048111589049953,1920,37.4
2,38,Arsenal,Watford,Sead_Kolasinac,2,5.2,1.0,True,1.4964320346105078,0.5048111589049953,1920,71.6
3,38,Arsenal,Watford,Ainsley_Maitland-Niles,2,4.5,1.0,True,1.4964320346105078,0.5048111589049953,1920,9.8
4,38,Arsenal,Watford,Sokratis_Papastathopoulos,2,4.8,1.0,True,1.4964320346105078,0.5048111589049953,1920,0.0
5,38,Arsenal,Watford,Nacho_Monreal,2,5.0,0.0,True,1.4964320346105078,0.5048111589049953,1920,0.0
6,38,Arsenal,Watford,Laurent_Koscielny,2,5.0,0.0,True,1.4964320346105078,0.5048111589049953,1920,0.0
7,38,Arsenal,Watford,Konstantinos_Mavropanos,2,4.3,0.0,True,1.4964320346105078,0.5048111589049953,1920,0.0
8,38,Arsenal,Watford,Carl_Jenkinson,2,4.5,0.0,True,1.4964320346105078,0.5048111589049953,1920,0.0
9,38,Arsenal,Watford,Rob_Holding,2,4.4,1.0,True,1.4964320346105078,0.5048111589049953,1920,36.0
10,38,Arsenal,Watford,Pierre-Emerick_Aubameyang,4,10.9,1.0,True,1.4964320346105078,0.5048111589049953,1920,78.4
11,38,Arsenal,Watford,Alexandre_Lacazette,4,9.2,1.0,True,1.4964320346105078,0.5048111589049953,1920,62.8
12,38,Arsenal,Watford,Edward_Nketiah,4,4.3,1.0,True,1.4964320346105078,0.5048111589049953,1920,58.666666666666664
13,38,Arsenal,Watford,Bernd_Leno,1,4.8,0.0,True,1.4964320346105078,0.5048111589049953,1920,0.0
14,38,Arsenal,Watford,Mesut_Özil,3,6.9,1.0,True,1.4964320346105078,0.5048111589049953,1920,0.0
15,38,Arsenal,Watford,Henrikh_Mkhitaryan,3,6.7,0.0,True,1.4964320346105078,0.5048111589049953,1920,0.0
16,38,Arsenal,Watford,Granit_Xhaka,3,5.1,1.0,True,1.4964320346105078,0.5048111589049953,1920,81.0
17,38,Arsenal,Watford,Lucas_Torreira,3,4.7,1.0,True,1.4964320346105078,0.5048111589049953,1920,23.6
18,38,Arsenal,Watford,Mohamed_Elneny,3,4.2,0.0,True,1.4964320346105078,0.5048111589049953,1920,0.0
19,38,Arsenal,Watford,Matteo_Guendouzi,3,4.1,1.0,True,1.4964320346105078,0.5048111589049953,1920,0.0
20,38,Arsenal,Watford,David_Luiz Moreira Marinho,2,5.7,1.0,True,1.4964320346105078,0.5048111589049953,1920,83.8
21,38,Arsenal,Watford,Emiliano_Martínez,1,4.4,1.0,True,1.4964320346105078,0.5048111589049953,1920,90.0
22,38,Arsenal,Watford,Calum_Chambers,2,4.3,0.0,True,1.4964320346105078,0.5048111589049953,1920,0.0
23,38,Arsenal,Watford,Daniel_Ceballos Fernández,3,5.2,1.0,True,1.4964320346105078,0.5048111589049953,1920,74.8
24,38,Arsenal,Watford,Cédric_Soares,2,4.8,1.0,True,1.4964320346105078,0.5048111589049953,1920,46.8
25,38,Arsenal,Watford,Nicolas_Pépé,3,8.9,1.0,True,1.4964320346105078,0.5048111589049953,1920,37.8
26,38,Arsenal,Watford,Reiss_Nelson,3,5.3,1.0,True,1.4964320346105078,0.5048111589049953,1920,12.6
27,38,Arsenal,Watford,Joseph_Willock,3,4.7,1.0,True,1.4964320346105078,0.5048111589049953,1920,16.4
28,38,Arsenal,Watford,Gabriel Teodoro_Martinelli Silva,4,4.2,0.0,True,1.4964320346105078,0.5048111589049953,1920,0.0
29,38,Arsenal,Watford,Kieran_Tierney,2,5.3,1.0,True,1.4964320346105078,0.5048111589049953,1920,69.6
30,38,Arsenal,Watford,Bukayo_Saka,3,4.7,1.0,True,1.4964320346105078,0.5048111589049953,1920,61.6
31,38,Arsenal,Watford,Emile_Smith Rowe,3,4.3,0.0,True,1.4964320346105078,0.5048111589049953,1920,0.0
32,38,Arsenal,Watford,Tyreece_John-Jules,4,4.4,0.0,True,1.4964320346105078,0.5048111589049953,1920,0.0
33,38,Arsenal,Watford,Pablo_Marí,2,4.4,0.0,True,1.4964320346105078,0.5048111589049953,1920,0.0
34,38,Arsenal,Watford,Zech_Medley,2,4.0,1.0,True,1.4964320346105078,0.5048111589049953,1920,0.0
35,38,Arsenal,Watford,Matt_Macey,1,4.0,1.0,True,1.4964320346105078,0.5048111589049953,1920,0.0
36,38,Arsenal,Watford,Matthew_Smith,2,4.0,1.0,True,1.4964320346105078,0.5048111589049953,1920,0.0
37,38,Burnley,Brighton and Hove Albion,Ben_Mee,2,4.9,0.0,True,0.3606007111066909,0.5033690544270122,1920,0.0
38,38,Burnley,Brighton and Hove Albion,James_Tarkowski,2,5.5,1.0,True,0.3606007111066909,0.5033690544270122,1920,90.0
39,38,Burnley,Brighton and Hove Albion,Matthew_Lowton,2,4.2,0.0,True,0.3606007111066909,0.5033690544270122,1920,0.0
40,38,Burnley,Brighton and Hove Albion,Phil_Bardsley,2,4.4,1.0,True,0.3606007111066909,0.5033690544270122,1920,90.0
41,38,Burnley,Brighton and Hove Albion,Charlie_Taylor,2,4.3,0.0,True,0.3606007111066909,0.5033690544270122,1920,0.0
42,38,Burnley,Brighton and Hove Albion,Kevin_Long,2,4.3,1.0,True,0.3606007111066909,0.5033690544270122,1920,90.0
43,38,Burnley,Brighton and Hove Albion,Ben_Gibson,2,3.9,0.0,True,0.3606007111066909,0.5033690544270122,1920,0.0
44,38,Burnley,Brighton and Hove Albion,Ashley_Barnes,4,6.1,0.0,True,0.3606007111066909,0.5033690544270122,1920,0.0
45,38,Burnley,Brighton and Hove Albion,Chris_Wood,4,6.2,1.0,True,0.3606007111066909,0.5033690544270122,1920,66.0
46,38,Burnley,Brighton and Hove Albion,Matej_Vydra,4,5.1,1.0,True,0.3606007111066909,0.5033690544270122,1920,40.0
47,38,Burnley,Brighton and Hove Albion,Nick_Pope,1,5.2,1.0,True,0.3606007111066909,0.5033690544270122,1920,90.0
48,38,Burnley,Brighton and Hove Albion,Joe_Hart,1,4.2,0.0,True,0.3606007111066909,0.5033690544270122,1920,0.0
49,38,Burnley,Brighton and Hove Albion,Johann Berg_Gudmundsson,3,5.9,1.0,True,0.3606007111066909,0.5033690544270122,1920,36.0
50,38,Burnley,Brighton and Hove Albion,Dwight_McNeil,3,6.0,1.0,True,0.3606007111066909,0.5033690544270122,1920,90.0
51,38,Burnley,Brighton and Hove Albion,Robbie_Brady,3,5.5,1.0,True,0.3606007111066909,0.5033690544270122,1920,8.75
52,38,Burnley,Brighton and Hove Albion,Steven_Defour,3,5.5,0.0,True,0.3606007111066909,0.5033690544270122,1920,0.0
53,38,Burnley,Brighton and Hove Albion,Jeff_Hendrick,3,5.4,0.0,True,0.3606007111066909,0.5033690544270122,1920,0.0
54,38,Burnley,Brighton and Hove Albion,Ashley_Westwood,3,5.5,1.0,True,0.3606007111066909,0.5033690544270122,1920,90.0
55,38,Burnley,Brighton and Hove Albion,Jack_Cork,3,4.9,0.0,True,0.3606007111066909,0.5033690544270122,1920,0.0
56,38,Burnley,Brighton and Hove Albion,Aaron_Lennon,3,4.6,0.0,True,0.3606007111066909,0.5033690544270122,1920,0.0
57,38,Burnley,Brighton and Hove Albion,Erik_Pieters,2,4.3,1.0,True,0.3606007111066909,0.5033690544270122,1920,84.8
58,38,Burnley,Brighton and Hove Albion,Jay_Rodriguez,4,5.7,1.0,True,0.3606007111066909,0.5033690544270122,1920,80.0
59,38,Burnley,Brighton and Hove Albion,Bailey_Peacock-Farrell,1,4.3,1.0,True,0.3606007111066909,0.5033690544270122,1920,0.0
60,38,Burnley,Brighton and Hove Albion,Mace_Goodridge,3,4.5,1.0,True,0.3606007111066909,0.5033690544270122,1920,0.0
61,38,Burnley,Brighton and Hove Albion,Anthony_Driscoll-Glennon,2,3.9,1.0,True,0.3606007111066909,0.5033690544270122,1920,0.0
62,38,Burnley,Brighton and Hove Albion,Abd-Al-Ali Morakinyo Olaposi_Koiki,2,4.0,0.0,True,0.3606007111066909,0.5033690544270122,1920,0.0
63,38,Burnley,Brighton and Hove Albion,Josh_Brownhill,3,4.8,1.0,True,0.3606007111066909,0.5033690544270122,1920,88.8
64,38,Burnley,Brighton and Hove Albion,Jimmy_Dunne,2,4.0,1.0,True,0.3606007111066909,0.5033690544270122,1920,0.0
65,38,Burnley,Brighton and Hove Albion,Bobby_Thomas,2,4.0,1.0,True,0.3606007111066909,0.5033690544270122,1920,0.0
66,38,Burnley,Brighton and Hove Albion,Max_Thompson,4,4.5,1.0,True,0.3606007111066909,0.5033690544270122,1920,0.0
67,38,Burnley,Brighton and Hove Albion,Lukas_Jensen,1,4.0,1.0,True,0.3606007111066909,0.5033690544270122,1920,0.0
68,38,Burnley,Brighton and Hove Albion,Josh_Benson,3,4.5,1.0,True,0.3606007111066909,0.5033690544270122,1920,0.0
69,38,Burnley,Brighton and Hove Albion,Joel_Mumbongo,4,4.5,1.0,True,0.3606007111066909,0.5033690544270122,1920,0.0
70,38,Chelsea,Wolverhampton Wanderers,Marcos_Alonso,2,6.1,1.0,True,2.064820109898307,0.735970561177553,1920,42.2
71,38,Chelsea,Wolverhampton Wanderers,Antonio_Rüdiger,2,5.9,1.0,True,2.064820109898307,0.735970561177553,1920,45.0
72,38,Chelsea,Wolverhampton Wanderers,César_Azpilicueta,2,6.1,1.0,True,2.064820109898307,0.735970561177553,1920,90.0
73,38,Chelsea,Wolverhampton Wanderers,Emerson_Palmieri dos Santos,2,5.4,1.0,True,2.064820109898307,0.735970561177553,1920,0.4
74,38,Chelsea,Wolverhampton Wanderers,Andreas_Christensen,2,4.8,1.0,True,2.064820109898307,0.735970561177553,1920,45.0
75,38,Chelsea,Wolverhampton Wanderers,Davide_Zappacosta,2,4.2,0.0,True,2.064820109898307,0.735970561177553,1920,0.0
76,38,Chelsea,Wolverhampton Wanderers,Olivier_Giroud,4,6.7,1.0,True,2.064820109898307,0.735970561177553,1920,61.2
77,38,Chelsea,Wolverhampton Wanderers,Kepa_Arrizabalaga,1,5.4,1.0,True,2.064820109898307,0.735970561177553,1920,90.0
78,38,Chelsea,Wolverhampton Wanderers,Willy_Caballero,1,4.8,1.0,True,2.064820109898307,0.735970561177553,1920,0.0
79,38,Chelsea,Wolverhampton Wanderers,Willian_Borges Da Silva,3,7.3,1.0,True,2.064820109898307,0.735970561177553,1920,80.6
80,38,Chelsea,Wolverhampton Wanderers,Pedro_Rodríguez Ledesma,3,6.8,1.0,True,2.064820109898307,0.735970561177553,1920,0.0
81,38,Chelsea,Wolverhampton Wanderers,Ruben_Loftus-Cheek,3,5.9,1.0,True,2.064820109898307,0.735970561177553,1920,23.4
82,38,Chelsea,Wolverhampton Wanderers,Callum_Hudson-Odoi,3,5.1,1.0,True,2.064820109898307,0.735970561177553,1920,13.8
83,38,Chelsea,Wolverhampton Wanderers,Ross_Barkley,3,5.6,1.0,True,2.064820109898307,0.735970561177553,1920,50.8
84,38,Chelsea,Wolverhampton Wanderers,Jorge Luiz_Frello Filho,3,4.9,1.0,True,2.064820109898307,0.735970561177553,1920,56.0
85,38,Chelsea,Wolverhampton Wanderers,N'Golo_Kanté,3,5.0,0.75,True,2.064820109898307,0.735970561177553,1920,57.75
86,38,Chelsea,Wolverhampton Wanderers,Ethan_Ampadu,3,4.3,0.0,True,2.064820109898307,0.735970561177553,1920,0.0
87,38,Chelsea,Wolverhampton Wanderers,Christian_Pulisic,3,7.4,1.0,True,2.064820109898307,0.735970561177553,1920,71.2
88,38,Chelsea,Wolverhampton Wanderers,Mateo_Kovacic,3,5.3,1.0,True,2.064820109898307,0.735970561177553,1920,90.0
89,38,Chelsea,Wolverhampton Wanderers,Kurt_Zouma,2,4.7,1.0,True,2.064820109898307,0.735970561177553,1920,90.0
90,38,Chelsea,Wolverhampton Wanderers,Tammy_Abraham,4,7.3,1.0,True,2.064820109898307,0.735970561177553,1920,32.8
91,38,Chelsea,Wolverhampton Wanderers,Michy_Batshuayi,4,6.6,1.0,True,2.064820109898307,0.735970561177553,1920,0.0
92,38,Chelsea,Wolverhampton Wanderers,Robert Kenedy_Nunes do Nascimento,3,5.2,0.0,True,2.064820109898307,0.735970561177553,1920,0.0
93,38,Chelsea,Wolverhampton Wanderers,Mason_Mount,3,6.0,1.0,True,2.064820109898307,0.735970561177553,1920,53.6
94,38,Chelsea,Wolverhampton Wanderers,Reece_James,2,4.9,1.0,True,2.064820109898307,0.735970561177553,1920,70.8
95,38,Chelsea,Wolverhampton Wanderers,Fikayo_Tomori,2,4.2,1.0,True,2.064820109898307,0.735970561177553,1920,0.0
96,38,Chelsea,Wolverhampton Wanderers,Billy_Gilmour,3,4.1,0.0,True,2.064820109898307,0.735970561177553,1920,0.0
97,38,Chelsea,Wolverhampton Wanderers,Addji Keaninkin Marc-Israel_Guehi,2,3.9,0.0,True,2.064820109898307,0.735970561177553,1920,0.0
98,38,Chelsea,Wolverhampton Wanderers,Faustino_Anjorin,3,4.5,1.0,True,2.064820109898307,0.735970561177553,1920,0.0
99,38,Chelsea,Wolverhampton Wanderers,Armando_Broja,4,4.5,1.0,True,2.064820109898307,0.735970561177553,1920,0.0
100,38,Chelsea,Wolverhampton Wanderers,Lewis_Bate,3,4.5,1.0,True,2.064820109898307,0.735970561177553,1920,0.0
101,38,Crystal Palace,Tottenham Hotspur,Patrick_van Aanholt,2,5.6,0.0,True,0.42939904025460607,1.7379845346726674,1920,0.0
102,38,Crystal Palace,Tottenham Hotspur,James_Tomkins,2,4.9,0.0,True,0.42939904025460607,1.7379845346726674,1920,0.0
103,38,Crystal Palace,Tottenham Hotspur,Mamadou_Sakho,2,5.0,0.0,True,0.42939904025460607,1.7379845346726674,1920,0.0
104,38,Crystal Palace,Tottenham Hotspur,Joel_Ward,2,4.3,1.0,True,0.42939904025460607,1.7379845346726674,1920,90.0
105,38,Crystal Palace,Tottenham Hotspur,Scott_Dann,2,4.3,1.0,True,0.42939904025460607,1.7379845346726674,1920,72.0
106,38,Crystal Palace,Tottenham Hotspur,Martin_Kelly,2,4.1,1.0,True,0.42939904025460607,1.7379845346726674,1920,0.0
107,38,Crystal Palace,Tottenham Hotspur,Christian_Benteke,4,5.7,0.0,True,0.42939904025460607,1.7379845346726674,1920,0.0
108,38,Crystal Palace,Tottenham Hotspur,Connor_Wickham,4,4.3,0.0,True,0.42939904025460607,1.7379845346726674,1920,0.0
109,38,Crystal Palace,Tottenham Hotspur,Vicente_Guaita,1,4.9,1.0,True,0.42939904025460607,1.7379845346726674,1920,90.0
110,38,Crystal Palace,Tottenham Hotspur,Wayne_Hennessey,1,4.2,1.0,True,0.42939904025460607,1.7379845346726674,1920,0.0
111,38,Crystal Palace,Tottenham Hotspur,Wilfried_Zaha,3,6.6,1.0,True,0.42939904025460607,1.7379845346726674,1920,90.0
112,38,Crystal Palace,Tottenham Hotspur,Luka_Milivojevic,3,6.7,0.75,True,0.42939904025460607,1.7379845346726674,1920,51.300000000000004
113,38,Crystal Palace,Tottenham Hotspur,Andros_Townsend,3,5.6,1.0,True,0.42939904025460607,1.7379845346726674,1920,44.6
114,38,Crystal Palace,Tottenham Hotspur,Max_Meyer,3,5.2,1.0,True,0.42939904025460607,1.7379845346726674,1920,3.2
115,38,Crystal Palace,Tottenham Hotspur,Jeffrey_Schlupp,3,5.4,1.0,True,0.42939904025460607,1.7379845346726674,1920,72.0
116,38,Crystal Palace,Tottenham Hotspur,James_McArthur,3,5.2,1.0,True,0.42939904025460607,1.7379845346726674,1920,70.6
117,38,Crystal Palace,Tottenham Hotspur,Cheikhou_Kouyaté,3,4.8,1.0,True,0.42939904025460607,1.7379845346726674,1920,50.2
118,38,Crystal Palace,Tottenham Hotspur,Luke_Dreher,3,4.3,1.0,True,0.42939904025460607,1.7379845346726674,1920,0.0
119,38,Crystal Palace,Tottenham Hotspur,James_McCarthy,3,4.2,1.0,True,0.42939904025460607,1.7379845346726674,1920,49.6
120,38,Crystal Palace,Tottenham Hotspur,Jordan_Ayew,4,5.1,1.0,True,0.42939904025460607,1.7379845346726674,1920,82.6
121,38,Crystal Palace,Tottenham Hotspur,Gary_Cahill,2,4.3,0.0,True,0.42939904025460607,1.7379845346726674,1920,0.0
122,38,Crystal Palace,Tottenham Hotspur,Víctor_Camarasa,3,4.5,0.0,True,0.42939904025460607,1.7379845346726674,1920,0.0
123,38,Crystal Palace,Tottenham Hotspur,Jairo_Riedewald,3,4.5,1.0,True,0.42939904025460607,1.7379845346726674,1920,21.6
124,38,Crystal Palace,Tottenham Hotspur,Stephen_Henderson,1,4.0,1.0,True,0.42939904025460607,1.7379845346726674,1920,0.0
125,38,Crystal Palace,Tottenham Hotspur,Sam_Woods,2,3.9,1.0,True,0.42939904025460607,1.7379845346726674,1920,0.0
126,38,Crystal Palace,Tottenham Hotspur,Tyrick_Mitchell,2,4.0,1.0,True,0.42939904025460607,1.7379845346726674,1920,20.6
127,38,Crystal Palace,Tottenham Hotspur,Brandon_Pierrick,3,4.5,1.0,True,0.42939904025460607,1.7379845346726674,1920,0.0
128,38,Crystal Palace,Tottenham Hotspur,James_Daly,4,4.5,0.0,True,0.42939904025460607,1.7379845346726674,1920,0.0
129,38,Crystal Palace,Tottenham Hotspur,Nya_Kirby,3,4.5,1.0,True,0.42939904025460607,1.7379845346726674,1920,0.0
130,38,Crystal Palace,Tottenham Hotspur,Giovanni_McGregor,3,4.5,0.0,True,0.42939904025460607,1.7379845346726674,1920,0.0
131,38,Crystal Palace,Tottenham Hotspur,Nikola_Tavares,2,4.0,0.0,True,0.42939904025460607,1.7379845346726674,1920,0.0
132,38,Crystal Palace,Tottenham Hotspur,John-Kymani_Gordon,3,4.5,1.0,True,0.42939904025460607,1.7379845346726674,1920,0.0
133,38,Everton,Bournemouth,Alex_Iwobi,3,5.6,1.0,True,1.0325965339764789,0.613217633456824,1920,35.25
134,38,Everton,Bournemouth,Lucas_Digne,2,5.9,1.0,True,1.0325965339764789,0.613217633456824,1920,90.0
135,38,Everton,Bournemouth,Yerry_Mina,2,5.3,0.0,True,1.0325965339764789,0.613217633456824,1920,0.0
136,38,Everton,Bournemouth,Michael_Keane,2,5.2,1.0,True,1.0325965339764789,0.613217633456824,1920,90.0
137,38,Everton,Bournemouth,Seamus_Coleman,2,5.3,1.0,True,1.0325965339764789,0.613217633456824,1920,63.4
138,38,Everton,Bournemouth,Leighton_Baines,2,4.9,1.0,True,1.0325965339764789,0.613217633456824,1920,9.0
139,38,Everton,Bournemouth,Cenk_Tosun,4,5.7,0.0,True,1.0325965339764789,0.613217633456824,1920,0.0
140,38,Everton,Bournemouth,Dominic_Calvert-Lewin,4,6.1,1.0,True,1.0325965339764789,0.613217633456824,1920,85.4
141,38,Everton,Bournemouth,Jordan_Pickford,1,5.2,1.0,True,1.0325965339764789,0.613217633456824,1920,90.0
142,38,Everton,Bournemouth,Maarten_Stekelenburg,1,3.9,1.0,True,1.0325965339764789,0.613217633456824,1920,0.0
143,38,Everton,Bournemouth,Richarlison_de Andrade,3,8.2,1.0,True,1.0325965339764789,0.613217633456824,1920,78.5
144,38,Everton,Bournemouth,Gylfi_Sigurdsson,3,7.3,1.0,True,1.0325965339764789,0.613217633456824,1920,61.6
145,38,Everton,Bournemouth,Bernard_Anício Caldeira Duarte,3,6.4,1.0,True,1.0325965339764789,0.613217633456824,1920,26.8
146,38,Everton,Bournemouth,Theo_Walcott,3,6.2,1.0,True,1.0325965339764789,0.613217633456824,1920,55.333333333333336
147,38,Everton,Bournemouth,Tom_Davies,3,5.3,1.0,True,1.0325965339764789,0.613217633456824,1920,83.6
148,38,Everton,Bournemouth,Ademola_Lookman,3,5.0,0.0,True,1.0325965339764789,0.613217633456824,1920,0.0
149,38,Everton,Bournemouth,Idrissa_Gueye,3,5.0,0.0,True,1.0325965339764789,0.613217633456824,1920,0.0
150,38,Everton,Bournemouth,Morgan_Schneiderlin,3,4.4,0.0,True,1.0325965339764789,0.613217633456824,1920,0.0
151,38,Everton,Bournemouth,Fabian_Delph,2,5.3,0.0,True,1.0325965339764789,0.613217633456824,1920,0.0
152,38,Everton,Bournemouth,André Filipe_Tavares Gomes,3,5.2,1.0,True,1.0325965339764789,0.613217633456824,1920,73.66666666666667
153,38,Everton,Bournemouth,Lewis_Gibson,2,4.2,0.0,True,1.0325965339764789,0.613217633456824,1920,0.0
154,38,Everton,Bournemouth,Mason_Holgate,2,4.2,0.0,True,1.0325965339764789,0.613217633456824,1920,0.0
155,38,Everton,Bournemouth,Jonas_Lössl,1,4.2,0.0,True,1.0325965339764789,0.613217633456824,1920,0.0
156,38,Everton,Bournemouth,Moise_Kean,4,6.3,1.0,True,1.0325965339764789,0.613217633456824,1920,15.8
157,38,Everton,Bournemouth,Jean-Philippe_Gbamin,3,4.8,0.0,True,1.0325965339764789,0.613217633456824,1920,0.0
158,38,Everton,Bournemouth,Djibril_Sidibé,2,5.0,1.0,True,1.0325965339764789,0.613217633456824,1920,29.6
159,38,Everton,Bournemouth,Beni_Baningime,3,4.4,1.0,True,1.0325965339764789,0.613217633456824,1920,0.0
160,38,Everton,Bournemouth,Anthony_Gordon,4,4.5,1.0,True,1.0325965339764789,0.613217633456824,1920,41.4
161,38,Everton,Bournemouth,Oumar_Niasse,4,4.5,0.0,True,1.0325965339764789,0.613217633456824,1920,0.0
162,38,Everton,Bournemouth,Rhu-endly_Martina,2,4.0,0.0,True,1.0325965339764789,0.613217633456824,1920,0.0
163,38,Everton,Bournemouth,João Manuel_Neves Virgínia,1,4.0,1.0,True,1.0325965339764789,0.613217633456824,1920,0.0
164,38,Everton,Bournemouth,Jarrad_Branthwaite,2,4.0,1.0,True,1.0325965339764789,0.613217633456824,1920,41.8
165,38,Everton,Bournemouth,Ellis_Simms,4,4.5,1.0,True,1.0325965339764789,0.613217633456824,1920,0.0
166,38,Leicester City,Manchester United,Ricardo Domingos_Barbosa Pereira,2,6.2,0.0,True,1.0445311917253042,1.640219796613541,1920,0.0
167,38,Leicester City,Manchester United,Benjamin_Chilwell,2,5.4,0.0,True,1.0445311917253042,1.640219796613541,1920,0.0
168,38,Leicester City,Manchester United,Jonny_Evans,2,5.3,1.0,True,1.0445311917253042,1.640219796613541,1920,90.0
169,38,Leicester City,Manchester United,Christian_Fuchs,2,4.2,0.0,True,1.0445311917253042,1.640219796613541,1920,0.0
170,38,Leicester City,Manchester United,Çaglar_Söyüncü,2,4.9,0.0,True,1.0445311917253042,1.640219796613541,1920,0.0
171,38,Leicester City,Manchester United,Wes_Morgan,2,4.1,1.0,True,1.0445311917253042,1.640219796613541,1920,36.0
172,38,Leicester City,Manchester United,Jamie_Vardy,4,9.7,1.0,True,1.0445311917253042,1.640219796613541,1920,90.0
173,38,Leicester City,Manchester United,Kelechi_Iheanacho,4,5.7,1.0,True,1.0445311917253042,1.640219796613541,1920,39.4
174,38,Leicester City,Manchester United,Kasper_Schmeichel,1,5.5,1.0,True,1.0445311917253042,1.640219796613541,1920,90.0
175,38,Leicester City,Manchester United,Eldin_Jakupovic,1,4.2,1.0,True,1.0445311917253042,1.640219796613541,1920,0.0
176,38,Leicester City,Manchester United,Danny_Ward,1,4.2,1.0,True,1.0445311917253042,1.640219796613541,1920,0.0
177,38,Leicester City,Manchester United,James_Maddison,3,7.3,0.0,True,1.0445311917253042,1.640219796613541,1920,0.0
178,38,Leicester City,Manchester United,Harvey_Barnes,3,5.8,1.0,True,1.0445311917253042,1.640219796613541,1920,44.6
179,38,Leicester City,Manchester United,Rachid_Ghezzal,3,5.1,0.0,True,1.0445311917253042,1.640219796613541,1920,0.0
180,38,Leicester City,Manchester United,Marc_Albrighton,3,5.1,0.75,True,1.0445311917253042,1.640219796613541,1920,36.75
181,38,Leicester City,Manchester United,Demarai_Gray,3,5.0,1.0,True,1.0445311917253042,1.640219796613541,1920,14.6
182,38,Leicester City,Manchester United,Wilfred_Ndidi,3,5.0,1.0,True,1.0445311917253042,1.640219796613541,1920,84.0
183,38,Leicester City,Manchester United,Matty_James,3,4.3,1.0,True,1.0445311917253042,1.640219796613541,1920,0.0
184,38,Leicester City,Manchester United,Daniel_Amartey,3,4.2,0.0,True,1.0445311917253042,1.640219796613541,1920,0.0
185,38,Leicester City,Manchester United,Nampalys_Mendy,3,4.3,1.0,True,1.0445311917253042,1.640219796613541,1920,4.0
186,38,Leicester City,Manchester United,Hamza_Choudhury,3,4.2,1.0,True,1.0445311917253042,1.640219796613541,1920,4.0
187,38,Leicester City,Manchester United,Ayoze_Pérez,3,6.0,1.0,True,1.0445311917253042,1.640219796613541,1920,68.0
188,38,Leicester City,Manchester United,Ryan_Bennett,2,4.8,1.0,True,1.0445311917253042,1.640219796613541,1920,65.8
189,38,Leicester City,Manchester United,James_Justin,2,4.7,1.0,True,1.0445311917253042,1.640219796613541,1920,90.0
190,38,Leicester City,Manchester United,Youri_Tielemans,3,6.1,1.0,True,1.0445311917253042,1.640219796613541,1920,85.4
191,38,Leicester City,Manchester United,Andy_King,3,4.2,0.0,True,1.0445311917253042,1.640219796613541,1920,0.0
192,38,Leicester City,Manchester United,Dennis_Praet,3,5.2,1.0,True,1.0445311917253042,1.640219796613541,1920,19.8
193,38,Leicester City,Manchester United,Filip_Benkovic,2,3.9,0.0,True,1.0445311917253042,1.640219796613541,1920,0.0
194,38,Leicester City,Manchester United,Luke_Thomas,2,4.0,1.0,True,1.0445311917253042,1.640219796613541,1920,90.0
195,38,Leicester City,Manchester United,George_Hirst,4,4.5,1.0,True,1.0445311917253042,1.640219796613541,1920,7.0
196,38,Leicester City,Manchester United,Darnell_Johnson,2,4.0,1.0,True,1.0445311917253042,1.640219796613541,1920,0.0
197,38,Manchester City,Norwich,Aymeric_Laporte,2,6.3,1.0,True,2.4688580024366598,0.31199184465053836,1920,50.6
198,38,Manchester City,Norwich,Kyle_Walker,2,5.7,1.0,True,2.4688580024366598,0.31199184465053836,1920,48.6
199,38,Manchester City,Norwich,Benjamin_Mendy,2,5.5,1.0,True,2.4688580024366598,0.31199184465053836,1920,27.8
200,38,Manchester City,Norwich,Oleksandr_Zinchenko,2,5.2,1.0,True,2.4688580024366598,0.31199184465053836,1920,49.0
201,38,Manchester City,Norwich,John_Stones,2,5.3,1.0,True,2.4688580024366598,0.31199184465053836,1920,42.8
202,38,Manchester City,Norwich,Nicolás_Otamendi,2,4.8,1.0,True,2.4688580024366598,0.31199184465053836,1920,36.0
203,38,Manchester City,Norwich,Danilo Luiz_da Silva,2,5.0,0.0,True,2.4688580024366598,0.31199184465053836,1920,0.0
204,38,Manchester City,Norwich,Sergio_Agüero,4,11.6,0.0,True,2.4688580024366598,0.31199184465053836,1920,0.0
205,38,Manchester City,Norwich,Gabriel Fernando_de Jesus,4,9.9,1.0,True,2.4688580024366598,0.31199184465053836,1920,75.8
206,38,Manchester City,Norwich,Ederson_Santana de Moraes,1,6.1,1.0,True,2.4688580024366598,0.31199184465053836,1920,90.0
207,38,Manchester City,Norwich,Claudio_Bravo,1,4.7,0.5,True,2.4688580024366598,0.31199184465053836,1920,0.0
208,38,Manchester City,Norwich,Raheem_Sterling,3,12.0,1.0,True,2.4688580024366598,0.31199184465053836,1920,57.0
209,38,Manchester City,Norwich,Kevin_De Bruyne,3,10.6,1.0,True,2.4688580024366598,0.31199184465053836,1920,54.8
210,38,Manchester City,Norwich,Leroy_Sané,3,9.1,0.0,True,2.4688580024366598,0.31199184465053836,1920,0.0
211,38,Manchester City,Norwich,Riyad_Mahrez,3,8.6,1.0,True,2.4688580024366598,0.31199184465053836,1920,52.2
212,38,Manchester City,Norwich,Bernardo Mota_Veiga de Carvalho e Silva,3,7.6,1.0,True,2.4688580024366598,0.31199184465053836,1920,68.8
213,38,Manchester City,Norwich,David_Silva,3,7.5,1.0,True,2.4688580024366598,0.31199184465053836,1920,59.2
214,38,Manchester City,Norwich,Phil_Foden,3,5.5,1.0,True,2.4688580024366598,0.31199184465053836,1920,59.4
215,38,Manchester City,Norwich,Fernando_Luiz Rosa,3,5.1,1.0,True,2.4688580024366598,0.31199184465053836,1920,39.6
216,38,Manchester City,Norwich,Ilkay_Gündogan,3,5.1,1.0,True,2.4688580024366598,0.31199184465053836,1920,22.4
217,38,Manchester City,Norwich,José Ángel_Esmorís Tasende,2,4.6,0.0,True,2.4688580024366598,0.31199184465053836,1920,0.0
218,38,Manchester City,Norwich,Rodrigo_Hernandez,3,5.3,1.0,True,2.4688580024366598,0.31199184465053836,1920,45.6
219,38,Manchester City,Norwich,João Pedro Cavaco_Cancelo,2,5.1,1.0,True,2.4688580024366598,0.31199184465053836,1920,45.0
220,38,Manchester City,Norwich,Eric_Garcia,2,4.5,1.0,True,2.4688580024366598,0.31199184465053836,1920,59.2
221,38,Manchester City,Norwich,Scott_Carson,1,4.0,1.0,True,2.4688580024366598,0.31199184465053836,1920,0.0
222,38,Manchester City,Norwich,Taylor_Harwood-Bellis,2,4.0,1.0,True,2.4688580024366598,0.31199184465053836,1920,0.0
223,38,Manchester City,Norwich,Cole_Palmer,3,4.5,1.0,True,2.4688580024366598,0.31199184465053836,1920,0.0
224,38,Manchester City,Norwich,Tommy_Doyle,3,4.5,1.0,True,2.4688580024366598,0.31199184465053836,1920,3.0
225,38,Newcastle United,Liverpool,Matt_Ritchie,2,5.3,1.0,True,0.6034461324249734,2.451453293219623,1920,70.8
226,38,Newcastle United,Liverpool,Fabian_Schär,2,5.0,0.0,True,0.6034461324249734,2.451453293219623,1920,0.0
227,38,Newcastle United,Liverpool,DeAndre_Yedlin,2,4.4,1.0,True,0.6034461324249734,2.451453293219623,1920,28.8
228,38,Newcastle United,Liverpool,Federico_Fernández,2,4.6,1.0,True,0.6034461324249734,2.451453293219623,1920,90.0
229,38,Newcastle United,Liverpool,Paul_Dummett,2,4.3,0.0,True,0.6034461324249734,2.451453293219623,1920,0.0
230,38,Newcastle United,Liverpool,Javier_Manquillo,2,4.3,1.0,True,0.6034461324249734,2.451453293219623,1920,51.0
231,38,Newcastle United,Liverpool,Florian_Lejeune,2,4.3,0.0,True,0.6034461324249734,2.451453293219623,1920,0.0
232,38,Newcastle United,Liverpool,Jamaal_Lascelles,2,4.2,0.0,True,0.6034461324249734,2.451453293219623,1920,0.0
233,38,Newcastle United,Liverpool,Ciaran_Clark,2,4.3,0.0,True,0.6034461324249734,2.451453293219623,1920,0.0
234,38,Newcastle United,Liverpool,Yoshinori_Muto,4,5.1,1.0,True,0.6034461324249734,2.451453293219623,1920,1.2
235,38,Newcastle United,Liverpool,Jose Luis_Mato Sanmartín,4,5.0,0.0,True,0.6034461324249734,2.451453293219623,1920,0.0
236,38,Newcastle United,Liverpool,Martin_Dubravka,1,5.1,1.0,True,0.6034461324249734,2.451453293219623,1920,90.0
237,38,Newcastle United,Liverpool,Karl_Darlow,1,4.3,1.0,True,0.6034461324249734,2.451453293219623,1920,0.0
238,38,Newcastle United,Liverpool,Frederick_Woodman,1,3.9,0.0,True,0.6034461324249734,2.451453293219623,1920,0.0
239,38,Newcastle United,Liverpool,Miguel_Almirón,3,5.8,1.0,True,0.6034461324249734,2.451453293219623,1920,71.0
240,38,Newcastle United,Liverpool,Christian_Atsu,3,5.3,1.0,True,0.6034461324249734,2.451453293219623,1920,1.2
241,38,Newcastle United,Liverpool,Sung-yueng_Ki,3,4.7,0.0,True,0.6034461324249734,2.451453293219623,1920,0.0
242,38,Newcastle United,Liverpool,Jonjo_Shelvey,3,4.9,1.0,True,0.6034461324249734,2.451453293219623,1920,85.0
243,38,Newcastle United,Liverpool,Sean_Longstaff,3,5.0,0.75,True,0.6034461324249734,2.451453293219623,1920,0.0
244,38,Newcastle United,Liverpool,Isaac_Hayden,3,4.4,0.75,True,0.6034461324249734,2.451453293219623,1920,31.5
245,38,Newcastle United,Liverpool,Danny_Rose,2,5.3,1.0,True,0.6034461324249734,2.451453293219623,1920,51.6
246,38,Newcastle United,Liverpool,Joelinton Cássio_Apolinário de Lira,4,5.5,1.0,True,0.6034461324249734,2.451453293219623,1920,30.0
247,38,Newcastle United,Liverpool,Jack_Colback,3,4.3,0.0,True,0.6034461324249734,2.451453293219623,1920,0.0
248,38,Newcastle United,Liverpool,Jacob_Murphy,3,4.7,0.0,True,0.6034461324249734,2.451453293219623,1920,0.0
249,38,Newcastle United,Liverpool,Jetro_Willems,2,4.3,0.0,True,0.6034461324249734,2.451453293219623,1920,0.0
250,38,Newcastle United,Liverpool,Rolando_Aarons,3,4.8,0.0,True,0.6034461324249734,2.451453293219623,1920,0.0
251,38,Newcastle United,Liverpool,Allan_Saint-Maximin,3,5.2,1.0,True,0.6034461324249734,2.451453293219623,1920,52.666666666666664
252,38,Newcastle United,Liverpool,Emil_Krafth,2,4.3,0.5,True,0.6034461324249734,2.451453293219623,1920,44.125
253,38,Newcastle United,Liverpool,Andy_Carroll,4,5.4,1.0,True,0.6034461324249734,2.451453293219623,1920,4.5
254,38,Newcastle United,Liverpool,Matthew_Longstaff,3,4.5,1.0,True,0.6034461324249734,2.451453293219623,1920,5.6
255,38,Newcastle United,Liverpool,Dwight_Gayle,4,5.0,1.0,True,0.6034461324249734,2.451453293219623,1920,62.4
256,38,Newcastle United,Liverpool,Robert_Elliot,1,4.0,0.0,True,0.6034461324249734,2.451453293219623,1920,0.0
257,38,Newcastle United,Liverpool,Thomas_Allan,3,4.5,1.0,True,0.6034461324249734,2.451453293219623,1920,0.0
258,38,Newcastle United,Liverpool,Kelland_Watts,2,3.9,1.0,True,0.6034461324249734,2.451453293219623,1920,0.0
259,38,Newcastle United,Liverpool,Liam_Gibson,2,4.0,0.0,True,0.6034461324249734,2.451453293219623,1920,0.0
260,38,Newcastle United,Liverpool,Nabil_Bentaleb,3,4.7,1.0,True,0.6034461324249734,2.451453293219623,1920,64.8
261,38,Newcastle United,Liverpool,Valentino_Lazaro,3,5.3,1.0,True,0.6034461324249734,2.451453293219623,1920,25.6
262,38,Newcastle United,Liverpool,Jack_Young,3,4.5,1.0,True,0.6034461324249734,2.451453293219623,1920,0.0
263,38,Southampton,Sheffield United,Jannik_Vestergaard,2,4.5,1.0,True,0.4860886645615257,0.3001069146423333,1920,90.0
264,38,Southampton,Sheffield United,Ryan_Bertrand,2,4.8,1.0,True,0.4860886645615257,0.3001069146423333,1920,72.0
265,38,Southampton,Sheffield United,Yan_Valery,2,4.6,1.0,True,0.4860886645615257,0.3001069146423333,1920,0.0
266,38,Southampton,Sheffield United,Jan_Bednarek,2,4.4,1.0,True,0.4860886645615257,0.3001069146423333,1920,72.0
267,38,Southampton,Sheffield United,Jack_Stephens,2,4.4,1.0,True,0.4860886645615257,0.3001069146423333,1920,72.0
268,38,Southampton,Sheffield United,Maya_Yoshida,2,4.1,0.0,True,0.4860886645615257,0.3001069146423333,1920,0.0
269,38,Southampton,Sheffield United,Kayne_Ramsay,2,3.9,0.0,True,0.4860886645615257,0.3001069146423333,1920,0.0
270,38,Southampton,Sheffield United,Charlie_Austin,4,6.0,0.0,True,0.4860886645615257,0.3001069146423333,1920,0.0
271,38,Southampton,Sheffield United,Danny_Ings,4,7.6,1.0,True,0.4860886645615257,0.3001069146423333,1920,90.0
272,38,Southampton,Sheffield United,Michael_Obafemi,4,4.9,1.0,True,0.4860886645615257,0.3001069146423333,1920,9.8
273,38,Southampton,Sheffield United,Shane_Long,4,4.6,1.0,True,0.4860886645615257,0.3001069146423333,1920,26.2
274,38,Southampton,Sheffield United,Sam_Gallagher,4,4.5,0.0,True,0.4860886645615257,0.3001069146423333,1920,0.0
275,38,Southampton,Sheffield United,Fraser_Forster,1,4.2,0.0,True,0.4860886645615257,0.3001069146423333,1920,0.0
276,38,Southampton,Sheffield United,Alex_McCarthy,1,4.5,1.0,True,0.4860886645615257,0.3001069146423333,1920,90.0
277,38,Southampton,Sheffield United,Angus_Gunn,1,4.2,1.0,True,0.4860886645615257,0.3001069146423333,1920,0.0
278,38,Southampton,Sheffield United,Nathan_Redmond,3,6.2,1.0,True,0.4860886645615257,0.3001069146423333,1920,90.0
279,38,Southampton,Sheffield United,James_Ward-Prowse,3,5.7,1.0,True,0.4860886645615257,0.3001069146423333,1920,90.0
280,38,Southampton,Sheffield United,Mohamed_Elyounoussi,3,5.2,0.0,True,0.4860886645615257,0.3001069146423333,1920,0.0
281,38,Southampton,Sheffield United,Stuart_Armstrong,3,5.2,1.0,True,0.4860886645615257,0.3001069146423333,1920,69.4
282,38,Southampton,Sheffield United,Mario_Lemina,3,4.6,0.0,True,0.4860886645615257,0.3001069146423333,1920,0.0
283,38,Southampton,Sheffield United,Pierre-Emile_Højbjerg,3,4.8,1.0,True,0.4860886645615257,0.3001069146423333,1920,34.333333333333336
284,38,Southampton,Sheffield United,Tyreke_Johnson,3,4.4,0.0,True,0.4860886645615257,0.3001069146423333,1920,0.0
285,38,Southampton,Sheffield United,Callum_Slattery,3,4.4,0.0,True,0.4860886645615257,0.3001069146423333,1920,0.0
286,38,Southampton,Sheffield United,Oriol_Romeu Vidal,3,4.3,1.0,True,0.4860886645615257,0.3001069146423333,1920,73.2
287,38,Southampton,Sheffield United,Kyle_Walker-Peters,2,4.4,1.0,True,0.4860886645615257,0.3001069146423333,1920,81.0
288,38,Southampton,Sheffield United,Che_Adams,4,5.3,1.0,True,0.4860886645615257,0.3001069146423333,1920,54.0
289,38,Southampton,Sheffield United,Moussa_Djenepo,3,5.2,0.0,True,0.4860886645615257,0.3001069146423333,1920,0.0
290,38,Southampton,Sheffield United,Wesley_Hoedt,2,4.2,0.0,True,0.4860886645615257,0.3001069146423333,1920,0.0
291,38,Southampton,Sheffield United,Sofiane_Boufal,3,5.5,0.0,True,0.4860886645615257,0.3001069146423333,1920,0.0
292,38,Southampton,Sheffield United,Kevin_Danso,2,4.2,1.0,True,0.4860886645615257,0.3001069146423333,1920,0.0
293,38,Southampton,Sheffield United,Daniel_N'Lundulu,4,4.4,1.0,True,0.4860886645615257,0.3001069146423333,1920,0.0
294,38,Southampton,Sheffield United,Harry_Lewis,1,4.0,1.0,True,0.4860886645615257,0.3001069146423333,1920,0.0
295,38,Southampton,Sheffield United,William_Smallbone,3,4.5,1.0,True,0.4860886645615257,0.3001069146423333,1920,20.2
296,38,Southampton,Sheffield United,Nathan_Tella,3,4.5,0.0,True,0.4860886645615257,0.3001069146423333,1920,0.0
297,38,Southampton,Sheffield United,Jake_Vokins,2,4.0,1.0,True,0.4860886645615257,0.3001069146423333,1920,18.0
298,38,Southampton,Sheffield United,Alexandre_Jankewitz,3,4.5,1.0,True,0.4860886645615257,0.3001069146423333,1920,0.0
299,38,Southampton,Sheffield United,Will_Ferry,3,4.5,1.0,True,0.4860886645615257,0.3001069146423333,1920,0.0
300,38,Southampton,Sheffield United,Jacob_Maddox,3,4.5,1.0,True,0.4860886645615257,0.3001069146423333,1920,0.0
301,38,West Ham United,Aston Villa,Aaron_Cresswell,2,4.5,0.75,True,0.6813943658469879,0.5327084213928741,1920,65.1
302,38,West Ham United,Aston Villa,Angelo_Ogbonna,2,4.5,1.0,True,0.6813943658469879,0.5327084213928741,1920,89.2
303,38,West Ham United,Aston Villa,Arthur_Masuaku,2,4.1,1.0,True,0.6813943658469879,0.5327084213928741,1920,5.5
304,38,West Ham United,Aston Villa,Pablo_Zabaleta,2,4.1,0.0,True,0.6813943658469879,0.5327084213928741,1920,0.0
305,38,West Ham United,Aston Villa,Ryan_Fredericks,2,4.4,0.75,True,0.6813943658469879,0.5327084213928741,1920,50.625
306,38,West Ham United,Aston Villa,Issa_Diop,2,4.3,1.0,True,0.6813943658469879,0.5327084213928741,1920,90.0
307,38,West Ham United,Aston Villa,Fabián_Balbuena,2,4.3,1.0,True,0.6813943658469879,0.5327084213928741,1920,0.8
308,38,West Ham United,Aston Villa,Winston_Reid,2,3.9,0.0,True,0.6813943658469879,0.5327084213928741,1920,0.0
309,38,West Ham United,Aston Villa,Ben_Johnson,2,4.0,1.0,True,0.6813943658469879,0.5327084213928741,1920,36.0
310,38,West Ham United,Aston Villa,Marko_Arnautovic,4,7.0,0.0,True,0.6813943658469879,0.5327084213928741,1920,0.0
311,38,West Ham United,Aston Villa,Javier_Hernández Balcázar,4,6.0,0.0,True,0.6813943658469879,0.5327084213928741,1920,0.0
312,38,West Ham United,Aston Villa,Alexandre Nascimento_Costa Silva,4,4.3,1.0,True,0.6813943658469879,0.5327084213928741,1920,0.0
313,38,West Ham United,Aston Villa,Lukasz_Fabianski,1,4.9,1.0,True,0.6813943658469879,0.5327084213928741,1920,90.0
314,38,West Ham United,Aston Villa,Michail_Antonio,3,7.1,1.0,True,0.6813943658469879,0.5327084213928741,1920,84.8
315,38,West Ham United,Aston Villa,Felipe Anderson_Pereira Gomes,3,6.6,1.0,True,0.6813943658469879,0.5327084213928741,1920,0.0
316,38,West Ham United,Aston Villa,Manuel_Lanzini,3,6.1,1.0,True,0.6813943658469879,0.5327084213928741,1920,11.2
317,38,West Ham United,Aston Villa,Andriy_Yarmolenko,3,5.2,1.0,True,0.6813943658469879,0.5327084213928741,1920,18.6
318,38,West Ham United,Aston Villa,Robert_Snodgrass,3,5.0,0.25,True,0.6813943658469879,0.5327084213928741,1920,0.0
319,38,West Ham United,Aston Villa,Jack_Wilshere,3,4.6,1.0,True,0.6813943658469879,0.5327084213928741,1920,2.6
320,38,West Ham United,Aston Villa,Declan_Rice,3,4.7,1.0,True,0.6813943658469879,0.5327084213928741,1920,90.0
321,38,West Ham United,Aston Villa,Mark_Noble,3,4.9,1.0,True,0.6813943658469879,0.5327084213928741,1920,64.0
322,38,West Ham United,Aston Villa,Carlos_Sánchez,3,4.3,0.0,True,0.6813943658469879,0.5327084213928741,1920,0.0
323,38,West Ham United,Aston Villa,Grady_Diangana,3,4.3,0.0,True,0.6813943658469879,0.5327084213928741,1920,0.0
324,38,West Ham United,Aston Villa,Pablo_Fornals,3,6.0,1.0,True,0.6813943658469879,0.5327084213928741,1920,80.4
325,38,West Ham United,Aston Villa,Pedro_Obiang,3,4.5,0.0,True,0.6813943658469879,0.5327084213928741,1920,0.0
326,38,West Ham United,Aston Villa,Roberto_Jimenez Gago,1,4.4,0.0,True,0.6813943658469879,0.5327084213928741,1920,0.0
327,38,West Ham United,Aston Villa,Sébastien_Haller,4,6.8,1.0,True,0.6813943658469879,0.5327084213928741,1920,14.0
328,38,West Ham United,Aston Villa,Albian_Ajeti,4,5.6,1.0,True,0.6813943658469879,0.5327084213928741,1920,0.8
329,38,West Ham United,Aston Villa,David_Martin,1,3.9,1.0,True,0.6813943658469879,0.5327084213928741,1920,0.0
330,38,West Ham United,Aston Villa,Nathan_Holland,3,4.4,1.0,True,0.6813943658469879,0.5327084213928741,1920,0.0
331,38,West Ham United,Aston Villa,Joseph_Anang,1,4.0,1.0,True,0.6813943658469879,0.5327084213928741,1920,0.0
332,38,West Ham United,Aston Villa,Jeremy_Ngakia,2,4.0,0.0,True,0.6813943658469879,0.5327084213928741,1920,0.0
333,38,West Ham United,Aston Villa,Gonçalo Bento_Soares Cardoso,2,4.0,1.0,True,0.6813943658469879,0.5327084213928741,1920,0.0
334,38,West Ham United,Aston Villa,Bernardo_Costa Da Rosa,3,4.5,1.0,True,0.6813943658469879,0.5327084213928741,1920,0.0
335,38,West Ham United,Aston Villa,Darren_Randolph,1,3.9,1.0,True,0.6813943658469879,0.5327084213928741,1920,0.0
336,38,West Ham United,Aston Villa,Tomas_Soucek,3,4.8,1.0,True,0.6813943658469879,0.5327084213928741,1920,90.0
337,38,West Ham United,Aston Villa,Jarrod_Bowen,3,6.4,0.75,True,0.6813943658469879,0.5327084213928741,1920,64.80000000000001
338,38,West Ham United,Aston Villa,Alfie_Lewis,3,4.5,1.0,True,0.6813943658469879,0.5327084213928741,1920,0.0
339,38,West Ham United,Aston Villa,Conor_Coventry,3,4.5,1.0,True,0.6813943658469879,0.5327084213928741,1920,0.0
340,38,Watford,Arsenal,José_Holebas,2,4.6,0.0,False,0.5048111589049953,1.4964320346105078,1920,0.0
341,38,Watford,Arsenal,Christian_Kabasele,2,4.3,1.0,False,0.5048111589049953,1.4964320346105078,1920,90.0
342,38,Watford,Arsenal,Adam_Masina,2,4.3,1.0,False,0.5048111589049953,1.4964320346105078,1920,50.8
343,38,Watford,Arsenal,Adrian_Mariappa,2,4.1,1.0,False,0.5048111589049953,1.4964320346105078,1920,45.0
344,38,Watford,Arsenal,Francisco_Femenía Far,2,4.2,1.0,False,0.5048111589049953,1.4964320346105078,1920,84.6
345,38,Watford,Arsenal,Craig_Cathcart,2,4.1,1.0,False,0.5048111589049953,1.4964320346105078,1920,0.0
346,38,Watford,Arsenal,Daryl_Janmaat,2,4.0,0.0,False,0.5048111589049953,1.4964320346105078,1920,0.0
347,38,Watford,Arsenal,Marc_Navarro,2,3.9,0.0,False,0.5048111589049953,1.4964320346105078,1920,0.0
348,38,Watford,Arsenal,Sebastian_Prödl,2,3.9,0.0,False,0.5048111589049953,1.4964320346105078,1920,0.0
349,38,Watford,Arsenal,Troy_Deeney,4,6.2,1.0,False,0.5048111589049953,1.4964320346105078,1920,73.8
350,38,Watford,Arsenal,Gerard_Deulofeu,4,6.1,0.0,False,0.5048111589049953,1.4964320346105078,1920,0.0
351,38,Watford,Arsenal,Andre_Gray,4,5.5,1.0,False,0.5048111589049953,1.4964320346105078,1920,4.8
352,38,Watford,Arsenal,Isaac_Success Ajayi,4,4.7,0.0,False,0.5048111589049953,1.4964320346105078,1920,0.0
353,38,Watford,Arsenal,Ben_Foster,1,4.9,1.0,False,0.5048111589049953,1.4964320346105078,1920,90.0
354,38,Watford,Arsenal,Pontus_Dahlberg,1,4.2,0.0,False,0.5048111589049953,1.4964320346105078,1920,0.0
355,38,Watford,Arsenal,Abdoulaye_Doucouré,3,5.4,1.0,False,0.5048111589049953,1.4964320346105078,1920,84.4
356,38,Watford,Arsenal,Roberto_Pereyra,3,5.6,1.0,False,0.5048111589049953,1.4964320346105078,1920,18.6
357,38,Watford,Arsenal,Will_Hughes,3,5.3,1.0,False,0.5048111589049953,1.4964320346105078,1920,83.6
358,38,Watford,Arsenal,Tom_Cleverley,3,4.8,1.0,False,0.5048111589049953,1.4964320346105078,1920,48.4
359,38,Watford,Arsenal,Ken_Sema,3,4.7,0.0,False,0.5048111589049953,1.4964320346105078,1920,0.0
360,38,Watford,Arsenal,Etienne_Capoue,3,4.8,0.75,False,0.5048111589049953,1.4964320346105078,1920,43.6875
361,38,Watford,Arsenal,Nathaniel_Chalobah,3,4.4,1.0,False,0.5048111589049953,1.4964320346105078,1920,23.8
362,38,Watford,Arsenal,Domingos_Quina,3,4.3,1.0,False,0.5048111589049953,1.4964320346105078,1920,0.0
363,38,Watford,Arsenal,Craig_Dawson,2,4.8,1.0,False,0.5048111589049953,1.4964320346105078,1920,90.0
364,38,Watford,Arsenal,Danny_Welbeck,4,5.8,1.0,False,0.5048111589049953,1.4964320346105078,1920,64.0
365,38,Watford,Arsenal,Heurelho da Silva_Gomes,1,4.3,1.0,False,0.5048111589049953,1.4964320346105078,1920,0.0
366,38,Watford,Arsenal,Ismaïla_Sarr,3,5.9,1.0,False,0.5048111589049953,1.4964320346105078,1920,88.4
367,38,Watford,Arsenal,Dimitri_Foulquier,2,3.9,0.0,False,0.5048111589049953,1.4964320346105078,1920,0.0
368,38,Watford,Arsenal,Ayotomiwa_Dele-Bashiru,3,4.4,1.0,False,0.5048111589049953,1.4964320346105078,1920,0.0
369,38,Watford,Arsenal,João Pedro_Junqueira de Jesus,4,4.8,1.0,False,0.5048111589049953,1.4964320346105078,1920,0.8
370,38,Watford,Arsenal,Ignacio_Pussetto,3,4.6,1.0,False,0.5048111589049953,1.4964320346105078,1920,0.0
371,38,Watford,Arsenal,Adalberto_Peñaranda,4,4.5,1.0,False,0.5048111589049953,1.4964320346105078,1920,0.0
372,38,Brighton and Hove Albion,Burnley,Shane_Duffy,2,4.8,1.0,False,0.5033690544270122,0.3606007111066909,1920,1.0
373,38,Brighton and Hove Albion,Burnley,Martín_Montoya,2,4.3,1.0,False,0.5033690544270122,0.3606007111066909,1920,16.0
374,38,Brighton and Hove Albion,Burnley,Bernardo_Fernandes da Silva Junior,2,4.3,1.0,False,0.5033690544270122,0.3606007111066909,1920,21.6
375,38,Brighton and Hove Albion,Burnley,Leon_Balogun,2,4.3,0.0,False,0.5033690544270122,0.3606007111066909,1920,0.0
376,38,Brighton and Hove Albion,Burnley,Gaëtan_Bong,2,4.2,0.0,False,0.5033690544270122,0.3606007111066909,1920,0.0
377,38,Brighton and Hove Albion,Burnley,Lewis_Dunk,2,4.8,1.0,False,0.5033690544270122,0.3606007111066909,1920,90.0
378,38,Brighton and Hove Albion,Burnley,Matthew_Clarke,2,4.3,0.0,False,0.5033690544270122,0.3606007111066909,1920,0.0
379,38,Brighton and Hove Albion,Burnley,Glenn_Murray,4,5.4,1.0,False,0.5033690544270122,0.3606007111066909,1920,15.0
380,38,Brighton and Hove Albion,Burnley,Jürgen_Locadia,4,5.2,0.0,False,0.5033690544270122,0.3606007111066909,1920,0.0
381,38,Brighton and Hove Albion,Burnley,Florin_Andone,4,4.7,0.0,False,0.5033690544270122,0.3606007111066909,1920,0.0
382,38,Brighton and Hove Albion,Burnley,Mathew_Ryan,1,4.7,1.0,False,0.5033690544270122,0.3606007111066909,1920,90.0
383,38,Brighton and Hove Albion,Burnley,David_Button,1,3.9,1.0,False,0.5033690544270122,0.3606007111066909,1920,0.0
384,38,Brighton and Hove Albion,Burnley,Pascal_Groß,3,6.2,1.0,False,0.5033690544270122,0.3606007111066909,1920,47.2
385,38,Brighton and Hove Albion,Burnley,Alireza_Jahanbakhsh,3,5.8,0.75,False,0.5033690544270122,0.3606007111066909,1920,3.0
386,38,Brighton and Hove Albion,Burnley,José Heriberto_Izquierdo Mena,3,5.4,0.0,False,0.5033690544270122,0.3606007111066909,1920,0.0
387,38,Brighton and Hove Albion,Burnley,Anthony_Knockaert,3,5.3,0.0,False,0.5033690544270122,0.3606007111066909,1920,0.0
388,38,Brighton and Hove Albion,Burnley,Yves_Bissouma,3,5.0,1.0,False,0.5033690544270122,0.3606007111066909,1920,56.2
389,38,Brighton and Hove Albion,Burnley,Davy_Pröpper,3,4.8,1.0,False,0.5033690544270122,0.3606007111066909,1920,53.0
390,38,Brighton and Hove Albion,Burnley,Solomon_March,3,4.6,1.0,False,0.5033690544270122,0.3606007111066909,1920,21.4
391,38,Brighton and Hove Albion,Burnley,Beram_Kayal,3,4.2,1.0,False,0.5033690544270122,0.3606007111066909,1920,0.0
392,38,Brighton and Hove Albion,Burnley,Dale_Stephens,3,4.4,1.0,False,0.5033690544270122,0.3606007111066909,1920,62.4
393,38,Brighton and Hove Albion,Burnley,Leandro_Trossard,3,5.8,1.0,False,0.5033690544270122,0.3606007111066909,1920,80.4
394,38,Brighton and Hove Albion,Burnley,Dan_Burn,2,4.5,1.0,False,0.5033690544270122,0.3606007111066909,1920,74.4
395,38,Brighton and Hove Albion,Burnley,Adam_Webster,2,4.4,1.0,False,0.5033690544270122,0.3606007111066909,1920,90.0
396,38,Brighton and Hove Albion,Burnley,Neal_Maupay,4,5.7,1.0,False,0.5033690544270122,0.3606007111066909,1920,74.6
397,38,Brighton and Hove Albion,Burnley,Aaron_Mooy,3,4.7,1.0,False,0.5033690544270122,0.3606007111066909,1920,53.6
398,38,Brighton and Hove Albion,Burnley,Aaron_Connolly,4,4.2,1.0,False,0.5033690544270122,0.3606007111066909,1920,29.6
399,38,Brighton and Hove Albion,Burnley,Tudor_Baluta,2,4.0,0.0,False,0.5033690544270122,0.3606007111066909,1920,0.0
400,38,Brighton and Hove Albion,Burnley,Steven_Alzate,3,4.4,0.0,False,0.5033690544270122,0.3606007111066909,1920,0.0
401,38,Brighton and Hove Albion,Burnley,Ezequiel_Schelotto,2,3.9,1.0,False,0.5033690544270122,0.3606007111066909,1920,0.0
402,38,Brighton and Hove Albion,Burnley,Tariq_Lamptey,2,4.1,1.0,False,0.5033690544270122,0.3606007111066909,1920,72.6
403,38,Brighton and Hove Albion,Burnley,Alexis_Mac Allister,3,5.4,1.0,False,0.5033690544270122,0.3606007111066909,1920,25.4
404,38,Brighton and Hove Albion,Burnley,Alex_Cochrane,2,4.0,1.0,False,0.5033690544270122,0.3606007111066909,1920,0.0
405,38,Wolverhampton Wanderers,Chelsea,Matt_Doherty,2,6.5,1.0,False,0.735970561177553,2.064820109898307,1920,72.2
406,38,Wolverhampton Wanderers,Chelsea,Jonathan_Castro Otto,2,5.5,1.0,False,0.735970561177553,2.064820109898307,1920,73.2
407,38,Wolverhampton Wanderers,Chelsea,Conor_Coady,2,5.1,1.0,False,0.735970561177553,2.064820109898307,1920,90.0
408,38,Wolverhampton Wanderers,Chelsea,Willy_Boly,2,4.9,1.0,False,0.735970561177553,2.064820109898307,1920,90.0
409,38,Wolverhampton Wanderers,Chelsea,Rúben Gonçalo_Silva Nascimento Vinagre,2,4.1,1.0,False,0.735970561177553,2.064820109898307,1920,16.6
410,38,Wolverhampton Wanderers,Chelsea,Romain_Saïss,2,4.7,1.0,False,0.735970561177553,2.064820109898307,1920,72.0
411,38,Wolverhampton Wanderers,Chelsea,Max_Kilman,2,3.9,1.0,False,0.735970561177553,2.064820109898307,1920,0.0
412,38,Wolverhampton Wanderers,Chelsea,Raúl_Jiménez,4,8.0,1.0,False,0.735970561177553,2.064820109898307,1920,86.0
413,38,Wolverhampton Wanderers,Chelsea,Diogo_Jota,4,6.0,1.0,False,0.735970561177553,2.064820109898307,1920,50.8
414,38,Wolverhampton Wanderers,Chelsea,Rui Pedro_dos Santos Patrício,1,5.3,1.0,False,0.735970561177553,2.064820109898307,1920,90.0
415,38,Wolverhampton Wanderers,Chelsea,John_Ruddy,1,4.2,1.0,False,0.735970561177553,2.064820109898307,1920,0.0
416,38,Wolverhampton Wanderers,Chelsea,Will_Norris,1,3.9,0.0,False,0.735970561177553,2.064820109898307,1920,0.0
417,38,Wolverhampton Wanderers,Chelsea,Rúben Diogo_da Silva Neves,3,5.2,1.0,False,0.735970561177553,2.064820109898307,1920,90.0
418,38,Wolverhampton Wanderers,Chelsea,João Filipe Iria_Santos Moutinho,3,5.3,1.0,False,0.735970561177553,2.064820109898307,1920,74.0
419,38,Wolverhampton Wanderers,Chelsea,Morgan_Gibbs-White,3,4.7,1.0,False,0.735970561177553,2.064820109898307,1920,0.2
420,38,Wolverhampton Wanderers,Chelsea,Adama_Traoré,3,5.6,1.0,False,0.735970561177553,2.064820109898307,1920,71.6
421,38,Wolverhampton Wanderers,Chelsea,Hélder_Costa,3,4.8,0.0,False,0.735970561177553,2.064820109898307,1920,0.0
422,38,Wolverhampton Wanderers,Chelsea,Ivan_Cavaleiro,3,4.9,0.0,False,0.735970561177553,2.064820109898307,1920,0.0
423,38,Wolverhampton Wanderers,Chelsea,Leander_Dendoncker,3,4.4,1.0,False,0.735970561177553,2.064820109898307,1920,50.2
424,38,Wolverhampton Wanderers,Chelsea,Jesús_Vallejo Lázaro,2,4.6,0.0,False,0.735970561177553,2.064820109898307,1920,0.0
425,38,Wolverhampton Wanderers,Chelsea,Patrick_Cutrone,4,5.4,0.0,False,0.735970561177553,2.064820109898307,1920,0.0
426,38,Wolverhampton Wanderers,Chelsea,Pedro_Lomba Neto,3,4.9,1.0,False,0.735970561177553,2.064820109898307,1920,9.0
427,38,Wolverhampton Wanderers,Chelsea,Bernard_Ashley-Seal,4,4.5,0.0,False,0.735970561177553,2.064820109898307,1920,0.0
428,38,Wolverhampton Wanderers,Chelsea,Taylor_Perry,3,4.5,1.0,False,0.735970561177553,2.064820109898307,1920,0.0
429,38,Wolverhampton Wanderers,Chelsea,Owen_Otasowie,3,4.5,1.0,False,0.735970561177553,2.064820109898307,1920,0.0
430,38,Wolverhampton Wanderers,Chelsea,Luke_Cundle,3,4.5,1.0,False,0.735970561177553,2.064820109898307,1920,0.0
431,38,Wolverhampton Wanderers,Chelsea,Oskar_Buur,2,4.0,1.0,False,0.735970561177553,2.064820109898307,1920,0.0
432,38,Wolverhampton Wanderers,Chelsea,Ryan_Giles,2,3.9,0.0,False,0.735970561177553,2.064820109898307,1920,0.0
433,38,Wolverhampton Wanderers,Chelsea,Bruno André_Cavaco Jordao,3,4.5,1.0,False,0.735970561177553,2.064820109898307,1920,0.0
434,38,Wolverhampton Wanderers,Chelsea,Daniel_Castelo Podence,3,4.9,1.0,False,0.735970561177553,2.064820109898307,1920,42.0
435,38,Wolverhampton Wanderers,Chelsea,Leonardo_Campana,4,4.5,1.0,False,0.735970561177553,2.064820109898307,1920,0.0
436,38,Tottenham Hotspur,Crystal Palace,Ben_Davies,2,5.3,1.0,False,1.7379845346726674,0.42939904025460607,1920,90.0
437,38,Tottenham Hotspur,Crystal Palace,Jan_Vertonghen,2,5.2,1.0,False,1.7379845346726674,0.42939904025460607,1920,18.4
438,38,Tottenham Hotspur,Crystal Palace,Toby_Alderweireld,2,5.3,1.0,False,1.7379845346726674,0.42939904025460607,1920,90.0
439,38,Tottenham Hotspur,Crystal Palace,Davinson_Sánchez,2,5.3,1.0,False,1.7379845346726674,0.42939904025460607,1920,54.0
440,38,Tottenham Hotspur,Crystal Palace,Kieran_Trippier,2,5.5,0.0,False,1.7379845346726674,0.42939904025460607,1920,0.0
441,38,Tottenham Hotspur,Crystal Palace,Juan_Foyth,2,4.8,1.0,False,1.7379845346726674,0.42939904025460607,1920,0.0
442,38,Tottenham Hotspur,Crystal Palace,Serge_Aurier,2,5.1,1.0,False,1.7379845346726674,0.42939904025460607,1920,90.0
443,38,Tottenham Hotspur,Crystal Palace,Harry_Kane,4,11.0,1.0,False,1.7379845346726674,0.42939904025460607,1920,90.0
444,38,Tottenham Hotspur,Crystal Palace,Vincent_Janssen,4,4.5,0.0,False,1.7379845346726674,0.42939904025460607,1920,0.0
445,38,Tottenham Hotspur,Crystal Palace,Hugo_Lloris,1,5.3,1.0,False,1.7379845346726674,0.42939904025460607,1920,90.0
446,38,Tottenham Hotspur,Crystal Palace,Paulo_Gazzaniga,1,4.1,1.0,False,1.7379845346726674,0.42939904025460607,1920,0.0
447,38,Tottenham Hotspur,Crystal Palace,Heung-Min_Son,3,9.7,1.0,False,1.7379845346726674,0.42939904025460607,1920,78.0
448,38,Tottenham Hotspur,Crystal Palace,Christian_Eriksen,3,8.6,0.0,False,1.7379845346726674,0.42939904025460607,1920,0.0
449,38,Tottenham Hotspur,Crystal Palace,Bamidele_Alli,3,8.3,1.0,False,1.7379845346726674,0.42939904025460607,1920,0.0
450,38,Tottenham Hotspur,Crystal Palace,Lucas_Rodrigues Moura da Silva,3,7.0,1.0,False,1.7379845346726674,0.42939904025460607,1920,61.8
451,38,Tottenham Hotspur,Crystal Palace,Erik_Lamela,3,5.7,1.0,False,1.7379845346726674,0.42939904025460607,1920,28.0
452,38,Tottenham Hotspur,Crystal Palace,Harry_Winks,3,5.2,1.0,False,1.7379845346726674,0.42939904025460607,1920,90.0
453,38,Tottenham Hotspur,Crystal Palace,Victor_Wanyama,3,4.7,0.0,False,1.7379845346726674,0.42939904025460607,1920,0.0
454,38,Tottenham Hotspur,Crystal Palace,Moussa_Sissoko,3,4.8,1.0,False,1.7379845346726674,0.42939904025460607,1920,86.8
455,38,Tottenham Hotspur,Crystal Palace,Eric_Dier,3,4.8,1.0,False,1.7379845346726674,0.42939904025460607,1920,45.0
456,38,Tottenham Hotspur,Crystal Palace,Luke_Amos,3,4.4,0.0,False,1.7379845346726674,0.42939904025460607,1920,0.0
457,38,Tottenham Hotspur,Crystal Palace,Oliver_Skipp,3,4.2,1.0,False,1.7379845346726674,0.42939904025460607,1920,1.4
458,38,Tottenham Hotspur,Crystal Palace,Tanguy_Ndombele,3,5.8,0.0,False,1.7379845346726674,0.42939904025460607,1920,0.0
459,38,Tottenham Hotspur,Crystal Palace,Troy_Parrott,4,4.3,1.0,False,1.7379845346726674,0.42939904025460607,1920,0.0
460,38,Tottenham Hotspur,Crystal Palace,Giovani_Lo Celso,3,7.3,1.0,False,1.7379845346726674,0.42939904025460607,1920,71.2
461,38,Tottenham Hotspur,Crystal Palace,Ryan_Sessegnon,3,5.4,1.0,False,1.7379845346726674,0.42939904025460607,1920,0.0
462,38,Tottenham Hotspur,Crystal Palace,Georges-Kévin_Nkoudou,3,5.0,0.0,False,1.7379845346726674,0.42939904025460607,1920,0.0
463,38,Tottenham Hotspur,Crystal Palace,Alfie_Whiteman,1,4.0,1.0,False,1.7379845346726674,0.42939904025460607,1920,0.0
464,38,Tottenham Hotspur,Crystal Palace,Michel_Vorm,1,4.2,1.0,False,1.7379845346726674,0.42939904025460607,1920,0.0
465,38,Tottenham Hotspur,Crystal Palace,Brandon_Austin,1,4.0,1.0,False,1.7379845346726674,0.42939904025460607,1920,0.0
466,38,Tottenham Hotspur,Crystal Palace,Japhet_Tanganga,2,3.9,1.0,False,1.7379845346726674,0.42939904025460607,1920,0.0
467,38,Tottenham Hotspur,Crystal Palace,Gedson_Carvalho Fernandes,3,4.6,1.0,False,1.7379845346726674,0.42939904025460607,1920,0.4
468,38,Tottenham Hotspur,Crystal Palace,Steven_Bergwijn,3,6.9,1.0,False,1.7379845346726674,0.42939904025460607,1920,22.2
469,38,Tottenham Hotspur,Crystal Palace,Harvey_White,3,4.5,1.0,False,1.7379845346726674,0.42939904025460607,1920,0.0
470,38,Tottenham Hotspur,Crystal Palace,Dennis_Cirkin,2,4.0,1.0,False,1.7379845346726674,0.42939904025460607,1920,0.0
471,38,Bournemouth,Everton,Steve_Cook,2,5.0,1.0,False,0.613217633456824,1.0325965339764789,1920,57.5
472,38,Bournemouth,Everton,Nathan_Aké,2,4.8,0.5,False,0.613217633456824,1.0325965339764789,1920,36.5
473,38,Bournemouth,Everton,Charlie_Daniels,2,4.2,0.0,False,0.613217633456824,1.0325965339764789,1920,0.0
474,38,Bournemouth,Everton,Chris_Mepham,2,4.3,0.0,False,0.613217633456824,1.0325965339764789,1920,0.0
475,38,Bournemouth,Everton,Simon_Francis,2,4.3,0.25,False,0.613217633456824,1.0325965339764789,1920,0.0
476,38,Bournemouth,Everton,Adam_Smith,2,4.3,0.75,False,0.613217633456824,1.0325965339764789,1920,51.75
477,38,Bournemouth,Everton,Lloyd_Kelly,2,4.4,1.0,False,0.613217633456824,1.0325965339764789,1920,90.0
478,38,Bournemouth,Everton,Diego_Rico,2,4.2,1.0,False,0.613217633456824,1.0325965339764789,1920,90.0
479,38,Bournemouth,Everton,Jack_Simpson,2,3.9,1.0,False,0.613217633456824,1.0325965339764789,1920,0.0
480,38,Bournemouth,Everton,Callum_Wilson,4,7.4,1.0,False,0.613217633456824,1.0325965339764789,1920,72.5
481,38,Bournemouth,Everton,Joshua_King,4,6.1,1.0,False,0.613217633456824,1.0325965339764789,1920,62.0
482,38,Bournemouth,Everton,Dominic_Solanke,4,5.1,1.0,False,0.613217633456824,1.0325965339764789,1920,48.6
483,38,Bournemouth,Everton,Sam_Surridge,4,4.3,1.0,False,0.613217633456824,1.0325965339764789,1920,2.0
484,38,Bournemouth,Everton,Asmir_Begovic,1,4.2,0.0,False,0.613217633456824,1.0325965339764789,1920,0.0
485,38,Bournemouth,Everton,Artur_Boruc,1,4.2,1.0,False,0.613217633456824,1.0325965339764789,1920,0.0
486,38,Bournemouth,Everton,Mark_Travers,1,4.2,1.0,False,0.613217633456824,1.0325965339764789,1920,0.0
487,38,Bournemouth,Everton,Ryan_Fraser,3,6.8,0.0,False,0.613217633456824,1.0325965339764789,1920,0.0
488,38,Bournemouth,Everton,David_Brooks,3,6.1,1.0,False,0.613217633456824,1.0325965339764789,1920,44.0
489,38,Bournemouth,Everton,Junior_Stanislas,3,5.8,1.0,False,0.613217633456824,1.0325965339764789,1920,67.4
490,38,Bournemouth,Everton,Jordon_Ibe,3,4.6,0.0,False,0.613217633456824,1.0325965339764789,1920,0.0
491,38,Bournemouth,Everton,Lewis_Cook,3,5.0,1.0,False,0.613217633456824,1.0325965339764789,1920,23.0
492,38,Bournemouth,Everton,Andrew_Surman,3,4.7,1.0,False,0.613217633456824,1.0325965339764789,1920,0.0
493,38,Bournemouth,Everton,Dan_Gosling,3,4.8,1.0,False,0.613217633456824,1.0325965339764789,1920,46.2
494,38,Bournemouth,Everton,Jefferson_Lerma,3,4.8,1.0,False,0.613217633456824,1.0325965339764789,1920,88.2
495,38,Bournemouth,Everton,Jack_Stacey,2,4.3,1.0,False,0.613217633456824,1.0325965339764789,1920,62.0
496,38,Bournemouth,Everton,Philip_Billing,3,4.9,1.0,False,0.613217633456824,1.0325965339764789,1920,48.8
497,38,Bournemouth,Everton,Arnaut_Danjuma Groeneveld,3,5.8,1.0,False,0.613217633456824,1.0325965339764789,1920,18.0
498,38,Bournemouth,Everton,Aaron_Ramsdale,1,4.4,1.0,False,0.613217633456824,1.0325965339764789,1920,90.0
499,38,Bournemouth,Everton,Harry_Wilson,3,5.7,1.0,False,0.613217633456824,1.0325965339764789,1920,21.2
500,38,Bournemouth,Everton,Christian_Saydee,3,4.5,1.0,False,0.613217633456824,1.0325965339764789,1920,0.0
501,38,Bournemouth,Everton,Gavin_Kilkenny,3,4.5,1.0,False,0.613217633456824,1.0325965339764789,1920,0.0
502,38,Bournemouth,Everton,Mihai-Alexandru_Dobre,3,4.4,0.0,False,0.613217633456824,1.0325965339764789,1920,0.0
503,38,Manchester United,Leicester City,Aaron_Wan-Bissaka,2,5.5,1.0,False,1.640219796613541,1.0445311917253042,1920,76.0
504,38,Manchester United,Leicester City,Harry_Maguire,2,5.3,1.0,False,1.640219796613541,1.0445311917253042,1920,90.0
505,38,Manchester United,Leicester City,Chris_Smalling,2,5.2,0.0,False,1.640219796613541,1.0445311917253042,1920,0.0
506,38,Manchester United,Leicester City,Ashley_Young,2,5.4,0.0,False,1.640219796613541,1.0445311917253042,1920,0.0
507,38,Manchester United,Leicester City,Victor_Lindelöf,2,5.3,1.0,False,1.640219796613541,1.0445311917253042,1920,78.75
508,38,Manchester United,Leicester City,Luke_Shaw,2,5.4,0.5,False,1.640219796613541,1.0445311917253042,1920,42.333333333333336
509,38,Manchester United,Leicester City,Marcos_Rojo,2,4.8,0.0,False,1.640219796613541,1.0445311917253042,1920,0.0
510,38,Manchester United,Leicester City,Eric_Bailly,2,4.7,0.75,False,1.640219796613541,1.0445311917253042,1920,6.75
511,38,Manchester United,Leicester City,José Diogo_Dalot Teixeira,2,4.9,1.0,False,1.640219796613541,1.0445311917253042,1920,0.0
512,38,Manchester United,Leicester City,Matteo_Darmian,2,4.9,0.0,False,1.640219796613541,1.0445311917253042,1920,0.0
513,38,Manchester United,Leicester City,Phil_Jones,2,4.7,0.0,False,1.640219796613541,1.0445311917253042,1920,0.0
514,38,Manchester United,Leicester City,Romelu_Lukaku,4,8.5,0.0,False,1.640219796613541,1.0445311917253042,1920,0.0
515,38,Manchester United,Leicester City,Marcus_Rashford,4,8.9,1.0,False,1.640219796613541,1.0445311917253042,1920,86.6
516,38,Manchester United,Leicester City,Mason_Greenwood,4,4.8,1.0,False,1.640219796613541,1.0445311917253042,1920,77.2
517,38,Manchester United,Leicester City,David_de Gea,1,5.3,1.0,False,1.640219796613541,1.0445311917253042,1920,90.0
518,38,Manchester United,Leicester City,Sergio_Romero,1,4.6,1.0,False,1.640219796613541,1.0445311917253042,1920,0.0
519,38,Manchester United,Leicester City,Lee_Grant,1,4.7,1.0,False,1.640219796613541,1.0445311917253042,1920,0.0
520,38,Manchester United,Leicester City,Paul_Pogba,3,8.3,1.0,False,1.640219796613541,1.0445311917253042,1920,84.4
521,38,Manchester United,Leicester City,Anthony_Martial,3,8.5,1.0,False,1.640219796613541,1.0445311917253042,1920,85.4
522,38,Manchester United,Leicester City,Alexis_Sánchez,3,6.8,0.0,False,1.640219796613541,1.0445311917253042,1920,0.0
523,38,Manchester United,Leicester City,Jesse_Lingard,3,6.3,1.0,False,1.640219796613541,1.0445311917253042,1920,5.6
524,38,Manchester United,Leicester City,Juan_Mata,3,6.1,1.0,False,1.640219796613541,1.0445311917253042,1920,2.0
525,38,Manchester United,Leicester City,Daniel_James,3,5.7,1.0,False,1.640219796613541,1.0445311917253042,1920,6.4
526,38,Manchester United,Leicester City,Frederico_Rodrigues de Paula Santos,3,5.1,1.0,False,1.640219796613541,1.0445311917253042,1920,13.8
527,38,Manchester United,Leicester City,Angel_Gomes,3,4.7,0.0,False,1.640219796613541,1.0445311917253042,1920,0.0
528,38,Manchester United,Leicester City,Andreas_Pereira,3,4.7,1.0,False,1.640219796613541,1.0445311917253042,1920,0.0
529,38,Manchester United,Leicester City,Nemanja_Matic,3,4.8,1.0,False,1.640219796613541,1.0445311917253042,1920,67.6
530,38,Manchester United,Leicester City,Scott_McTominay,3,4.8,1.0,False,1.640219796613541,1.0445311917253042,1920,18.4
531,38,Manchester United,Leicester City,Tahith_Chong,3,4.2,1.0,False,1.640219796613541,1.0445311917253042,1920,0.0
532,38,Manchester United,Leicester City,James_Garner,3,4.3,1.0,False,1.640219796613541,1.0445311917253042,1920,0.0
533,38,Manchester United,Leicester City,Axel_Tuanzebe,2,4.4,0.0,False,1.640219796613541,1.0445311917253042,1920,0.0
534,38,Manchester United,Leicester City,Brandon_Williams,2,3.8,1.0,False,1.640219796613541,1.0445311917253042,1920,13.0
535,38,Manchester United,Leicester City,Bruno Miguel_Borges Fernandes,3,9.0,1.0,False,1.640219796613541,1.0445311917253042,1920,84.6
536,38,Manchester United,Leicester City,Odion_Ighalo,4,5.9,1.0,False,1.640219796613541,1.0445311917253042,1920,5.2
537,38,Manchester United,Leicester City,Timothy_Fosu-Mensah,2,4.5,1.0,False,1.640219796613541,1.0445311917253042,1920,45.0
538,38,Norwich,Manchester City,Timm_Klose,2,4.3,0.0,False,0.31199184465053836,2.4688580024366598,1920,0.0
539,38,Norwich,Manchester City,Ben_Godfrey,2,4.4,1.0,False,0.31199184465053836,2.4688580024366598,1920,90.0
540,38,Norwich,Manchester City,Maximillian_Aarons,2,4.2,1.0,False,0.31199184465053836,2.4688580024366598,1920,90.0
541,38,Norwich,Manchester City,Christoph_Zimmermann,2,4.4,1.0,False,0.31199184465053836,2.4688580024366598,1920,0.0
542,38,Norwich,Manchester City,Jamal_Lewis,2,4.4,1.0,False,0.31199184465053836,2.4688580024366598,1920,90.0
543,38,Norwich,Manchester City,Grant_Hanley,2,4.0,0.0,False,0.31199184465053836,2.4688580024366598,1920,0.0
544,38,Norwich,Manchester City,Teemu_Pukki,4,6.4,1.0,False,0.31199184465053836,2.4688580024366598,1920,36.8
545,38,Norwich,Manchester City,Dennis_Srbeny,4,5.2,0.0,False,0.31199184465053836,2.4688580024366598,1920,0.0
546,38,Norwich,Manchester City,Tim_Krul,1,4.6,1.0,False,0.31199184465053836,2.4688580024366598,1920,90.0
547,38,Norwich,Manchester City,Michael_McGovern,1,4.1,1.0,False,0.31199184465053836,2.4688580024366598,1920,0.0
548,38,Norwich,Manchester City,Mario_Vrancic,3,6.2,1.0,False,0.31199184465053836,2.4688580024366598,1920,36.0
549,38,Norwich,Manchester City,Emiliano_Buendía,3,6.0,0.0,False,0.31199184465053836,2.4688580024366598,1920,0.0
550,38,Norwich,Manchester City,Onel_Hernández,3,5.3,1.0,False,0.31199184465053836,2.4688580024366598,1920,76.0
551,38,Norwich,Manchester City,Marco_Stiepermann,3,5.0,1.0,False,0.31199184465053836,2.4688580024366598,1920,30.8
552,38,Norwich,Manchester City,Kenny_McLean,3,4.8,1.0,False,0.31199184465053836,2.4688580024366598,1920,70.5
553,38,Norwich,Manchester City,Todd_Cantwell,3,4.5,1.0,False,0.31199184465053836,2.4688580024366598,1920,56.0
554,38,Norwich,Manchester City,Moritz_Leitner,3,4.3,0.0,False,0.31199184465053836,2.4688580024366598,1920,0.0
555,38,Norwich,Manchester City,Alexander_Tettey,3,4.4,0.0,False,0.31199184465053836,2.4688580024366598,1920,0.0
556,38,Norwich,Manchester City,Tom_Trybull,3,4.3,1.0,False,0.31199184465053836,2.4688580024366598,1920,0.0
557,38,Norwich,Manchester City,Josip_Drmic,4,5.3,0.0,False,0.31199184465053836,2.4688580024366598,1920,0.0
558,38,Norwich,Manchester City,Patrick_Roberts,3,5.0,0.0,False,0.31199184465053836,2.4688580024366598,1920,0.0
559,38,Norwich,Manchester City,Ralf_Fahrmann,1,4.4,0.0,False,0.31199184465053836,2.4688580024366598,1920,0.0
560,38,Norwich,Manchester City,Sam_Byram,2,4.3,0.0,False,0.31199184465053836,2.4688580024366598,1920,0.0
561,38,Norwich,Manchester City,Philip_Heise,2,3.9,0.0,False,0.31199184465053836,2.4688580024366598,1920,0.0
562,38,Norwich,Manchester City,Ibrahim_Amadou,3,4.5,0.0,False,0.31199184465053836,2.4688580024366598,1920,0.0
563,38,Norwich,Manchester City,Adam_Idah,4,4.4,1.0,False,0.31199184465053836,2.4688580024366598,1920,14.6
564,38,Norwich,Manchester City,Archie_Mair,1,4.0,0.0,False,0.31199184465053836,2.4688580024366598,1920,0.0
565,38,Norwich,Manchester City,Akin_Famewo,2,3.9,1.0,False,0.31199184465053836,2.4688580024366598,1920,0.0
566,38,Norwich,Manchester City,Ondrej_Duda,3,4.4,0.0,False,0.31199184465053836,2.4688580024366598,1920,0.0
567,38,Norwich,Manchester City,Lukas_Rupp,3,4.4,1.0,False,0.31199184465053836,2.4688580024366598,1920,24.4
568,38,Norwich,Manchester City,Josh_Martin,3,4.5,1.0,False,0.31199184465053836,2.4688580024366598,1920,5.6
569,38,Norwich,Manchester City,Jordan_Thomas,2,4.0,1.0,False,0.31199184465053836,2.4688580024366598,1920,0.0
570,38,Liverpool,Newcastle United,Andrew_Robertson,2,7.0,1.0,False,2.451453293219623,0.6034461324249734,1920,81.0
571,38,Liverpool,Newcastle United,Trent_Alexander-Arnold,2,7.7,1.0,False,2.451453293219623,0.6034461324249734,1920,76.2
572,38,Liverpool,Newcastle United,Virgil_van Dijk,2,6.5,1.0,False,2.451453293219623,0.6034461324249734,1920,90.0
573,38,Liverpool,Newcastle United,Joseph_Gomez,2,5.3,1.0,False,2.451453293219623,0.6034461324249734,1920,90.0
574,38,Liverpool,Newcastle United,Joel_Matip,2,5.2,0.0,False,2.451453293219623,0.6034461324249734,1920,0.0
575,38,Liverpool,Newcastle United,Dejan_Lovren,2,5.3,1.0,False,2.451453293219623,0.6034461324249734,1920,0.0
576,38,Liverpool,Newcastle United,Roberto_Firmino,4,9.3,1.0,False,2.451453293219623,0.6034461324249734,1920,70.2
577,38,Liverpool,Newcastle United,Divock_Origi,4,5.1,1.0,False,2.451453293219623,0.6034461324249734,1920,14.0
578,38,Liverpool,Newcastle United,Alisson_Ramses Becker,1,6.2,1.0,False,2.451453293219623,0.6034461324249734,1920,90.0
579,38,Liverpool,Newcastle United,Simon_Mignolet,1,4.5,0.0,False,2.451453293219623,0.6034461324249734,1920,0.0
580,38,Liverpool,Newcastle United,Mohamed_Salah,3,12.5,1.0,False,2.451453293219623,0.6034461324249734,1920,86.0
581,38,Liverpool,Newcastle United,Sadio_Mané,3,12.1,1.0,False,2.451453293219623,0.6034461324249734,1920,77.0
582,38,Liverpool,Newcastle United,Alex_Oxlade-Chamberlain,3,6.1,1.0,False,2.451453293219623,0.6034461324249734,1920,40.0
583,38,Liverpool,Newcastle United,Xherdan_Shaqiri,3,6.3,1.0,False,2.451453293219623,0.6034461324249734,1920,1.75
584,38,Liverpool,Newcastle United,Adam_Lallana,3,5.7,1.0,False,2.451453293219623,0.6034461324249734,1920,0.0
585,38,Liverpool,Newcastle United,Naby_Keita,3,5.8,1.0,False,2.451453293219623,0.6034461324249734,1920,51.8
586,38,Liverpool,Newcastle United,Fabio Henrique_Tavares,3,5.4,1.0,False,2.451453293219623,0.6034461324249734,1920,71.8
587,38,Liverpool,Newcastle United,Jordan_Henderson,3,5.2,0.0,False,2.451453293219623,0.6034461324249734,1920,0.0
588,38,Liverpool,Newcastle United,Georginio_Wijnaldum,3,5.4,1.0,False,2.451453293219623,0.6034461324249734,1920,69.2
589,38,Liverpool,Newcastle United,James_Milner,3,5.3,1.0,False,2.451453293219623,0.6034461324249734,1920,0.0
590,38,Liverpool,Newcastle United,Rafael_Camacho,3,4.5,0.0,False,2.451453293219623,0.6034461324249734,1920,0.0
591,38,Liverpool,Newcastle United,Rhian_Brewster,4,4.2,0.0,False,2.451453293219623,0.6034461324249734,1920,0.0
592,38,Liverpool,Newcastle United,Adrián_San Miguel del Castillo,1,4.0,1.0,False,2.451453293219623,0.6034461324249734,1920,0.0
593,38,Liverpool,Newcastle United,Andy_Lonergan,1,4.2,1.0,False,2.451453293219623,0.6034461324249734,1920,0.0
594,38,Liverpool,Newcastle United,Caoimhin_Kelleher,1,4.4,1.0,False,2.451453293219623,0.6034461324249734,1920,0.0
595,38,Liverpool,Newcastle United,Harvey_Elliott,3,4.5,1.0,False,2.451453293219623,0.6034461324249734,1920,0.0
596,38,Liverpool,Newcastle United,Curtis_Jones,3,4.5,1.0,False,2.451453293219623,0.6034461324249734,1920,19.4
597,38,Liverpool,Newcastle United,Neco_Williams,2,4.0,1.0,False,2.451453293219623,0.6034461324249734,1920,22.8
598,38,Liverpool,Newcastle United,Nathaniel_Phillips,2,3.9,0.0,False,2.451453293219623,0.6034461324249734,1920,0.0
599,38,Liverpool,Newcastle United,Takumi_Minamino,3,5.8,1.0,False,2.451453293219623,0.6034461324249734,1920,7.0
600,38,Liverpool,Newcastle United,Ki-Jana_Hoever,2,3.9,1.0,False,2.451453293219623,0.6034461324249734,1920,0.0
601,38,Sheffield United,Southampton,Lys_Mousset,4,4.3,1.0,False,0.3001069146423333,0.4860886645615257,1920,26.4
602,38,Sheffield United,Southampton,Enda_Stevens,2,5.2,1.0,False,0.3001069146423333,0.4860886645615257,1920,90.0
603,38,Sheffield United,Southampton,Kieron_Freeman,2,4.2,1.0,False,0.3001069146423333,0.4860886645615257,1920,0.0
604,38,Sheffield United,Southampton,Jack_O'Connell,2,4.5,1.0,False,0.3001069146423333,0.4860886645615257,1920,90.0
605,38,Sheffield United,Southampton,George_Baldock,2,5.0,1.0,False,0.3001069146423333,0.4860886645615257,1920,90.0
606,38,Sheffield United,Southampton,John_Egan,2,4.7,1.0,False,0.3001069146423333,0.4860886645615257,1920,90.0
607,38,Sheffield United,Southampton,Richard_Stearman,2,3.9,0.0,False,0.3001069146423333,0.4860886645615257,1920,0.0
608,38,Sheffield United,Southampton,John_Lundstram,2,4.6,1.0,False,0.3001069146423333,0.4860886645615257,1920,31.0
609,38,Sheffield United,Southampton,Billy_Sharp,4,5.2,1.0,False,0.3001069146423333,0.4860886645615257,1920,33.4
610,38,Sheffield United,Southampton,Jake_Eastwood,1,4.3,1.0,False,0.3001069146423333,0.4860886645615257,1920,0.0
611,38,Sheffield United,Southampton,Mark_Duffy,3,5.2,0.0,False,0.3001069146423333,0.4860886645615257,1920,0.0
612,38,Sheffield United,Southampton,John_Fleck,3,4.7,1.0,False,0.3001069146423333,0.4860886645615257,1920,30.0
613,38,Sheffield United,Southampton,Oliver_Norwood,3,4.7,1.0,False,0.3001069146423333,0.4860886645615257,1920,78.2
614,38,Sheffield United,Southampton,David_McGoldrick,4,5.4,1.0,False,0.3001069146423333,0.4860886645615257,1920,56.25
615,38,Sheffield United,Southampton,Chris_Basham,2,4.6,1.0,False,0.3001069146423333,0.4860886645615257,1920,78.25
616,38,Sheffield United,Southampton,Simon_Moore,1,4.3,1.0,False,0.3001069146423333,0.4860886645615257,1920,0.0
617,38,Sheffield United,Southampton,Luke_Freeman,3,5.0,0.25,False,0.3001069146423333,0.4860886645615257,1920,0.0
618,38,Sheffield United,Southampton,Phil_Jagielka,2,4.1,1.0,False,0.3001069146423333,0.4860886645615257,1920,4.4
619,38,Sheffield United,Southampton,Callum_Robinson,3,4.9,0.0,False,0.3001069146423333,0.4860886645615257,1920,0.0
620,38,Sheffield United,Southampton,Ravel_Morrison,3,4.5,0.0,False,0.3001069146423333,0.4860886645615257,1920,0.0
621,38,Sheffield United,Southampton,Dean_Henderson,1,5.2,1.0,False,0.3001069146423333,0.4860886645615257,1920,90.0
622,38,Sheffield United,Southampton,Ben_Osborn,3,4.7,1.0,False,0.3001069146423333,0.4860886645615257,1920,74.8
623,38,Sheffield United,Southampton,Oliver_McBurnie,4,5.5,1.0,False,0.3001069146423333,0.4860886645615257,1920,66.75
624,38,Sheffield United,Southampton,Michael_Verrips,1,4.4,1.0,False,0.3001069146423333,0.4860886645615257,1920,0.0
625,38,Sheffield United,Southampton,Muhamed_Bešić,3,4.3,0.0,False,0.3001069146423333,0.4860886645615257,1920,0.0
626,38,Sheffield United,Southampton,Leon_Clarke,4,4.4,1.0,False,0.3001069146423333,0.4860886645615257,1920,0.0
627,38,Sheffield United,Southampton,Jack_Rodwell,3,4.5,1.0,False,0.3001069146423333,0.4860886645615257,1920,3.0
628,38,Sheffield United,Southampton,Jack_Robinson,2,4.0,1.0,False,0.3001069146423333,0.4860886645615257,1920,10.8
629,38,Sheffield United,Southampton,Sander_Berge,3,4.7,1.0,False,0.3001069146423333,0.4860886645615257,1920,75.4
630,38,Sheffield United,Southampton,Richairo_Zivkovic,4,4.7,1.0,False,0.3001069146423333,0.4860886645615257,1920,5.2
631,38,Sheffield United,Southampton,Panagiotis_Retsos,2,4.5,0.0,False,0.3001069146423333,0.4860886645615257,1920,0.0
632,38,Aston Villa,West Ham United,Ahmed_El Mohamady,2,4.1,0.0,False,0.5327084213928741,0.6813943658469879,1920,0.0
633,38,Aston Villa,West Ham United,James_Chester,2,4.2,0.0,False,0.5327084213928741,0.6813943658469879,1920,0.0
634,38,Aston Villa,West Ham United,Neil_Taylor,2,4.2,0.75,False,0.5327084213928741,0.6813943658469879,1920,54.0
635,38,Aston Villa,West Ham United,Kortney_Hause,2,4.4,1.0,False,0.5327084213928741,0.6813943658469879,1920,60.0
636,38,Aston Villa,West Ham United,Jonathan_Kodjia,4,5.4,0.0,False,0.5327084213928741,0.6813943658469879,1920,0.0
637,38,Aston Villa,West Ham United,Ørjan_Nyland,1,4.3,1.0,False,0.5327084213928741,0.6813943658469879,1920,0.0
638,38,Aston Villa,West Ham United,Conor_Hourihane,3,5.7,1.0,False,0.5327084213928741,0.6813943658469879,1920,54.6
639,38,Aston Villa,West Ham United,Jack_Grealish,3,5.9,1.0,False,0.5327084213928741,0.6813943658469879,1920,90.0
640,38,Aston Villa,West Ham United,Anwar_El Ghazi,3,5.2,1.0,False,0.5327084213928741,0.6813943658469879,1920,31.6
641,38,Aston Villa,West Ham United,John_McGinn,3,5.2,1.0,False,0.5327084213928741,0.6813943658469879,1920,83.6
642,38,Aston Villa,West Ham United,Andre_Green,3,4.8,0.0,False,0.5327084213928741,0.6813943658469879,1920,0.0
643,38,Aston Villa,West Ham United,Birkir_Bjarnason,3,4.5,0.0,False,0.5327084213928741,0.6813943658469879,1920,0.0
644,38,Aston Villa,West Ham United,Keinan_Davis,3,4.2,1.0,False,0.5327084213928741,0.6813943658469879,1920,31.6
645,38,Aston Villa,West Ham United,Henri_Lansbury,3,4.4,1.0,False,0.5327084213928741,0.6813943658469879,1920,0.2
646,38,Aston Villa,West Ham United,José Ignacio_Peleteiro Romallo,3,5.7,1.0,False,0.5327084213928741,0.6813943658469879,1920,3.2
647,38,Aston Villa,West Ham United,Tom_Heaton,1,4.3,0.0,False,0.5327084213928741,0.6813943658469879,1920,0.0
648,38,Aston Villa,West Ham United,Daniel_Drinkwater,3,4.4,0.75,False,0.5327084213928741,0.6813943658469879,1920,0.0
649,38,Aston Villa,West Ham United,Matt_Targett,2,4.3,1.0,False,0.5327084213928741,0.6813943658469879,1920,90.0
650,38,Aston Villa,West Ham United,Wesley_Moraes,4,5.4,0.0,False,0.5327084213928741,0.6813943658469879,1920,0.0
651,38,Aston Villa,West Ham United,Jed_Steer,1,4.3,1.0,False,0.5327084213928741,0.6813943658469879,1920,0.0
652,38,Aston Villa,West Ham United,Tyrone_Mings,2,4.4,1.0,False,0.5327084213928741,0.6813943658469879,1920,90.0
653,38,Aston Villa,West Ham United,Ezri_Konsa Ngoyo,2,4.3,1.0,False,0.5327084213928741,0.6813943658469879,1920,90.0
654,38,Aston Villa,West Ham United,Bjorn_Engels,2,4.3,0.25,False,0.5327084213928741,0.6813943658469879,1920,0.0
655,38,Aston Villa,West Ham United,Frédéric_Guilbert,2,4.3,1.0,False,0.5327084213928741,0.6813943658469879,1920,16.25
656,38,Aston Villa,West Ham United,Mahmoud Ahmed_Ibrahim Hassan,3,5.2,1.0,False,0.5327084213928741,0.6813943658469879,1920,82.8
657,38,Aston Villa,West Ham United,Douglas Luiz_Soares de Paulo,3,4.3,1.0,False,0.5327084213928741,0.6813943658469879,1920,88.6
658,38,Aston Villa,West Ham United,Lovre_Kalinic,1,4.2,0.0,False,0.5327084213928741,0.6813943658469879,1920,0.0
659,38,Aston Villa,West Ham United,Marvelous_Nakamba,3,4.4,1.0,False,0.5327084213928741,0.6813943658469879,1920,11.6
660,38,Aston Villa,West Ham United,Indiana_Vassilev,3,4.5,1.0,False,0.5327084213928741,0.6813943658469879,1920,2.2
661,38,Aston Villa,West Ham United,José_Reina,1,4.2,1.0,False,0.5327084213928741,0.6813943658469879,1920,90.0
662,38,Aston Villa,West Ham United,Mbwana_Samatta,4,5.1,1.0,False,0.5327084213928741,0.6813943658469879,1920,57.4
663,38,Aston Villa,West Ham United,Borja_González Tomás,4,5.3,0.0,False,0.5327084213928741,0.6813943658469879,1920,0.0
664,38,Aston Villa,West Ham United,Kaine_Hayden,3,4.5,1.0,False,0.5327084213928741,0.6813943658469879,1920,0.0
